t_ms,rawX,rawY,rawZ,rawG,sixX,sixY,sixZ,sixG,calX,calY,calZ,calG,calByte,zeroRef
1706,508,488,397,5,515,488,397,5,512,498,400,1023,119,521
1707,508,488,397,491,515,488,397,491,512,498,400,542,119,521
1714,508,488,397,491,515,488,397,491,512,498,400,542,119,521
1724,508,488,397,491,515,488,397,491,512,498,400,542,119,521
1734,508,488,397,491,515,488,397,491,512,498,400,542,119,521
1744,508,488,397,491,515,488,397,491,512,498,400,542,119,521
1754,508,488,397,491,515,488,397,491,512,498,400,542,119,521
1764,508,488,397,491,515,488,397,491,512,498,400,542,119,521
1774,508,488,397,491,515,488,397,491,512,498,400,542,119,521
1784,508,489,397,491,515,489,397,491,512,499,400,542,119,521
1794,508,488,397,491,515,488,397,491,512,498,400,542,119,521
1804,508,488,397,491,515,488,397,491,512,498,400,542,119,521
1814,508,489,397,491,515,489,397,491,512,499,400,542,119,521
1824,508,488,397,491,515,488,397,491,512,498,400,542,119,521
1834,508,488,397,491,515,488,397,491,512,498,400,542,119,521
1844,509,489,397,491,514,489,397,491,512,499,400,542,119,521
1854,509,488,397,491,514,488,397,491,512,498,400,542,119,521
1864,508,489,397,491,515,489,397,491,512,499,400,542,119,521
1874,509,489,397,491,514,489,397,491,512,499,400,542,119,521
1884,508,488,397,491,515,488,397,491,512,498,400,542,119,521
1894,508,488,397,491,515,488,397,491,512,498,400,542,119,521
1904,508,488,397,491,515,488,397,491,512,498,400,542,119,521
1914,508,488,397,491,515,488,397,491,512,498,400,542,119,521
1924,508,488,397,491,515,488,397,491,512,498,400,542,119,521
1934,508,488,397,491,515,488,397,491,512,498,400,542,119,521
1944,508,488,397,491,515,488,397,491,512,498,400,542,119,521
1954,508,488,397,491,515,488,397,491,512,498,400,542,119,521
1964,509,488,397,491,514,488,397,491,512,498,400,542,119,521
1974,508,488,397,491,515,488,397,491,512,498,400,542,119,521
1984,508,488,397,491,515,488,397,491,512,498,400,542,119,521
1994,508,488,397,491,515,488,397,491,512,498,400,542,119,521
2004,508,488,397,491,515,488,397,491,512,498,400,542,119,521
2014,508,489,397,491,515,489,397,491,512,499,400,542,119,521
2024,508,489,397,491,515,489,397,491,512,499,400,542,119,521
2034,508,489,397,491,515,489,397,491,512,499,400,542,119,521
2044,508,489,397,491,515,489,397,491,512,499,400,542,119,521
2054,508,489,397,491,515,489,397,491,512,499,400,542,119,521
2064,508,488,397,491,515,488,397,491,512,498,400,542,119,521
2074,508,488,397,491,515,488,397,491,512,498,400,542,119,521
2084,508,488,397,491,515,488,397,491,512,498,400,542,119,521
2094,508,488,397,491,515,488,397,491,512,498,400,542,119,521
2104,508,488,397,491,515,488,397,491,512,498,400,542,119,521
2114,508,488,397,491,515,488,397,491,512,498,400,542,119,521
2124,508,488,397,491,515,488,397,491,512,498,400,542,119,521
2134,508,488,397,491,515,488,397,491,512,498,400,542,119,521
2144,509,489,397,491,514,489,397,491,512,499,400,542,119,521
2154,508,488,397,491,515,488,397,491,512,498,400,542,119,521
2164,508,488,397,491,515,488,397,491,512,498,400,542,119,521
2174,508,489,397,491,515,489,397,491,512,499,400,542,119,521
2184,509,489,397,491,514,489,397,491,512,499,400,542,119,521
2194,509,488,397,491,514,488,397,491,512,498,400,542,119,521
2204,509,489,397,491,514,489,397,491,512,499,400,542,119,521
2214,508,489,397,491,515,489,397,491,512,499,400,542,119,521
2224,508,488,397,491,515,488,397,491,512,498,400,542,119,521
2234,508,489,397,491,515,489,397,491,512,499,400,542,119,521
2244,508,489,397,491,515,489,397,491,512,499,400,542,119,521
2254,508,488,397,491,515,488,397,491,512,498,400,542,119,521
2264,508,488,397,491,515,488,397,491,512,498,400,542,119,521
2274,508,488,397,491,515,488,397,491,512,498,400,542,119,521
2284,508,488,397,491,515,488,397,491,512,498,400,542,119,521
2294,508,488,397,491,515,488,397,491,512,498,400,542,119,521
2304,508,488,397,491,515,488,397,491,512,498,400,542,119,521
2314,508,488,397,491,515,488,397,491,512,498,400,542,119,521
2324,508,489,397,491,515,489,397,491,512,499,400,542,119,521
2334,508,488,397,492,515,488,397,492,512,498,400,541,119,521
2344,508,489,397,491,515,489,397,491,512,499,400,542,119,521
2354,508,489,397,491,515,489,397,491,512,499,400,542,119,521
2364,508,489,397,491,515,489,397,491,512,499,400,542,119,521
2374,508,489,397,491,515,489,397,491,512,499,400,542,119,521
2384,508,489,397,491,515,489,397,491,512,499,400,542,119,521
2394,508,488,397,492,515,488,397,492,512,498,400,541,119,521
2404,508,488,397,491,515,488,397,491,512,498,400,542,119,521
2414,508,489,397,491,515,489,397,491,512,499,400,542,119,521
2424,508,488,397,491,515,488,397,491,512,498,400,542,119,521
2434,508,488,397,491,515,488,397,491,512,498,400,542,119,521
2444,508,489,397,491,515,489,397,491,512,499,400,542,119,521
2454,508,488,397,491,515,488,397,491,512,498,400,542,119,521
2464,508,488,397,491,515,488,397,491,512,498,400,542,119,521
2474,508,488,397,491,515,488,397,491,512,498,400,542,119,521
2484,508,488,397,491,515,488,397,491,512,498,400,542,119,521
2494,508,488,397,491,515,488,397,491,512,498,400,542,119,521
2504,508,488,397,491,515,488,397,491,512,498,400,542,119,521
2514,508,488,397,491,515,488,397,491,512,498,400,542,119,521
2524,508,488,397,491,515,488,397,491,512,498,400,542,119,521
2534,509,489,397,491,514,489,397,491,512,499,400,542,119,521
2544,509,488,397,491,514,488,397,491,512,498,400,542,119,521
2554,509,488,397,491,514,488,397,491,512,498,400,542,119,521
2564,509,489,397,491,514,489,397,491,512,499,400,542,119,521
2574,508,488,397,491,515,488,397,491,512,498,400,542,119,521
2584,508,488,397,491,515,488,397,491,512,498,400,542,119,521
2594,509,488,397,491,514,488,397,491,512,498,400,542,119,521
2604,508,488,397,491,515,488,397,491,512,498,400,542,119,521
2614,508,488,397,491,515,488,397,491,512,498,400,542,119,521
2624,508,488,397,491,515,488,397,491,512,498,400,542,119,521
2634,508,488,397,492,515,488,397,492,512,498,400,541,119,521
2644,508,488,397,491,515,488,397,491,512,498,400,542,119,521
2654,508,488,397,491,515,488,397,491,512,498,400,542,119,521
2664,508,488,397,491,515,488,397,491,512,498,400,542,119,521
2674,508,488,397,491,515,488,397,491,512,498,400,542,119,521
2684,508,488,397,491,515,488,397,491,512,498,400,542,119,521
2694,508,488,397,491,515,488,397,491,512,498,400,542,119,521
2704,508,488,397,491,515,488,397,491,512,498,400,542,119,521
2714,508,488,397,491,515,488,397,491,512,498,400,542,119,521
2724,508,489,397,491,515,489,397,491,512,499,400,542,119,521
2734,508,488,397,491,515,488,397,491,512,498,400,542,119,521
2744,508,489,397,491,515,489,397,491,512,499,400,542,119,521
2754,508,489,397,492,515,489,397,492,512,499,400,541,119,521
2764,508,488,397,491,515,488,397,491,512,498,400,542,119,521
2774,509,488,397,491,514,488,397,491,512,498,400,542,119,521
2784,508,488,397,492,515,488,397,492,512,498,400,541,119,521
2794,508,488,397,491,515,488,397,491,512,498,400,542,119,521
2804,508,489,397,491,515,489,397,491,512,499,400,542,119,521
2814,508,488,397,491,515,488,397,491,512,498,400,542,119,521
2824,508,488,397,491,515,488,397,491,512,498,400,542,119,521
2834,508,488,397,491,515,488,397,491,512,498,400,542,119,521
2844,508,488,397,491,515,488,397,491,512,498,400,542,119,521
2854,508,488,397,491,515,488,397,491,512,498,400,542,119,521
2864,508,489,397,491,515,489,397,491,512,499,400,542,119,521
2874,508,488,397,491,515,488,397,491,512,498,400,542,119,521
2884,508,488,397,491,515,488,397,491,512,498,400,542,119,521
2894,508,488,397,491,515,488,397,491,512,498,400,542,119,521
2904,508,488,397,491,515,488,397,491,512,498,400,542,119,521
2914,508,488,397,491,515,488,397,491,512,498,400,542,119,521
2924,508,489,397,491,515,489,397,491,512,499,400,542,119,521
2934,508,488,397,491,515,488,397,491,512,498,400,542,119,521
2944,508,488,397,491,515,488,397,491,512,498,400,542,119,521
2954,508,488,397,491,515,488,397,491,512,498,400,542,119,521
2964,508,488,397,491,515,488,397,491,512,498,400,542,119,521
2974,508,488,397,491,515,488,397,491,512,498,400,542,119,521
2984,508,488,397,491,515,488,397,491,512,498,400,542,119,521
2994,508,488,397,491,515,488,397,491,512,498,400,542,119,521
3004,508,488,397,491,515,488,397,491,512,498,400,542,119,521
3014,508,489,397,491,515,489,397,491,512,499,400,542,119,521
3024,508,488,397,491,515,488,397,491,512,498,400,542,119,521
3034,508,488,397,491,515,488,397,491,512,498,400,542,119,521
3044,508,489,397,491,515,489,397,491,512,499,400,542,119,521
3054,508,488,397,491,515,488,397,491,512,498,400,542,119,521
3064,508,488,397,491,515,488,397,491,512,498,400,542,119,521
3074,508,489,397,491,515,489,397,491,512,499,400,542,119,521
3084,508,489,397,492,515,489,397,492,512,499,400,541,119,521
3094,508,488,397,491,515,488,397,491,512,498,400,542,119,521
3104,508,489,397,491,515,489,397,491,512,499,400,542,119,521
3114,508,489,397,491,515,489,397,491,512,499,400,542,119,521
3124,508,488,397,491,515,488,397,491,512,498,400,542,119,521
3134,508,488,397,491,515,488,397,491,512,498,400,542,119,521
3144,508,488,397,491,515,488,397,491,512,498,400,542,119,521
3154,508,488,397,491,515,488,397,491,512,498,400,542,119,521
3164,508,489,397,491,515,489,397,491,512,499,400,542,119,521
3174,508,488,397,491,515,488,397,491,512,498,400,542,119,521
3184,508,488,397,491,515,488,397,491,512,498,400,542,119,521
3194,508,488,397,491,515,488,397,491,512,498,400,542,119,521
3204,508,488,397,492,515,488,397,492,512,498,400,541,119,521
3214,508,488,397,491,515,488,397,491,512,498,400,542,119,521
3224,508,489,397,491,515,489,397,491,512,499,400,542,119,521
3234,508,488,397,491,515,488,397,491,512,498,400,542,119,521
3244,508,488,397,491,515,488,397,491,512,498,400,542,119,521
3254,509,489,397,491,514,489,397,491,512,499,400,542,119,521
3264,508,488,397,491,515,488,397,491,512,498,400,542,119,521
3274,508,488,397,491,515,488,397,491,512,498,400,542,119,521
3284,508,489,397,491,515,489,397,491,512,499,400,542,119,521
3294,508,488,397,491,515,488,397,491,512,498,400,542,119,521
3304,508,488,397,491,515,488,397,491,512,498,400,542,119,521
3314,508,488,397,491,515,488,397,491,512,498,400,542,119,521
3324,508,488,397,492,515,488,397,492,512,498,400,541,119,521
3334,508,488,397,491,515,488,397,491,512,498,400,542,119,521
3344,508,488,397,491,515,488,397,491,512,498,400,542,119,521
3354,508,488,397,491,515,488,397,491,512,498,400,542,119,521
3364,508,488,397,491,515,488,397,491,512,498,400,542,119,521
3374,508,488,397,491,515,488,397,491,512,498,400,542,119,521
3384,508,488,397,492,515,488,397,492,512,498,400,541,119,521
3394,508,488,397,491,515,488,397,491,512,498,400,542,119,521
3404,508,489,397,491,515,489,397,491,512,499,400,542,119,521
3414,508,488,397,491,515,488,397,491,512,498,400,542,119,521
3424,508,488,397,491,515,488,397,491,512,498,400,542,119,521
3434,508,488,397,491,515,488,397,491,512,498,400,542,119,521
3444,508,488,397,491,515,488,397,491,512,498,400,542,119,521
3454,508,489,397,491,515,489,397,491,512,499,400,542,119,521
3464,508,489,397,491,515,489,397,491,512,499,400,542,119,521
3474,508,489,397,491,515,489,397,491,512,499,400,542,119,521
3484,508,488,397,491,515,488,397,491,512,498,400,542,119,521
3494,508,489,397,491,515,489,397,491,512,499,400,542,119,521
3504,508,488,397,492,515,488,397,492,512,498,400,541,119,521
3514,508,488,397,491,515,488,397,491,512,498,400,542,119,521
3524,508,488,397,491,515,488,397,491,512,498,400,542,119,521
3534,508,488,397,491,515,488,397,491,512,498,400,542,119,521
3544,508,488,397,491,515,488,397,491,512,498,400,542,119,521
3554,508,488,397,491,515,488,397,491,512,498,400,542,119,521
3564,508,488,397,491,515,488,397,491,512,498,400,542,119,521
3574,508,489,397,491,515,489,397,491,512,499,400,542,119,521
3584,508,489,397,491,515,489,397,491,512,499,400,542,119,521
3594,508,488,397,491,515,488,397,491,512,498,400,542,119,521
3604,508,488,397,491,515,488,397,491,512,498,400,542,119,521
3614,508,489,397,491,515,489,397,491,512,499,400,542,119,521
3624,508,488,397,491,515,488,397,491,512,498,400,542,119,521
3634,508,488,397,491,515,488,397,491,512,498,400,542,119,521
3644,508,489,397,491,515,489,397,491,512,499,400,542,119,521
3654,508,488,397,491,515,488,397,491,512,498,400,542,119,521
3664,508,488,397,491,515,488,397,491,512,498,400,542,119,521
3674,508,488,397,491,515,488,397,491,512,498,400,542,119,521
3684,508,488,397,491,515,488,397,491,512,498,400,542,119,521
3694,508,488,397,491,515,488,397,491,512,498,400,542,119,521
3704,508,489,397,491,515,489,397,491,512,499,400,542,119,521
3714,508,488,397,491,515,488,397,491,512,498,400,542,119,521
3724,508,488,397,491,515,488,397,491,512,498,400,542,119,521
3734,508,488,397,491,515,488,397,491,512,498,400,542,119,521
3744,508,488,397,491,515,488,397,491,512,498,400,542,119,521
3754,508,488,397,491,515,488,397,491,512,498,400,542,119,521
3764,508,489,397,491,515,489,397,491,512,499,400,542,119,521
3774,508,488,397,491,515,488,397,491,512,498,400,542,119,521
3784,508,488,397,491,515,488,397,491,512,498,400,542,119,521
3794,509,488,397,491,514,488,397,491,512,498,400,542,119,521
3804,508,488,397,491,515,488,397,491,512,498,400,542,119,521
3814,508,488,397,491,515,488,397,491,512,498,400,542,119,521
3824,508,489,397,491,515,489,397,491,512,499,400,542,119,521
3834,508,488,397,491,515,488,397,491,512,498,400,542,119,521
3844,508,488,397,491,515,488,397,491,512,498,400,542,119,521
3854,508,488,397,491,515,488,397,491,512,498,400,542,119,521
3864,508,488,397,491,515,488,397,491,512,498,400,542,119,521
3874,508,488,397,491,515,488,397,491,512,498,400,542,119,521
3884,509,488,397,491,514,488,397,491,512,498,400,542,119,521
3894,508,488,397,491,515,488,397,491,512,498,400,542,119,521
3904,508,488,397,491,515,488,397,491,512,498,400,542,119,521
3914,509,488,397,491,514,488,397,491,512,498,400,542,119,521
3924,508,488,397,491,515,488,397,491,512,498,400,542,119,521
3934,508,488,397,491,515,488,397,491,512,498,400,542,119,521
3944,508,488,397,491,515,488,397,491,512,498,400,542,119,521
3954,508,488,397,492,515,488,397,492,512,498,400,541,119,521
3964,508,488,397,491,515,488,397,491,512,498,400,542,119,521
3974,508,489,397,491,515,489,397,491,512,499,400,542,119,521
3984,508,488,397,492,515,488,397,492,512,498,400,541,119,521
3994,508,488,397,491,515,488,397,491,512,498,400,542,119,521
4004,508,489,397,491,515,489,397,491,512,499,400,542,119,521
4014,508,488,397,492,515,488,397,492,512,498,400,541,119,521
4024,508,488,397,491,515,488,397,491,512,498,400,542,119,521
4034,508,488,397,491,515,488,397,491,512,498,400,542,119,521
4044,508,488,397,492,515,488,397,492,512,498,400,541,119,521
4054,508,488,397,491,515,488,397,491,512,498,400,542,119,521
4064,508,488,397,491,515,488,397,491,512,498,400,542,119,521
4074,508,488,397,492,515,488,397,492,512,498,400,541,119,521
4084,508,488,397,491,515,488,397,491,512,498,400,542,119,521
4094,508,488,397,491,515,488,397,491,512,498,400,542,119,521
4104,508,488,397,492,515,488,397,492,512,498,400,541,119,521
4114,508,488,397,491,515,488,397,491,512,498,400,542,119,521
4124,508,489,397,491,515,489,397,491,512,499,400,542,119,521
4134,508,488,397,491,515,488,397,491,512,498,400,542,119,521
4144,508,488,397,491,515,488,397,491,512,498,400,542,119,521
4154,508,489,397,491,515,489,397,491,512,499,400,542,119,521
4164,508,488,397,492,515,488,397,492,512,498,400,541,119,521
4174,508,488,397,491,515,488,397,491,512,498,400,542,119,521
4184,509,488,397,491,514,488,397,491,512,498,400,542,119,521
4194,508,488,397,492,515,488,397,492,512,498,400,541,119,521
4204,508,488,397,491,515,488,397,491,512,498,400,542,119,521
4214,508,489,397,491,515,489,397,491,512,499,400,542,119,521
9462,508,488,397,492,515,488,397,492,512,498,400,541,119,521
9463,510,479,616,492,513,479,616,492,513,489,615,541,119,521
9464,510,479,616,492,513,479,616,492,513,489,615,541,119,521
9474,510,479,616,492,513,479,616,492,513,489,615,541,119,521
9484,510,479,616,492,513,479,616,492,513,489,615,541,119,521
9494,510,479,617,492,513,479,617,492,513,489,616,541,119,521
9504,510,479,616,492,513,479,616,492,513,489,615,541,119,521
9514,510,479,616,492,513,479,616,492,513,489,615,541,119,521
9524,510,479,616,492,513,479,616,492,513,489,615,541,119,521
9534,510,479,616,492,513,479,616,492,513,489,615,541,119,521
9544,510,479,616,491,513,479,616,491,513,489,615,542,119,521
9554,510,479,616,492,513,479,616,492,513,489,615,541,119,521
9564,510,479,616,492,513,479,616,492,513,489,615,541,119,521
9574,510,479,616,491,513,479,616,491,513,489,615,542,119,521
9584,510,479,616,491,513,479,616,491,513,489,615,542,119,521
9594,510,479,616,492,513,479,616,492,513,489,615,541,119,521
9604,510,479,616,492,513,479,616,492,513,489,615,541,119,521
9614,510,479,616,491,513,479,616,491,513,489,615,542,119,521
9624,510,479,616,492,513,479,616,492,513,489,615,541,119,521
9634,510,479,616,492,513,479,616,492,513,489,615,541,119,521
9644,510,479,616,491,513,479,616,491,513,489,615,542,119,521
9654,510,479,616,492,513,479,616,492,513,489,615,541,119,521
9664,510,479,616,492,513,479,616,492,513,489,615,541,119,521
9674,511,479,616,492,512,479,616,492,514,489,615,541,119,521
9684,510,479,616,492,513,479,616,492,513,489,615,541,119,521
9694,510,479,616,492,513,479,616,492,513,489,615,541,119,521
9704,510,479,616,491,513,479,616,491,513,489,615,542,119,521
9714,510,479,616,492,513,479,616,492,513,489,615,541,119,521
9724,510,479,616,492,513,479,616,492,513,489,615,541,119,521
9734,510,479,617,492,513,479,617,492,513,489,616,541,119,521
9744,510,479,616,492,513,479,616,492,513,489,615,541,119,521
9754,510,479,616,492,513,479,616,492,513,489,615,541,119,521
9764,510,479,616,492,513,479,616,492,513,489,615,541,119,521
9774,510,479,616,492,513,479,616,492,513,489,615,541,119,521
9784,510,479,616,491,513,479,616,491,513,489,615,542,119,521
9794,510,479,616,492,513,479,616,492,513,489,615,541,119,521
9804,510,479,616,492,513,479,616,492,513,489,615,541,119,521
9814,510,479,616,491,513,479,616,491,513,489,615,542,119,521
9824,510,479,616,491,513,479,616,491,513,489,615,542,119,521
9834,510,479,616,492,513,479,616,492,513,489,615,541,119,521
9844,510,479,616,492,513,479,616,492,513,489,615,541,119,521
9854,510,479,616,492,513,479,616,492,513,489,615,541,119,521
9864,510,479,616,492,513,479,616,492,513,489,615,541,119,521
9874,510,479,616,492,513,479,616,492,513,489,615,541,119,521
9884,510,479,616,492,513,479,616,492,513,489,615,541,119,521
9894,510,479,616,492,513,479,616,492,513,489,615,541,119,521
9904,510,479,616,492,513,479,616,492,513,489,615,541,119,521
9914,510,479,616,491,513,479,616,491,513,489,615,542,119,521
9924,510,479,616,492,513,479,616,492,513,489,615,541,119,521
9934,510,479,616,491,513,479,616,491,513,489,615,542,119,521
9944,510,479,616,491,513,479,616,491,513,489,615,542,119,521
9954,510,479,616,492,513,479,616,492,513,489,615,541,119,521
9964,510,479,616,491,513,479,616,491,513,489,615,542,119,521
9974,510,479,616,491,513,479,616,491,513,489,615,542,119,521
9984,510,479,616,492,513,479,616,492,513,489,615,541,119,521
9994,510,479,616,492,513,479,616,492,513,489,615,541,119,521
10004,510,479,616,491,513,479,616,491,513,489,615,542,119,521
10014,510,479,616,491,513,479,616,491,513,489,615,542,119,521
10024,510,479,616,492,513,479,616,492,513,489,615,541,119,521
10034,510,479,616,491,513,479,616,491,513,489,615,542,119,521
10044,510,479,616,492,513,479,616,492,513,489,615,541,119,521
10054,510,479,616,492,513,479,616,492,513,489,615,541,119,521
10064,510,479,616,491,513,479,616,491,513,489,615,542,119,521
10074,510,479,616,492,513,479,616,492,513,489,615,541,119,521
10084,510,479,616,492,513,479,616,492,513,489,615,541,119,521
10094,510,479,616,491,513,479,616,491,513,489,615,542,119,521
10104,510,479,616,492,513,479,616,492,513,489,615,541,119,521
10114,510,479,616,491,513,479,616,491,513,489,615,542,119,521
10124,510,479,617,492,513,479,617,492,513,489,616,541,119,521
10134,510,479,616,492,513,479,616,492,513,489,615,541,119,521
10144,510,479,616,491,513,479,616,491,513,489,615,542,119,521
10154,510,479,616,491,513,479,616,491,513,489,615,542,119,521
10164,510,479,616,492,513,479,616,492,513,489,615,541,119,521
10174,510,479,616,491,513,479,616,491,513,489,615,542,119,521
10184,510,479,616,491,513,479,616,491,513,489,615,542,119,521
10194,510,479,616,492,513,479,616,492,513,489,615,541,119,521
10204,510,479,616,492,513,479,616,492,513,489,615,541,119,521
10214,510,479,616,492,513,479,616,492,513,489,615,541,119,521
10224,510,479,616,492,513,479,616,492,513,489,615,541,119,521
10234,510,479,616,492,513,479,616,492,513,489,615,541,119,521
10244,511,479,616,492,512,479,616,492,514,489,615,541,119,521
10254,510,479,616,492,513,479,616,492,513,489,615,541,119,521
10264,510,479,616,492,513,479,616,492,513,489,615,541,119,521
10274,510,479,616,492,513,479,616,492,513,489,615,541,119,521
10284,510,479,616,492,513,479,616,492,513,489,615,541,119,521
10294,510,479,616,492,513,479,616,492,513,489,615,541,119,521
10304,511,479,616,492,512,479,616,492,514,489,615,541,119,521
10314,510,479,616,492,513,479,616,492,513,489,615,541,119,521
10324,510,479,616,492,513,479,616,492,513,489,615,541,119,521
10334,510,479,616,491,513,479,616,491,513,489,615,542,119,521
10344,510,479,616,492,513,479,616,492,513,489,615,541,119,521
10354,510,479,616,492,513,479,616,492,513,489,615,541,119,521
10364,510,479,616,492,513,479,616,492,513,489,615,541,119,521
10374,511,479,616,491,512,479,616,491,514,489,615,542,119,521
10384,511,479,616,492,512,479,616,492,514,489,615,541,119,521
10394,511,479,616,492,512,479,616,492,514,489,615,541,119,521
10404,510,479,616,492,513,479,616,492,513,489,615,541,119,521
10414,510,479,616,492,513,479,616,492,513,489,615,541,119,521
10424,511,479,616,491,512,479,616,491,514,489,615,542,119,521
10434,510,479,616,492,513,479,616,492,513,489,615,541,119,521
10444,510,479,616,492,513,479,616,492,513,489,615,541,119,521
10454,511,479,616,492,512,479,616,492,514,489,615,541,119,521
10464,510,479,616,492,513,479,616,492,513,489,615,541,119,521
10474,510,479,616,492,513,479,616,492,513,489,615,541,119,521
10484,510,479,616,491,513,479,616,491,513,489,615,542,119,521
10494,510,479,616,492,513,479,616,492,513,489,615,541,119,521
10504,510,479,616,492,513,479,616,492,513,489,615,541,119,521
10514,510,479,616,492,513,479,616,492,513,489,615,541,119,521
10524,510,479,616,492,513,479,616,492,513,489,615,541,119,521
10534,510,479,616,492,513,479,616,492,513,489,615,541,119,521
10544,510,479,616,492,513,479,616,492,513,489,615,541,119,521
10554,510,479,616,492,513,479,616,492,513,489,615,541,119,521
10564,510,479,616,492,513,479,616,492,513,489,615,541,119,521
10574,510,479,616,492,513,479,616,492,513,489,615,541,119,521
10584,510,479,616,492,513,479,616,492,513,489,615,541,119,521
10594,510,479,616,492,513,479,616,492,513,489,615,541,119,521
10604,510,479,616,492,513,479,616,492,513,489,615,541,119,521
10614,510,479,616,492,513,479,616,492,513,489,615,541,119,521
10624,511,479,616,492,512,479,616,492,514,489,615,541,119,521
10634,511,479,616,492,512,479,616,492,514,489,615,541,119,521
10644,510,479,616,492,513,479,616,492,513,489,615,541,119,521
10654,510,479,616,492,513,479,616,492,513,489,615,541,119,521
10664,510,479,616,492,513,479,616,492,513,489,615,541,119,521
10674,510,479,616,492,513,479,616,492,513,489,615,541,119,521
10684,510,479,616,492,513,479,616,492,513,489,615,541,119,521
10694,511,479,616,491,512,479,616,491,514,489,615,542,119,521
10704,510,479,616,492,513,479,616,492,513,489,615,541,119,521
10714,510,479,616,492,513,479,616,492,513,489,615,541,119,521
10724,510,479,616,492,513,479,616,492,513,489,615,541,119,521
10734,510,479,616,492,513,479,616,492,513,489,615,541,119,521
10744,510,479,616,492,513,479,616,492,513,489,615,541,119,521
10754,511,479,616,492,512,479,616,492,514,489,615,541,119,521
10764,510,479,616,492,513,479,616,492,513,489,615,541,119,521
10774,510,479,616,492,513,479,616,492,513,489,615,541,119,521
10784,510,479,616,492,513,479,616,492,513,489,615,541,119,521
10794,510,479,616,492,513,479,616,492,513,489,615,541,119,521
10804,510,479,616,492,513,479,616,492,513,489,615,541,119,521
10814,511,479,616,492,512,479,616,492,514,489,615,541,119,521
10824,510,479,616,492,513,479,616,492,513,489,615,541,119,521
10834,510,479,616,492,513,479,616,492,513,489,615,541,119,521
10844,510,479,616,492,513,479,616,492,513,489,615,541,119,521
10855,510,479,616,492,513,479,616,492,513,489,615,541,119,521
10864,510,479,616,491,513,479,616,491,513,489,615,542,119,521
10874,511,479,616,492,512,479,616,492,514,489,615,541,119,521
10884,511,479,616,492,512,479,616,492,514,489,615,541,119,521
10894,510,479,616,492,513,479,616,492,513,489,615,541,119,521
10904,511,479,616,492,512,479,616,492,514,489,615,541,119,521
10914,510,479,616,492,513,479,616,492,513,489,615,541,119,521
10924,510,479,616,492,513,479,616,492,513,489,615,541,119,521
10934,511,479,616,492,512,479,616,492,514,489,615,541,119,521
10944,510,479,616,492,513,479,616,492,513,489,615,541,119,521
10955,510,479,616,492,513,479,616,492,513,489,615,541,119,521
10965,510,479,616,492,513,479,616,492,513,489,615,541,119,521
10974,510,479,616,492,513,479,616,492,513,489,615,541,119,521
10984,510,479,616,492,513,479,616,492,513,489,615,541,119,521
10994,510,479,616,492,513,479,616,492,513,489,615,541,119,521
11004,510,479,616,492,513,479,616,492,513,489,615,541,119,521
11014,510,479,616,492,513,479,616,492,513,489,615,541,119,521
11024,511,479,616,492,512,479,616,492,514,489,615,541,119,521
11034,510,479,616,492,513,479,616,492,513,489,615,541,119,521
11045,510,479,616,492,513,479,616,492,513,489,615,541,119,521
11054,510,479,616,492,513,479,616,492,513,489,615,541,119,521
11064,511,479,616,492,512,479,616,492,514,489,615,541,119,521
11074,511,479,616,492,512,479,616,492,514,489,615,541,119,521
11084,511,479,616,492,512,479,616,492,514,489,615,541,119,521
11095,511,479,616,492,512,479,616,492,514,489,615,541,119,521
11104,510,479,616,491,513,479,616,491,513,489,615,542,119,521
11114,511,479,616,492,512,479,616,492,514,489,615,541,119,521
11124,510,478,616,492,513,478,616,492,513,488,615,541,119,521
11134,510,479,616,492,513,479,616,492,513,489,615,541,119,521
11144,511,479,616,492,512,479,616,492,514,489,615,541,119,521
11155,511,479,616,492,512,479,616,492,514,489,615,541,119,521
11164,511,479,616,492,512,479,616,492,514,489,615,541,119,521
11174,511,479,616,491,512,479,616,491,514,489,615,542,119,521
11185,510,479,616,492,513,479,616,492,513,489,615,541,119,521
11194,510,479,616,492,513,479,616,492,513,489,615,541,119,521
11204,510,479,616,492,513,479,616,492,513,489,615,541,119,521
11214,510,479,616,492,513,479,616,492,513,489,615,541,119,521
11224,510,479,616,492,513,479,616,492,513,489,615,541,119,521
11234,511,479,616,492,512,479,616,492,514,489,615,541,119,521
11244,510,478,616,492,513,478,616,492,513,488,615,541,119,521
11254,510,478,616,492,513,478,616,492,513,488,615,541,119,521
11264,511,479,616,492,512,479,616,492,514,489,615,541,119,521
11274,510,479,616,492,513,479,616,492,513,489,615,541,119,521
11284,510,479,616,491,513,479,616,491,513,489,615,542,119,521
11294,510,479,616,492,513,479,616,492,513,489,615,541,119,521
11304,510,479,616,492,513,479,616,492,513,489,615,541,119,521
11314,510,479,616,492,513,479,616,492,513,489,615,541,119,521
11324,511,479,616,492,512,479,616,492,514,489,615,541,119,521
11334,510,479,616,492,513,479,616,492,513,489,615,541,119,521
11345,511,479,616,492,512,479,616,492,514,489,615,541,119,521
11354,511,479,616,492,512,479,616,492,514,489,615,541,119,521
11365,510,479,616,492,513,479,616,492,513,489,615,541,119,521
11374,510,479,616,492,513,479,616,492,513,489,615,541,119,521
11384,511,479,616,491,512,479,616,491,514,489,615,542,119,521
11394,510,479,616,492,513,479,616,492,513,489,615,541,119,521
11404,510,479,616,492,513,479,616,492,513,489,615,541,119,521
11415,510,479,616,492,513,479,616,492,513,489,615,541,119,521
11424,510,478,616,492,513,478,616,492,513,488,615,541,119,521
11434,510,478,616,492,513,478,616,492,513,488,615,541,119,521
11445,510,479,616,492,513,479,616,492,513,489,615,541,119,521
11454,510,479,616,492,513,479,616,492,513,489,615,541,119,521
11464,510,479,616,492,513,479,616,492,513,489,615,541,119,521
11475,511,479,616,492,512,479,616,492,514,489,615,541,119,521
11485,510,479,616,492,513,479,616,492,513,489,615,541,119,521
11494,510,478,616,491,513,478,616,491,513,488,615,542,119,521
11504,511,479,616,492,512,479,616,492,514,489,615,541,119,521
11514,510,478,616,492,513,478,616,492,513,488,615,541,119,521
11524,510,479,616,492,513,479,616,492,513,489,615,541,119,521
11535,511,479,616,492,512,479,616,492,514,489,615,541,119,521
11544,510,479,616,492,513,479,616,492,513,489,615,541,119,521
11554,510,479,616,492,513,479,616,492,513,489,615,541,119,521
11564,511,479,616,492,512,479,616,492,514,489,615,541,119,521
11575,511,479,616,492,512,479,616,492,514,489,615,541,119,521
11585,510,478,616,492,513,478,616,492,513,488,615,541,119,521
11594,511,478,616,491,512,478,616,491,514,488,615,542,119,521
11604,510,478,616,492,513,478,616,492,513,488,615,541,119,521
11614,510,479,616,492,513,479,616,492,513,489,615,541,119,521
11625,511,479,616,492,512,479,616,492,514,489,615,541,119,521
11635,510,479,616,492,513,479,616,492,513,489,615,541,119,521
11645,510,479,616,492,513,479,616,492,513,489,615,541,119,521
11654,511,479,616,492,512,479,616,492,514,489,615,541,119,521
11664,511,479,616,492,512,479,616,492,514,489,615,541,119,521
11675,511,478,616,492,512,478,616,492,514,488,615,541,119,521
11684,511,479,616,492,512,479,616,492,514,489,615,541,119,521
11694,510,478,616,492,513,478,616,492,513,488,615,541,119,521
11704,511,478,616,492,512,478,616,492,514,488,615,541,119,521
11715,511,479,616,492,512,479,616,492,514,489,615,541,119,521
11724,510,479,616,492,513,479,616,492,513,489,615,541,119,521
11735,510,478,616,492,513,478,616,492,513,488,615,541,119,521
11745,511,479,616,491,512,479,616,491,514,489,615,542,119,521
11755,510,479,616,492,513,479,616,492,513,489,615,541,119,521
11764,510,478,616,492,513,478,616,492,513,488,615,541,119,521
11775,511,479,616,492,512,479,616,492,514,489,615,541,119,521
11785,510,478,616,492,513,478,616,492,513,488,615,541,119,521
11795,510,478,616,492,513,478,616,492,513,488,615,541,119,521
11804,511,479,616,491,512,479,616,491,514,489,615,542,119,521
11814,510,478,616,492,513,478,616,492,513,488,615,541,119,521
11825,511,479,616,492,512,479,616,492,514,489,615,541,119,521
11835,511,479,616,492,512,479,616,492,514,489,615,541,119,521
11845,510,478,616,492,513,478,616,492,513,488,615,541,119,521
11855,511,479,616,492,512,479,616,492,514,489,615,541,119,521
11865,511,479,616,492,512,479,616,492,514,489,615,541,119,521
11875,511,479,616,492,512,479,616,492,514,489,615,541,119,521
11885,511,479,616,492,512,479,616,492,514,489,615,541,119,521
11894,510,479,616,492,513,479,616,492,513,489,615,541,119,521
11905,510,478,616,492,513,478,616,492,513,488,615,541,119,521
11915,510,478,616,492,513,478,616,492,513,488,615,541,119,521
11925,511,479,616,492,512,479,616,492,514,489,615,541,119,521
11934,510,478,616,492,513,478,616,492,513,488,615,541,119,521
11945,511,478,616,492,512,478,616,492,514,488,615,541,119,521
11955,511,479,616,492,512,479,616,492,514,489,615,541,119,521
11965,510,478,616,492,513,478,616,492,513,488,615,541,119,521
16189,510,479,616,492,513,479,616,492,513,489,615,541,119,521
16190,619,518,511,493,404,518,511,493,625,526,512,540,119,521
16195,618,517,511,494,405,517,511,494,623,525,512,539,119,521
16205,618,518,510,494,405,518,510,494,623,526,512,539,119,521
16215,618,517,510,495,405,517,510,495,623,525,512,538,119,521
16225,618,517,510,495,405,517,510,495,623,525,512,538,119,521
16235,618,517,510,494,405,517,510,494,623,525,512,539,119,521
16245,618,517,509,493,405,517,509,493,623,525,511,540,119,521
16255,618,516,509,492,405,516,509,492,623,524,511,541,119,521
16265,619,516,509,490,404,516,509,490,625,524,511,543,119,521
16275,619,516,508,490,404,516,508,490,625,524,510,543,119,521
16285,619,516,509,489,404,516,509,489,625,524,511,544,119,521
16295,619,516,509,488,404,516,509,488,625,524,511,545,119,521
16305,619,517,510,489,404,517,510,489,625,525,512,544,119,521
16315,618,517,510,490,405,517,510,490,623,525,512,543,119,521
16325,618,518,511,492,405,518,511,492,623,526,512,541,119,521
16335,618,517,511,493,405,517,511,493,623,525,512,540,119,521
16345,618,517,510,494,405,517,510,494,623,525,512,539,119,521
16355,618,517,510,495,405,517,510,495,623,525,512,538,119,521
16365,618,516,509,495,405,516,509,495,623,524,511,538,119,521
16375,618,516,509,494,405,516,509,494,623,524,511,539,119,521
16385,618,516,508,494,405,516,508,494,623,524,510,539,119,521
16395,618,516,508,493,405,516,508,493,623,524,510,540,119,521
16405,618,516,508,491,405,516,508,491,623,524,510,542,119,521
16415,619,516,509,489,404,516,509,489,625,524,511,544,119,521
16425,619,516,509,487,404,516,509,487,625,524,511,546,119,521
16435,619,516,509,487,404,516,509,487,625,524,511,546,119,521
16445,618,517,510,488,405,517,510,488,623,525,512,545,119,521
16455,618,517,511,489,405,517,511,489,623,525,512,544,119,521
16465,618,518,511,491,405,518,511,491,623,526,512,542,119,521
16475,618,518,511,493,405,518,511,493,623,526,512,540,119,521
16485,617,518,511,496,406,518,511,496,622,526,512,537,119,521
16495,617,518,511,498,406,518,511,498,622,526,512,535,119,521
16505,618,518,511,499,405,518,511,499,623,526,512,534,119,521
16515,618,517,510,499,405,517,510,499,623,525,512,534,119,521
16525,619,517,509,498,404,517,509,498,625,525,511,535,119,521
16535,619,516,509,496,404,516,509,496,625,524,511,537,119,521
16545,619,515,509,494,404,515,509,494,625,523,511,539,119,521
16555,620,514,508,492,403,514,508,492,625,522,510,541,119,521
16565,619,515,508,489,404,515,508,489,625,523,510,544,119,521
16575,619,515,508,486,404,515,508,486,625,523,510,547,119,521
16585,619,516,508,485,404,516,508,485,625,524,510,548,119,521
16595,618,516,508,484,405,516,508,484,623,524,510,549,119,521
16605,618,517,509,485,405,517,509,485,623,525,511,548,119,521
16615,618,517,509,486,405,517,509,486,623,525,511,547,119,521
16625,618,518,510,488,405,518,510,488,623,526,512,545,119,521
16635,618,518,510,490,405,518,510,490,623,526,512,543,119,521
16645,618,518,510,492,405,518,510,492,623,526,512,541,119,521
16655,618,518,510,492,405,518,510,492,623,526,512,541,119,521
16665,618,518,510,493,405,518,510,493,623,526,512,540,119,521
16675,618,517,510,492,405,517,510,492,623,525,512,541,119,521
16685,618,517,510,492,405,517,510,492,623,525,512,541,119,521
16695,618,517,509,491,405,517,509,491,623,525,511,542,119,521
16705,618,517,509,491,405,517,509,491,623,525,511,542,119,521
16715,618,518,509,491,405,518,509,491,623,526,511,542,119,521
16725,618,517,509,491,405,517,509,491,623,525,511,542,119,521
16735,618,517,509,491,405,517,509,491,623,525,511,542,119,521
16745,618,517,510,491,405,517,510,491,623,525,512,542,119,521
16755,619,517,510,491,404,517,510,491,625,525,512,542,119,521
16765,618,516,510,491,405,516,510,491,623,524,512,542,119,521
16775,619,516,510,490,404,516,510,490,625,524,512,543,119,521
16785,619,517,510,489,404,517,510,489,625,525,512,544,119,521
16795,618,516,510,490,405,516,510,490,623,524,512,543,119,521
16805,618,517,510,491,405,517,510,491,623,525,512,542,119,521
16815,618,517,510,492,405,517,510,492,623,525,512,541,119,521
16825,618,517,509,492,405,517,509,492,623,525,511,541,119,521
16835,618,517,509,492,405,517,509,492,623,525,511,541,119,521
16845,618,517,510,491,405,517,510,491,623,525,512,542,119,521
16855,618,517,509,490,405,517,509,490,623,525,511,543,119,521
16865,618,517,509,491,405,517,509,491,623,525,511,542,119,521
16875,618,517,508,492,405,517,508,492,623,525,510,541,119,521
16885,618,517,508,493,405,517,508,493,623,525,510,540,119,521
16895,618,517,508,492,405,517,508,492,623,525,510,541,119,521
16905,618,517,509,492,405,517,509,492,623,525,511,541,119,521
16915,618,517,509,491,405,517,509,491,623,525,511,542,119,521
16925,619,517,510,490,404,517,510,490,625,525,512,543,119,521
16935,619,517,510,489,404,517,510,489,625,525,512,544,119,521
16945,618,517,509,488,405,517,509,488,623,525,511,545,119,521
16955,618,517,508,489,405,517,508,489,623,525,510,544,119,521
16965,618,517,508,490,405,517,508,490,623,525,510,543,119,521
16975,617,517,508,491,406,517,508,491,622,525,510,542,119,521
16985,618,518,508,492,405,518,508,492,623,526,510,541,119,521
16995,618,518,508,492,405,518,508,492,623,526,510,541,119,521
17005,618,518,508,492,405,518,508,492,623,526,510,541,119,521
17015,618,518,509,492,405,518,509,492,623,526,511,541,119,521
17025,619,518,510,492,404,518,510,492,625,526,512,541,119,521
17035,619,518,510,492,404,518,510,492,625,526,512,541,119,521
17045,619,517,510,491,404,517,510,491,625,525,512,542,119,521
17055,619,517,510,491,404,517,510,491,625,525,512,542,119,521
17065,618,516,509,490,405,516,509,490,623,524,511,543,119,521
17075,618,516,509,489,405,516,509,489,623,524,511,544,119,521
17085,618,517,508,489,405,517,508,489,623,525,510,544,119,521
17095,618,517,508,489,405,517,508,489,623,525,510,544,119,521
17105,618,517,508,489,405,517,508,489,623,525,510,544,119,521
17115,618,518,509,489,405,518,509,489,623,526,511,544,119,521
17125,618,518,509,489,405,518,509,489,623,526,511,544,119,521
17135,618,518,509,490,405,518,509,490,623,526,511,543,119,521
17145,618,518,510,491,405,518,510,491,623,526,512,542,119,521
17155,618,518,510,492,405,518,510,492,623,526,512,541,119,521
17165,618,518,510,492,405,518,510,492,623,526,512,541,119,521
17175,618,517,510,492,405,517,510,492,623,525,512,541,119,521
17185,618,517,509,492,405,517,509,492,623,525,511,541,119,521
17195,618,517,509,490,405,517,509,490,623,525,511,543,119,521
17205,619,517,509,489,404,517,509,489,625,525,511,544,119,521
17215,619,517,508,486,404,517,508,486,625,525,510,547,119,521
17225,619,517,508,485,404,517,508,485,625,525,510,548,119,521
17235,618,518,507,485,405,518,507,485,623,526,509,548,119,521
17245,618,518,508,486,405,518,508,486,623,526,510,547,119,521
17255,618,518,508,488,405,518,508,488,623,526,510,545,119,521
17265,618,519,509,489,405,519,509,489,623,527,511,544,119,521
17275,618,519,510,490,405,519,510,490,623,527,512,543,119,521
17285,618,519,510,490,405,519,510,490,623,527,512,543,119,521
17295,618,519,510,492,405,519,510,492,623,527,512,541,119,521
17305,617,519,509,494,406,519,509,494,622,527,511,539,119,521
17315,617,518,509,496,406,518,509,496,622,526,511,537,119,521
17325,617,518,509,497,406,518,509,497,622,526,511,536,119,521
17335,618,517,509,496,405,517,509,496,623,525,511,537,119,521
17345,618,517,508,495,405,517,508,495,623,525,510,538,119,521
17355,619,517,509,494,404,517,509,494,625,525,511,539,119,521
17365,619,517,509,492,404,517,509,492,625,525,511,541,119,521
17375,619,517,508,490,404,517,508,490,625,525,510,543,119,521
17385,619,517,508,489,404,517,508,489,625,525,510,544,119,521
17395,618,517,508,489,405,517,508,489,623,525,510,544,119,521
17405,618,518,508,490,405,518,508,490,623,526,510,543,119,521
17415,618,518,509,490,405,518,509,490,623,526,511,543,119,521
17425,618,518,509,491,405,518,509,491,623,526,511,542,119,521
17435,618,518,509,492,405,518,509,492,623,526,511,541,119,521
17445,618,518,510,492,405,518,510,492,623,526,512,541,119,521
17455,618,518,510,492,405,518,510,492,623,526,512,541,119,521
17465,618,518,510,491,405,518,510,491,623,526,512,542,119,521
17475,619,518,510,491,404,518,510,491,625,526,512,542,119,521
17485,618,518,509,490,405,518,509,490,623,526,511,543,119,521
17495,618,518,509,490,405,518,509,490,623,526,511,543,119,521
17505,618,518,509,491,405,518,509,491,623,526,511,542,119,521
17515,618,518,508,491,405,518,508,491,623,526,510,542,119,521
17525,618,518,508,491,405,518,508,491,623,526,510,542,119,521
17535,618,519,509,491,405,519,509,491,623,527,511,542,119,521
17545,618,518,509,491,405,518,509,491,623,526,511,542,119,521
17555,618,518,509,491,405,518,509,491,623,526,511,542,119,521
17565,618,518,509,491,405,518,509,491,623,526,511,542,119,521
17575,618,518,509,492,405,518,509,492,623,526,511,541,119,521
17585,618,518,509,492,405,518,509,492,623,526,511,541,119,521
17595,618,518,509,491,405,518,509,491,623,526,511,542,119,521
17605,618,518,509,491,405,518,509,491,623,526,511,542,119,521
17615,618,518,510,491,405,518,510,491,623,526,512,542,119,521
17625,619,518,510,491,404,518,510,491,625,526,512,542,119,521
17635,618,518,510,491,405,518,510,491,623,526,512,542,119,521
17645,618,518,510,492,405,518,510,492,623,526,512,541,119,521
17655,618,518,510,492,405,518,510,492,623,526,512,541,119,521
17665,618,518,509,492,405,518,509,492,623,526,511,541,119,521
17675,618,518,509,492,405,518,509,492,623,526,511,541,119,521
17685,618,518,509,492,405,518,509,492,623,526,511,541,119,521
17695,618,518,509,492,405,518,509,492,623,526,511,541,119,521
17705,618,518,509,491,405,518,509,491,623,526,511,542,119,521
17715,618,518,509,491,405,518,509,491,623,526,511,542,119,521
17725,618,518,509,491,405,518,509,491,623,526,511,542,119,521
17735,618,518,510,491,405,518,510,491,623,526,512,542,119,521
17745,618,518,510,492,405,518,510,492,623,526,512,541,119,521
17755,618,518,510,492,405,518,510,492,623,526,512,541,119,521
17765,618,518,510,492,405,518,510,492,623,526,512,541,119,521
17775,618,518,509,492,405,518,509,492,623,526,511,541,119,521
17785,618,518,509,492,405,518,509,492,623,526,511,541,119,521
17795,618,518,509,492,405,518,509,492,623,526,511,541,119,521
17805,618,518,509,492,405,518,509,492,623,526,511,541,119,521
17815,618,518,509,493,405,518,509,493,623,526,511,540,119,521
17825,618,518,509,493,405,518,509,493,623,526,511,540,119,521
17835,618,518,509,493,405,518,509,493,623,526,511,540,119,521
17845,618,518,509,492,405,518,509,492,623,526,511,541,119,521
17855,618,518,510,492,405,518,510,492,623,526,512,541,119,521
17865,619,518,510,491,404,518,510,491,625,526,512,542,119,521
17875,619,518,510,490,404,518,510,490,625,526,512,543,119,521
17885,618,518,510,490,405,518,510,490,623,526,512,543,119,521
17895,618,518,509,489,405,518,509,489,623,526,511,544,119,521
17905,617,518,508,490,406,518,508,490,622,526,510,543,119,521
17915,617,518,508,491,406,518,508,491,622,526,510,542,119,521
17925,617,518,508,492,406,518,508,492,622,526,510,541,119,521
17935,617,518,508,492,406,518,508,492,622,526,510,541,119,521
17945,618,518,508,492,405,518,508,492,623,526,510,541,119,521
17955,618,518,509,492,405,518,509,492,623,526,511,541,119,521
17965,618,518,509,492,405,518,509,492,623,526,511,541,119,521
17975,619,518,510,491,404,518,510,491,625,526,512,542,119,521
17985,619,518,510,490,404,518,510,490,625,526,512,543,119,521
17995,619,519,510,490,404,519,510,490,625,527,512,543,119,521
18005,618,518,510,490,405,518,510,490,623,526,512,543,119,521
18015,618,518,510,490,405,518,510,490,623,526,512,543,119,521
18025,618,518,509,491,405,518,509,491,623,526,511,542,119,521
18035,618,519,509,493,405,519,509,493,623,527,511,540,119,521
18045,617,519,509,494,406,519,509,494,622,527,511,539,119,521
18055,618,519,509,494,405,519,509,494,623,527,511,539,119,521
18065,618,519,509,494,405,519,509,494,623,527,511,539,119,521
18075,618,518,509,494,405,518,509,494,623,526,511,539,119,521
18085,618,518,509,494,405,518,509,494,623,526,511,539,119,521
18095,618,518,508,494,405,518,508,494,623,526,510,539,119,521
18105,618,518,509,493,405,518,509,493,623,526,511,540,119,521
18115,618,518,508,493,405,518,508,493,623,526,510,540,119,521
18125,618,518,508,493,405,518,508,493,623,526,510,540,119,521
18135,618,518,508,493,405,518,508,493,623,526,510,540,119,521
18145,618,518,508,493,405,518,508,493,623,526,510,540,119,521
18155,618,518,508,494,405,518,508,494,623,526,510,539,119,521
18165,618,518,509,494,405,518,509,494,623,526,511,539,119,521
18175,618,518,509,494,405,518,509,494,623,526,511,539,119,521
18185,618,518,509,494,405,518,509,494,623,526,511,539,119,521
18195,619,517,509,494,404,517,509,494,625,525,511,539,119,521
18205,619,517,508,493,404,517,508,493,625,525,510,540,119,521
18215,619,517,508,492,404,517,508,492,625,525,510,541,119,521
18225,619,517,508,490,404,517,508,490,625,525,510,543,119,521
18235,619,517,508,489,404,517,508,489,625,525,510,544,119,521
18245,618,518,508,488,405,518,508,488,623,526,510,545,119,521
18255,618,518,508,489,405,518,508,489,623,526,510,544,119,521
18265,618,518,508,490,405,518,508,490,623,526,510,543,119,521
18275,617,518,508,491,406,518,508,491,622,526,510,542,119,521
18285,617,518,508,492,406,518,508,492,622,526,510,541,119,521
18295,618,518,508,493,405,518,508,493,623,526,510,540,119,521
18305,618,518,508,493,405,518,508,493,623,526,510,540,119,521
18315,618,518,508,492,405,518,508,492,623,526,510,541,119,521
18325,618,519,508,492,405,519,508,492,623,527,510,541,119,521
18335,618,518,509,492,405,518,509,492,623,526,511,541,119,521
18345,618,518,509,492,405,518,509,492,623,526,511,541,119,521
18355,618,518,509,493,405,518,509,493,623,526,511,540,119,521
18365,618,518,509,493,405,518,509,493,623,526,511,540,119,521
18375,618,518,509,493,405,518,509,493,623,526,511,540,119,521
18385,618,518,508,493,405,518,508,493,623,526,510,540,119,521
18395,618,518,508,494,405,518,508,494,623,526,510,539,119,521
18405,618,518,508,493,405,518,508,493,623,526,510,540,119,521
18415,618,518,508,492,405,518,508,492,623,526,510,541,119,521
18425,618,518,508,491,405,518,508,491,623,526,510,542,119,521
18435,618,518,508,491,405,518,508,491,623,526,510,542,119,521
18445,618,518,508,490,405,518,508,490,623,526,510,543,119,521
18455,618,518,508,490,405,518,508,490,623,526,510,543,119,521
18465,618,518,508,490,405,518,508,490,623,526,510,543,119,521
18475,618,518,508,491,405,518,508,491,623,526,510,542,119,521
18485,618,518,509,492,405,518,509,492,623,526,511,541,119,521
18495,618,518,509,493,405,518,509,493,623,526,511,540,119,521
18505,618,518,509,493,405,518,509,493,623,526,511,540,119,521
18515,618,518,509,494,405,518,509,494,623,526,511,539,119,521
18525,618,519,509,493,405,519,509,493,623,527,511,540,119,521
18535,618,518,509,492,405,518,509,492,623,526,511,541,119,521
18545,618,518,508,492,405,518,508,492,623,526,510,541,119,521
18555,618,518,508,491,405,518,508,491,623,526,510,542,119,521
18565,618,517,508,491,405,517,508,491,623,525,510,542,119,521
18575,618,518,508,490,405,518,508,490,623,526,510,543,119,521
18585,619,518,508,490,404,518,508,490,625,526,510,543,119,521
18595,619,518,509,489,404,518,509,489,625,526,511,544,119,521
18605,619,518,510,488,404,518,510,488,625,526,512,545,119,521
18615,619,518,510,488,404,518,510,488,625,526,512,545,119,521
18625,619,518,510,489,404,518,510,489,625,526,512,544,119,521
18635,619,518,510,490,404,518,510,490,625,526,512,543,119,521
18645,619,518,510,490,404,518,510,490,625,526,512,543,119,521
18655,618,518,510,490,405,518,510,490,623,526,512,543,119,521
18665,618,518,510,491,405,518,510,491,623,526,512,542,119,521
18675,618,519,510,492,405,519,510,492,623,527,512,541,119,521
18685,617,519,509,494,406,519,509,494,622,527,511,539,119,521
18695,617,519,508,495,406,519,508,495,622,527,510,538,119,521
22107,617,519,508,495,406,519,508,495,622,527,510,538,119,521
22108,398,517,495,490,625,517,495,490,401,525,497,543,119,521
22115,398,517,492,488,625,517,492,488,401,525,494,545,119,521
22125,398,516,491,487,625,516,491,487,401,524,493,546,119,521
22135,397,515,492,487,626,515,492,487,399,523,494,546,119,521
22145,396,514,495,490,627,514,495,490,399,522,497,543,119,521
22155,395,513,497,493,628,513,497,493,398,521,499,540,119,521
22165,394,512,500,496,629,512,500,496,397,520,502,537,119,521
22175,395,513,501,498,628,513,501,498,398,521,503,535,119,521
22185,396,514,501,498,627,514,501,498,399,522,503,535,119,521
22195,397,516,501,495,626,516,501,495,399,524,503,538,119,521
22205,397,516,501,493,626,516,501,493,399,524,503,540,119,521
22215,397,517,502,490,626,517,502,490,399,525,504,543,119,521
22225,396,516,504,489,627,516,504,489,399,524,506,544,119,521
22235,395,515,506,489,628,515,506,489,398,523,508,544,119,521
22245,394,515,509,490,629,515,509,490,397,523,511,543,119,521
22255,394,515,510,492,629,515,510,492,397,523,512,541,119,521
22265,394,515,510,493,629,515,510,493,397,523,512,540,119,521
22275,395,515,509,493,628,515,509,493,398,523,511,540,119,521
22285,396,516,507,494,627,516,507,494,399,524,509,539,119,521
22295,396,516,504,493,627,516,504,493,399,524,506,540,119,521
22305,396,516,502,492,627,516,502,492,399,524,504,541,119,521
22315,396,516,500,492,627,516,500,492,399,524,502,541,119,521
22325,397,515,500,491,626,515,500,491,399,523,502,542,119,521
22335,397,515,500,491,626,515,500,491,399,523,502,542,119,521
22345,396,516,501,491,627,516,501,491,399,524,503,542,119,521
22355,396,515,502,492,627,515,502,492,399,523,504,541,119,521
22365,396,516,502,493,627,516,502,493,399,524,504,540,119,521
22375,396,516,502,493,627,516,502,493,399,524,504,540,119,521
22385,396,516,501,492,627,516,501,492,399,524,503,541,119,521
22395,397,516,500,491,626,516,500,491,399,524,502,542,119,521
22405,397,516,498,489,626,516,498,489,399,524,500,544,119,521
22415,397,516,497,488,626,516,497,488,399,524,499,545,119,521
22425,396,515,497,489,627,515,497,489,399,523,499,544,119,521
22435,396,513,499,491,627,513,499,491,399,521,501,542,119,521
22445,395,513,501,494,628,513,501,494,398,521,503,539,119,521
22455,394,513,503,497,629,513,503,497,397,521,505,536,119,521
22465,394,514,504,499,629,514,504,499,397,522,506,534,119,521
22475,395,515,505,499,628,515,505,499,398,523,507,534,119,521
22485,396,516,505,498,627,516,505,498,399,524,507,535,119,521
22495,397,517,504,495,626,517,504,495,399,525,506,538,119,521
22505,397,517,503,491,626,517,503,491,399,525,505,542,119,521
22515,397,517,503,489,626,517,503,489,399,525,505,544,119,521
22525,396,516,503,488,627,516,503,488,399,524,505,545,119,521
22535,396,515,503,489,627,515,503,489,399,523,505,544,119,521
22545,395,515,504,491,628,515,504,491,398,523,506,542,119,521
22555,395,514,503,492,628,514,503,492,398,522,505,541,119,521
22565,395,514,503,494,628,514,503,494,398,522,505,539,119,521
22575,396,515,503,494,627,515,503,494,399,523,505,539,119,521
22585,396,516,502,494,627,516,502,494,399,524,504,539,119,521
22595,396,516,502,493,627,516,502,493,399,524,504,540,119,521
22605,396,516,501,493,627,516,501,493,399,524,503,540,119,521
22615,396,516,502,494,627,516,502,494,399,524,504,539,119,521
22625,396,516,503,494,627,516,503,494,399,524,505,539,119,521
22635,395,516,504,495,628,516,504,495,398,524,506,538,119,521
22645,396,516,504,495,627,516,504,495,399,524,506,538,119,521
22655,396,516,503,494,627,516,503,494,399,524,505,539,119,521
22665,396,516,502,493,627,516,502,493,399,524,504,540,119,521
22675,396,516,501,491,627,516,501,491,399,524,503,542,119,521
22685,396,517,500,490,627,517,500,490,399,525,502,543,119,521
22695,397,516,500,490,626,516,500,490,399,524,502,543,119,521
22705,396,515,502,491,627,515,502,491,399,523,504,542,119,521
22715,395,515,503,493,628,515,503,493,398,523,505,540,119,521
22725,395,515,505,495,628,515,505,495,398,523,507,538,119,521
22735,395,515,506,495,628,515,506,495,398,523,508,538,119,521
22745,396,516,505,494,627,516,505,494,399,524,507,539,119,521
22755,396,516,504,493,627,516,504,493,399,524,506,540,119,521
22765,397,517,502,490,626,517,502,490,399,525,504,543,119,521
22775,397,517,500,488,626,517,500,488,399,525,502,545,119,521
22785,397,517,499,488,626,517,499,488,399,525,501,545,119,521
22795,396,516,498,488,627,516,498,488,399,524,500,545,119,521
22805,396,516,498,489,627,516,498,489,399,524,500,544,119,521
22815,396,515,499,491,627,515,499,491,399,523,501,542,119,521
22825,396,515,499,492,627,515,499,492,399,523,501,541,119,521
22835,396,516,499,493,627,516,499,493,399,524,501,540,119,521
22845,397,516,499,492,626,516,499,492,399,524,501,541,119,521
22855,397,517,499,491,626,517,499,491,399,525,501,542,119,521
22865,397,517,499,489,626,517,499,489,399,525,501,544,119,521
22875,397,517,500,487,626,517,500,487,399,525,502,546,119,521
22885,396,516,501,485,627,516,501,485,399,524,503,548,119,521
22895,396,515,502,486,627,515,502,486,399,523,504,547,119,521
22905,395,515,504,488,628,515,504,488,398,523,506,545,119,521
22915,394,514,505,490,629,514,505,490,397,522,507,543,119,521
22925,395,514,506,492,628,514,506,492,398,522,508,541,119,521
22935,395,515,505,492,628,515,505,492,398,523,507,541,119,521
22945,396,515,505,492,627,515,505,492,399,523,507,541,119,521
22955,396,515,504,491,627,515,504,491,399,523,506,542,119,521
22965,396,516,503,491,627,516,503,491,399,524,505,542,119,521
22975,396,516,502,489,627,516,502,489,399,524,504,544,119,521
22985,396,515,502,489,627,515,502,489,399,523,504,544,119,521
22995,396,515,502,490,627,515,502,490,399,523,504,543,119,521
23005,395,514,502,492,628,514,502,492,398,522,504,541,119,521
23015,395,514,502,494,628,514,502,494,398,522,504,539,119,521
23025,395,514,502,496,628,514,502,496,398,522,504,537,119,521
23035,396,514,500,496,627,514,500,496,399,522,502,537,119,521
23045,396,515,498,495,627,515,498,495,399,523,500,538,119,521
23055,397,516,498,493,626,516,498,493,399,524,500,540,119,521
23065,397,516,498,491,626,516,498,491,399,524,500,542,119,521
23075,397,516,500,491,626,516,500,491,399,524,502,542,119,521
23085,396,516,502,493,627,516,502,493,399,524,504,540,119,521
23095,395,516,504,494,628,516,504,494,398,524,506,539,119,521
23105,395,516,505,494,628,516,505,494,398,524,507,539,119,521
23115,396,517,505,493,627,517,505,493,399,525,507,540,119,521
23125,397,518,504,491,626,518,504,491,399,526,506,542,119,521
23135,397,518,503,488,626,518,503,488,399,526,505,545,119,521
23145,397,517,502,486,626,517,502,486,399,525,504,547,119,521
23155,396,516,501,486,627,516,501,486,399,524,503,547,119,521
23165,396,515,501,487,627,515,501,487,399,523,503,546,119,521
23175,395,514,501,489,628,514,501,489,398,522,503,544,119,521
23185,395,514,501,491,628,514,501,491,398,522,503,542,119,521
23195,395,514,502,493,628,514,502,493,398,522,504,540,119,521
23205,396,514,502,494,627,514,502,494,399,522,504,539,119,521
23215,396,515,502,493,627,515,502,493,399,523,504,540,119,521
23225,396,515,501,492,627,515,501,492,399,523,503,541,119,521
23235,396,515,501,491,627,515,501,491,399,523,503,542,119,521
23245,396,516,501,490,627,516,501,490,399,524,503,543,119,521
23255,396,515,502,490,627,515,502,490,399,523,504,543,119,521
23265,396,515,503,490,627,515,503,490,399,523,505,543,119,521
23275,396,516,503,491,627,516,503,491,399,524,505,542,119,521
23285,396,515,503,492,627,515,503,492,399,523,505,541,119,521
23295,395,515,503,493,628,515,503,493,398,523,505,540,119,521
23305,395,514,502,494,628,514,502,494,398,522,504,539,119,521
23315,395,514,502,495,628,514,502,495,398,522,504,538,119,521
23325,395,514,503,496,628,514,503,496,398,522,505,537,119,521
23335,395,514,503,496,628,514,503,496,398,522,505,537,119,521
23345,396,515,504,496,627,515,504,496,399,523,506,537,119,521
23355,396,516,505,495,627,516,505,495,399,524,507,538,119,521
23365,396,516,505,494,627,516,505,494,399,524,507,539,119,521
23375,396,517,504,494,627,517,504,494,399,525,506,539,119,521
23385,396,517,503,493,627,517,503,493,399,525,505,540,119,521
23395,397,517,500,491,626,517,500,491,399,525,502,542,119,521
23405,397,517,499,490,626,517,499,490,399,525,501,543,119,521
23415,397,516,498,489,626,516,498,489,399,524,500,544,119,521
23425,396,515,499,490,627,515,499,490,399,523,501,543,119,521
23435,395,514,501,492,628,514,501,492,398,522,503,541,119,521
23445,395,514,503,494,628,514,503,494,398,522,505,539,119,521
23455,395,513,504,496,628,513,504,496,398,521,506,537,119,521
23465,395,514,505,496,628,514,505,496,398,522,507,537,119,521
23475,396,515,504,496,627,515,504,496,399,523,506,537,119,521
23485,397,517,503,494,626,517,503,494,399,525,505,539,119,521
23495,398,518,501,491,625,518,501,491,401,526,503,542,119,521
23505,398,518,499,488,625,518,499,488,401,526,501,545,119,521
23515,398,517,498,486,625,517,498,486,401,525,500,547,119,521
23525,397,516,498,486,626,516,498,486,399,524,500,547,119,521
23535,396,515,499,489,627,515,499,489,399,523,501,544,119,521
23545,395,513,502,493,628,513,502,493,398,521,504,540,119,521
23555,394,513,504,498,629,513,504,498,397,521,506,535,119,521
23565,394,514,505,500,629,514,505,500,397,522,507,533,119,521
23575,395,515,505,500,628,515,505,500,398,523,507,533,119,521
23585,396,517,504,498,627,517,504,498,399,525,506,535,119,521
23595,397,518,502,494,626,518,502,494,399,526,504,539,119,521
23605,398,519,500,489,625,519,500,489,401,527,502,544,119,521
23615,398,519,500,486,625,519,500,486,401,527,502,547,119,521
23625,398,518,500,485,625,518,500,485,401,526,502,548,119,521
23635,396,516,500,486,627,516,500,486,399,524,502,547,119,521
23645,396,515,502,488,627,515,502,488,399,523,504,545,119,521
23655,395,514,502,492,628,514,502,492,398,522,504,541,119,521
23665,395,514,502,494,628,514,502,494,398,522,504,539,119,521
23675,395,515,502,495,628,515,502,495,398,523,504,538,119,521
23685,396,515,501,495,627,515,501,495,399,523,503,538,119,521
23695,396,516,501,493,627,516,501,493,399,524,503,540,119,521
23705,396,516,501,492,627,516,501,492,399,524,503,541,119,521
23715,396,516,501,490,627,516,501,490,399,524,503,543,119,521
23725,396,516,501,490,627,516,501,490,399,524,503,543,119,521
23735,396,516,501,491,627,516,501,491,399,524,503,542,119,521
23745,396,516,500,491,627,516,500,491,399,524,502,542,119,521
23755,396,516,498,492,627,516,498,492,399,524,500,541,119,521
23765,397,516,497,491,626,516,497,491,399,524,499,542,119,521
23775,397,516,496,491,626,516,496,491,399,524,498,542,119,521
23785,397,516,497,491,626,516,497,491,399,524,499,542,119,521
23795,396,516,498,490,627,516,498,490,399,524,500,543,119,521
23805,396,516,500,490,627,516,500,490,399,524,502,543,119,521
23815,396,515,502,491,627,515,502,491,399,523,504,542,119,521
23825,395,515,503,492,628,515,503,492,398,523,505,541,119,521
23835,395,515,504,492,628,515,504,492,398,523,506,541,119,521
23845,395,515,504,493,628,515,504,493,398,523,506,540,119,521
23855,396,516,503,493,627,516,503,493,399,524,505,540,119,521
23865,396,516,502,492,627,516,502,492,399,524,504,541,119,521
23875,396,516,500,491,627,516,500,491,399,524,502,542,119,521
23885,397,516,498,490,626,516,498,490,399,524,500,543,119,521
23895,397,516,498,490,626,516,498,490,399,524,500,543,119,521
23905,397,516,498,490,626,516,498,490,399,524,500,543,119,521
23915,396,515,500,491,627,515,500,491,399,523,502,542,119,521
23925,395,515,502,493,628,515,502,493,398,523,504,540,119,521
23935,395,514,503,494,628,514,503,494,398,522,505,539,119,521
23945,395,515,503,495,628,515,503,495,398,523,505,538,119,521
23955,396,515,502,494,627,515,502,494,399,523,504,539,119,521
23965,396,516,500,492,627,516,500,492,399,524,502,541,119,521
23975,396,516,498,490,627,516,498,490,399,524,500,543,119,521
23985,397,516,497,489,626,516,497,489,399,524,499,544,119,521
23995,397,515,497,490,626,515,497,490,399,523,499,543,119,521
24005,396,515,497,492,627,515,497,492,399,523,499,541,119,521
24015,396,515,498,493,627,515,498,493,399,523,500,540,119,521
24025,396,516,499,495,627,516,499,495,399,524,501,538,119,521
24035,396,516,500,496,627,516,500,496,399,524,502,537,119,521
24045,396,517,500,495,627,517,500,495,399,525,502,538,119,521
24055,396,517,501,494,627,517,501,494,399,525,503,539,119,521
24065,397,517,501,492,626,517,501,492,399,525,503,541,119,521
24075,396,517,501,490,627,517,501,490,399,525,503,543,119,521
24085,396,517,501,490,627,517,501,490,399,525,503,543,119,521
24095,396,516,502,490,627,516,502,490,399,524,504,543,119,521
24105,396,516,501,491,627,516,501,491,399,524,503,542,119,521
24115,396,516,500,493,627,516,500,493,399,524,502,540,119,521
24125,396,516,498,494,627,516,498,494,399,524,500,539,119,521
24135,396,516,497,494,627,516,497,494,399,524,499,539,119,521
24145,397,516,495,494,626,516,495,494,399,524,497,539,119,521
24155,397,516,495,492,626,516,495,492,399,524,497,541,119,521
24165,398,516,495,491,625,516,495,491,401,524,497,542,119,521
24175,397,516,497,491,626,516,497,491,399,524,499,542,119,521
24185,396,515,500,492,627,515,500,492,399,523,502,541,119,521
24195,395,515,502,494,628,515,502,494,398,523,504,539,119,521
24205,395,515,504,495,628,515,504,495,398,523,506,538,119,521
24215,395,515,505,496,628,515,505,496,398,523,507,537,119,521
24225,395,516,504,496,628,516,504,496,398,524,506,537,119,521
24235,396,516,502,494,627,516,502,494,399,524,504,539,119,521
24245,397,517,500,492,626,517,500,492,399,525,502,541,119,521
24255,397,517,498,489,626,517,498,489,399,525,500,544,119,521
24265,397,517,498,488,626,517,498,488,399,525,500,545,119,521
24275,397,516,498,488,626,516,498,488,399,524,500,545,119,521
24285,396,515,500,489,627,515,500,489,399,523,502,544,119,521
24295,396,515,501,492,627,515,501,492,399,523,503,541,119,521
24305,395,515,502,494,628,515,502,494,398,523,504,539,119,521
24315,395,515,502,496,628,515,502,496,398,523,504,537,119,521
24325,395,516,501,496,628,516,501,496,398,524,503,537,119,521
24335,396,516,500,495,627,516,500,495,399,524,502,538,119,521
24345,397,517,499,493,626,517,499,493,399,525,501,540,119,521
24355,397,517,499,491,626,517,499,491,399,525,501,542,119,521
24365,397,517,499,489,626,517,499,489,399,525,501,544,119,521
24375,397,517,501,489,626,517,501,489,399,525,503,544,119,521
24385,396,516,502,490,627,516,502,490,399,524,504,543,119,521
24395,396,516,502,491,627,516,502,491,399,524,504,542,119,521
24405,396,516,501,492,627,516,501,492,399,524,503,541,119,521
24415,396,516,500,493,627,516,500,493,399,524,502,540,119,521
24425,396,516,498,493,627,516,498,493,399,524,500,540,119,521
24435,396,516,498,492,627,516,498,492,399,524,500,541,119,521
24445,396,516,497,492,627,516,497,492,399,524,499,541,119,521
24455,396,515,498,492,627,515,498,492,399,523,500,541,119,521
24465,396,515,498,493,627,515,498,493,399,523,500,540,119,521
24475,396,515,499,494,627,515,499,494,399,523,501,539,119,521
24485,396,516,500,494,627,516,500,494,399,524,502,539,119,521
24495,396,516,500,494,627,516,500,494,399,524,502,539,119,521
24505,397,516,500,494,626,516,500,494,399,524,502,539,119,521
24515,396,516,500,494,627,516,500,494,399,524,502,539,119,521
24525,396,516,500,494,627,516,500,494,399,524,502,539,119,521
24535,396,516,500,494,627,516,500,494,399,524,502,539,119,521
24545,396,515,500,494,627,515,500,494,399,523,502,539,119,521
24555,395,515,500,495,628,515,500,495,398,523,502,538,119,521
24565,395,516,501,496,628,516,501,496,398,524,503,537,119,521
24575,395,516,502,496,628,516,502,496,398,524,504,537,119,521
24585,396,517,501,495,627,517,501,495,399,525,503,538,119,521
24595,397,517,500,495,626,517,500,495,399,525,502,538,119,521
24605,397,518,498,494,626,518,498,494,399,526,500,539,119,521
29222,397,518,497,493,626,518,497,493,399,526,499,540,119,521
29223,509,395,502,487,514,395,502,487,512,407,504,546,119,521
29225,508,394,503,490,515,394,503,490,512,406,505,543,119,521
29235,507,393,505,494,516,393,505,494,512,405,507,539,119,521
29245,505,392,506,496,518,392,506,496,510,404,508,537,119,521
29255,505,393,508,496,518,393,508,496,510,405,510,537,119,521
29265,505,393,509,495,518,393,509,495,510,405,511,538,119,521
29275,506,392,509,493,517,392,509,493,511,404,511,540,119,521
29285,507,392,509,491,516,392,509,491,512,404,511,542,119,521
29295,507,392,507,490,516,392,507,490,512,404,509,543,119,521
29305,508,393,505,489,515,393,505,489,512,405,507,544,119,521
29315,507,394,504,489,516,394,504,489,512,406,506,544,119,521
29325,507,395,504,490,516,395,504,490,512,407,506,543,119,521
29335,506,395,504,490,517,395,504,490,511,407,506,543,119,521
29345,506,394,504,491,517,394,504,491,511,406,506,542,119,521
29355,506,393,506,492,517,393,506,492,511,405,508,541,119,521
29365,505,393,506,493,518,393,506,493,510,405,508,540,119,521
29375,505,393,506,494,518,393,506,494,510,405,508,539,119,521
29385,504,394,505,496,519,394,505,496,509,406,507,537,119,521
29395,504,395,504,499,519,395,504,499,509,407,506,534,119,521
29405,506,396,504,499,517,396,504,499,511,408,506,534,119,521
29415,507,397,505,497,516,397,505,497,512,409,507,536,119,521
29425,509,396,506,491,514,396,506,491,512,408,508,542,119,521
29435,510,396,507,484,513,396,507,484,513,408,509,549,119,521
29445,510,394,508,477,513,394,508,477,513,406,510,556,119,521
29455,509,393,508,471,514,393,508,471,512,405,510,562,119,521
29465,507,390,508,470,516,390,508,470,512,402,510,563,119,521
29475,505,388,507,473,518,388,507,473,510,400,509,560,119,521
29485,504,385,506,482,519,385,506,482,509,398,508,551,119,521
29495,503,384,505,492,520,384,505,492,507,397,507,541,119,521
29505,503,385,504,500,520,385,504,500,507,398,506,533,119,521
29515,504,388,502,504,519,388,502,504,509,400,504,529,119,521
29525,505,390,501,505,518,390,501,505,510,402,503,528,119,521
29535,507,392,501,503,516,392,501,503,512,404,503,530,119,521
29545,508,393,502,499,515,393,502,499,512,405,504,534,119,521
29555,509,393,504,495,514,393,504,495,512,405,506,538,119,521
29565,510,392,506,491,513,392,506,491,513,404,508,542,119,521
29575,510,391,508,488,513,391,508,488,513,403,510,545,119,521
29585,510,390,509,486,513,390,509,486,513,402,511,547,119,521
29595,508,390,509,485,515,390,509,485,512,402,511,548,119,521
29605,507,390,508,485,516,390,508,485,512,402,510,548,119,521
29615,506,391,506,487,517,391,506,487,511,403,508,546,119,521
29625,505,391,504,489,518,391,504,489,510,403,506,544,119,521
29635,505,392,501,493,518,392,501,493,510,404,503,540,119,521
29645,506,394,499,496,517,394,499,496,511,406,501,537,119,521
29655,507,396,498,496,516,396,498,496,512,408,500,537,119,521
29665,508,397,498,495,515,397,498,495,512,409,500,538,119,521
29675,508,398,500,493,515,398,500,493,512,410,502,540,119,521
29685,507,397,503,492,516,397,503,492,512,409,505,541,119,521
29695,506,395,506,493,517,395,506,493,511,407,508,540,119,521
29705,506,393,509,495,517,393,509,495,511,405,511,538,119,521
29715,506,392,510,496,517,392,510,496,511,404,512,537,119,521
29725,506,393,509,497,517,393,509,497,511,405,511,536,119,521
29735,506,394,507,496,517,394,507,496,511,406,509,537,119,521
29745,507,396,505,494,516,396,505,494,512,408,507,539,119,521
29755,508,397,503,492,515,397,503,492,512,409,505,541,119,521
29765,510,397,502,490,513,397,502,490,513,409,504,543,119,521
29775,510,397,501,488,513,397,501,488,513,409,503,545,119,521
29785,510,396,502,486,513,396,502,486,513,408,504,547,119,521
29795,509,395,502,485,514,395,502,485,512,407,504,548,119,521
29805,508,394,502,484,515,394,502,484,512,406,504,549,119,521
29815,508,393,501,485,515,393,501,485,512,405,503,548,119,521
29825,507,392,501,487,516,392,501,487,512,404,503,546,119,521
29835,507,392,501,490,516,392,501,490,512,404,503,543,119,521
29845,506,392,501,493,517,392,501,493,511,404,503,540,119,521
29855,506,393,502,496,517,393,502,496,511,405,504,537,119,521
29865,506,394,504,496,517,394,504,496,511,406,506,537,119,521
29875,506,395,504,495,517,395,504,495,511,407,506,538,119,521
29885,506,396,506,494,517,396,506,494,511,408,508,539,119,521
29895,506,396,507,491,517,396,507,491,511,408,509,542,119,521
29905,507,395,507,490,516,395,507,490,512,407,509,543,119,521
29915,507,394,506,488,516,394,506,488,512,406,508,545,119,521
29925,507,394,504,487,516,394,504,487,512,406,506,546,119,521
29935,506,395,502,485,517,395,502,485,511,407,504,548,119,521
29945,504,396,501,481,519,396,501,481,509,408,503,552,119,521
29955,502,395,501,478,521,395,501,478,506,407,503,555,119,521
29965,500,392,502,478,523,392,502,478,504,404,504,555,119,521
29975,499,388,504,482,524,388,504,482,503,400,506,551,119,521
29985,499,386,506,489,524,386,506,489,503,399,508,544,119,521
29995,499,385,506,496,524,385,506,496,503,398,508,537,119,521
30005,500,386,505,502,523,386,505,502,504,399,507,531,119,521
30015,503,387,505,505,520,387,505,505,507,399,507,528,119,521
30025,506,389,504,504,517,389,504,504,511,401,506,529,119,521
30035,509,391,504,502,514,391,504,502,512,403,506,531,119,521
30045,511,393,504,497,512,393,504,497,514,405,506,536,119,521
30055,512,394,504,493,511,394,504,493,515,406,506,540,119,521
30065,512,394,503,490,511,394,503,490,515,406,505,543,119,521
30075,512,393,502,489,511,393,502,489,515,405,504,544,119,521
30085,512,393,502,489,511,393,502,489,515,405,504,544,119,521
30095,511,393,501,490,512,393,501,490,514,405,503,543,119,521
30105,510,393,500,491,513,393,500,491,513,405,502,542,119,521
30115,510,393,500,493,513,393,500,493,513,405,502,540,119,521
30125,509,393,500,496,514,393,500,496,512,405,502,537,119,521
30135,509,393,501,499,514,393,501,499,512,405,503,534,119,521
30145,508,393,502,501,515,393,502,501,512,405,504,532,119,521
30155,508,392,504,502,515,392,504,502,512,404,506,531,119,521
30165,508,392,504,502,515,392,504,502,512,404,506,531,119,521
30175,509,392,504,500,514,392,504,500,512,404,506,533,119,521
30185,510,393,504,497,513,393,504,497,513,405,506,536,119,521
30195,511,395,503,494,512,395,503,494,514,407,505,539,119,521
30205,512,396,502,491,511,396,502,491,515,408,504,542,119,521
30215,512,397,502,489,511,397,502,489,515,409,504,544,119,521
30225,511,397,502,489,512,397,502,489,514,409,504,544,119,521
30235,509,396,504,490,514,396,504,490,512,408,506,543,119,521
30245,508,395,504,492,515,395,504,492,512,407,506,541,119,521
30255,507,394,504,495,516,394,504,495,512,406,506,538,119,521
30265,507,393,504,495,516,393,504,495,512,405,506,538,119,521
30275,507,394,504,494,516,394,504,494,512,406,506,539,119,521
30285,507,394,504,493,516,394,504,493,512,406,506,540,119,521
30295,507,393,503,493,516,393,503,493,512,405,505,540,119,521
30305,507,394,503,492,516,394,503,492,512,406,505,541,119,521
30315,507,394,502,491,516,394,502,491,512,406,504,542,119,521
30325,507,395,502,488,516,395,502,488,512,407,504,545,119,521
30335,507,394,502,486,516,394,502,486,512,406,504,547,119,521
30345,506,393,504,486,517,393,504,486,511,405,506,547,119,521
30355,506,391,506,488,517,391,506,488,511,403,508,545,119,521
30365,504,390,507,490,519,390,507,490,509,402,509,543,119,521
30375,504,389,507,493,519,389,507,493,509,401,509,540,119,521
30385,504,388,506,496,519,388,506,496,509,400,508,537,119,521
30395,505,387,505,498,518,387,505,498,510,399,507,535,119,521
30405,506,388,503,499,517,388,503,499,511,400,505,534,119,521
30415,507,390,502,499,516,390,502,499,512,402,504,534,119,521
30425,508,392,502,499,515,392,502,499,512,404,504,534,119,521
30435,507,392,501,500,516,392,501,500,512,404,503,533,119,521
30445,508,392,501,500,515,392,501,500,512,404,503,533,119,521
30455,507,393,501,499,516,393,501,499,512,405,503,534,119,521
30465,507,394,500,496,516,394,500,496,512,406,502,537,119,521
30475,508,395,500,493,515,395,500,493,512,407,502,540,119,521
30485,508,395,500,490,515,395,500,490,512,407,502,543,119,521
30495,508,394,502,491,515,394,502,491,512,406,504,542,119,521
30505,508,393,503,492,515,393,503,492,512,405,505,541,119,521
30515,507,392,504,494,516,392,504,494,512,404,506,539,119,521
30525,506,391,505,497,517,391,505,497,511,403,507,536,119,521
30535,505,391,506,499,518,391,506,499,510,403,508,534,119,521
30545,505,392,506,500,518,392,506,500,510,404,508,533,119,521
30555,506,392,506,500,517,392,506,500,511,404,508,533,119,521
30565,507,392,505,498,516,392,505,498,512,404,507,535,119,521
30575,508,393,503,496,515,393,503,496,512,405,505,537,119,521
30585,509,394,501,494,514,394,501,494,512,406,503,539,119,521
30595,509,394,500,491,514,394,500,491,512,406,502,542,119,521
30605,509,395,500,489,514,395,500,489,512,407,502,544,119,521
30615,507,394,501,487,516,394,501,487,512,406,503,546,119,521
30625,506,393,502,486,517,393,502,486,511,405,504,547,119,521
30635,505,391,503,486,518,391,503,486,510,403,505,547,119,521
30645,505,389,503,488,518,389,503,488,510,401,505,545,119,521
30655,504,389,502,492,519,389,502,492,509,401,504,541,119,521
30665,504,389,501,496,519,389,501,496,509,401,503,537,119,521
30675,504,391,500,500,519,391,500,500,509,403,502,533,119,521
30685,504,393,499,502,519,393,499,502,509,405,501,531,119,521
30695,505,395,500,502,518,395,500,502,510,407,502,531,119,521
30705,506,396,501,500,517,396,501,500,511,408,503,533,119,521
30715,506,396,503,498,517,396,503,498,511,408,505,535,119,521
30725,506,395,505,495,517,395,505,495,511,407,507,538,119,521
30735,506,395,506,492,517,395,506,492,511,407,508,541,119,521
30745,506,394,505,490,517,394,505,490,511,406,507,543,119,521
30755,505,394,504,489,518,394,504,489,510,406,506,544,119,521
30765,504,394,503,489,519,394,503,489,509,406,505,544,119,521
30775,504,394,503,491,519,394,503,491,509,406,505,542,119,521
30785,504,393,503,493,519,393,503,493,509,405,505,540,119,521
30795,504,393,504,495,519,393,504,495,509,405,506,538,119,521
30805,504,392,504,496,519,392,504,496,509,404,506,537,119,521
30815,504,390,503,498,519,390,503,498,509,402,505,535,119,521
30825,504,390,502,498,519,390,502,498,509,402,504,535,119,521
30835,504,390,501,498,519,390,501,498,509,402,503,535,119,521
30845,504,391,499,497,519,391,499,497,509,403,501,536,119,521
30855,504,393,498,496,519,393,498,496,509,405,500,537,119,521
30865,505,394,498,495,518,394,498,495,510,406,500,538,119,521
30875,505,394,500,496,518,394,500,496,510,406,502,537,119,521
30885,506,393,501,498,517,393,501,498,511,405,503,535,119,521
30895,507,393,502,499,516,393,502,499,512,405,504,534,119,521
30905,508,393,503,499,515,393,503,499,512,405,505,534,119,521
30915,509,393,502,499,514,393,502,499,512,405,504,534,119,521
30925,509,394,500,498,514,394,500,498,512,406,502,535,119,521
30935,510,396,499,496,513,396,499,496,513,408,501,537,119,521
30945,510,397,498,492,513,397,498,492,513,409,500,541,119,521
30955,510,398,498,489,513,398,498,489,513,410,500,544,119,521
30965,510,397,500,488,513,397,500,488,513,409,502,545,119,521
30975,507,397,502,488,516,397,502,488,512,409,504,545,119,521
30985,505,395,504,490,518,395,504,490,510,407,506,543,119,521
30995,503,393,506,491,520,393,506,491,507,405,508,542,119,521
31005,502,392,507,492,521,392,507,492,506,404,509,541,119,521
31015,502,391,506,492,521,391,506,492,506,403,508,541,119,521
31025,502,391,505,491,521,391,505,491,506,403,507,542,119,521
31035,504,392,503,490,519,392,503,490,509,404,505,543,119,521
31045,505,393,500,490,518,393,500,490,510,405,502,543,119,521
31055,505,394,499,488,518,394,499,488,510,406,501,545,119,521
31065,505,393,499,489,518,393,499,489,510,405,501,544,119,521
31075,503,392,500,493,520,392,500,493,507,404,502,540,119,521
31085,502,390,502,498,521,390,502,498,506,402,504,535,119,521
31095,503,389,503,502,520,389,503,502,507,401,505,531,119,521
31105,503,390,503,504,520,390,503,504,507,402,505,529,119,521
31115,505,392,502,502,518,392,502,502,510,404,504,531,119,521
31125,507,395,500,497,516,395,500,497,512,407,502,536,119,521
31135,508,397,498,490,515,397,498,490,512,409,500,543,119,521
31145,508,398,497,484,515,398,497,484,512,410,499,549,119,521
31155,507,397,498,481,516,397,498,481,512,409,500,552,119,521
31165,505,395,500,481,518,395,500,481,510,407,502,552,119,521
31175,504,392,502,486,519,392,502,486,509,404,504,547,119,521
31185,503,389,503,492,520,389,503,492,507,401,505,541,119,521
31195,502,388,504,499,521,388,504,499,506,400,506,534,119,521
31205,502,388,504,503,521,388,504,503,506,400,506,530,119,521
31215,502,389,504,505,521,389,504,505,506,401,506,528,119,521
31225,504,391,503,503,519,391,503,503,509,403,505,530,119,521
31235,505,393,502,500,518,393,502,500,510,405,504,533,119,521
31245,506,394,502,496,517,394,502,496,511,406,504,537,119,521
31255,507,396,501,492,516,396,501,492,512,408,503,541,119,521
31265,508,397,501,488,515,397,501,488,512,409,503,545,119,521
31275,507,398,500,484,516,398,500,484,512,410,502,549,119,521
31285,506,397,500,480,517,397,500,480,511,409,502,553,119,521
31295,505,396,500,479,518,396,500,479,510,408,502,554,119,521
31305,504,395,501,481,519,395,501,481,509,407,503,552,119,521
31315,503,392,502,485,520,392,502,485,507,404,504,548,119,521
31325,502,391,502,491,521,391,502,491,506,403,504,542,119,521
31335,503,390,503,495,520,390,503,495,507,402,505,538,119,521
31345,503,391,502,496,520,391,502,496,507,403,504,537,119,521
31355,504,393,502,494,519,393,502,494,509,405,504,539,119,521
31365,505,394,501,491,518,394,501,491,510,406,503,542,119,521
31375,505,395,501,488,518,395,501,488,510,407,503,545,119,521
31385,506,394,502,487,517,394,502,487,511,406,504,546,119,521
31395,505,392,503,488,518,392,503,488,510,404,505,545,119,521
31405,505,390,504,491,518,390,504,491,510,402,506,542,119,521
31415,504,390,503,494,519,390,503,494,509,402,505,539,119,521
31425,504,390,503,496,519,390,503,496,509,402,505,537,119,521
31435,504,391,501,496,519,391,501,496,509,403,503,537,119,521
31445,504,392,500,495,519,392,500,495,509,404,502,538,119,521
31455,505,393,499,494,518,393,499,494,510,405,501,539,119,521
31465,506,393,498,493,517,393,498,493,511,405,500,540,119,521
31475,506,394,497,492,517,394,497,492,511,406,499,541,119,521
31485,507,395,497,492,516,395,497,492,512,407,499,541,119,521
31495,506,395,498,493,517,395,498,493,511,407,500,540,119,521
31505,505,395,500,493,518,395,500,493,510,407,502,540,119,521
31515,504,394,503,492,519,394,503,492,509,406,505,541,119,521
31525,503,393,505,492,520,393,505,492,507,405,507,541,119,521
31535,503,391,506,494,520,391,506,494,507,403,508,539,119,521
31545,503,390,506,496,520,390,506,496,507,402,508,537,119,521
31555,504,391,505,496,519,391,505,496,509,403,507,537,119,521
31565,504,392,502,494,519,392,502,494,509,404,504,539,119,521
31575,506,395,500,490,517,395,500,490,511,407,502,543,119,521
31585,507,397,498,486,516,397,498,486,512,409,500,547,119,521
31595,508,398,498,482,515,398,498,482,512,410,500,551,119,521
31605,507,397,499,480,516,397,499,480,512,409,501,553,119,521
31615,506,394,500,482,517,394,500,482,511,406,502,551,119,521
31625,505,391,502,487,518,391,502,487,510,403,504,546,119,521
31635,504,389,504,493,519,389,504,493,509,401,506,540,119,521
31645,503,388,504,498,520,388,504,498,507,400,506,535,119,521
31655,503,389,502,501,520,389,502,501,507,401,504,532,119,521
31665,505,392,501,500,518,392,501,500,510,404,503,533,119,521
31675,506,394,499,496,517,394,499,496,511,406,501,537,119,521
31685,508,397,497,491,515,397,497,491,512,409,499,542,119,521
31695,509,397,497,486,514,397,497,486,512,409,499,547,119,521
31705,508,397,498,483,515,397,498,483,512,409,500,550,119,521
31715,507,395,500,482,516,395,500,482,512,407,502,551,119,521
31725,505,393,502,484,518,393,502,484,510,405,504,549,119,521
34489,504,391,503,487,519,391,503,487,509,403,505,546,119,521
34490,507,616,494,510,516,616,494,510,512,622,496,523,119,521
34495,509,619,494,504,514,619,494,504,512,625,496,529,119,521
34505,511,620,496,498,512,620,496,498,514,625,498,535,119,521
34515,512,620,497,493,511,620,497,493,515,625,499,540,119,521
34525,511,620,499,491,512,620,499,491,514,625,501,542,119,521
34535,511,619,500,491,512,619,500,491,514,625,502,542,119,521
34545,510,619,499,493,513,619,499,493,513,625,501,540,119,521
34555,509,618,496,494,514,618,496,494,512,624,498,539,119,521
34565,509,618,493,495,514,618,493,495,512,624,495,538,119,521
34575,508,617,491,495,515,617,491,495,512,623,493,538,119,521
34585,508,618,490,493,515,618,490,493,512,624,492,540,119,521
34595,509,618,491,491,514,618,491,491,512,624,493,542,119,521
34605,509,617,492,490,514,617,492,490,512,623,494,543,119,521
34615,509,616,496,491,514,616,496,491,512,622,498,542,119,521
34625,509,615,499,492,514,615,499,492,512,621,501,541,119,521
34635,509,615,501,495,514,615,501,495,512,621,503,538,119,521
34645,509,615,500,496,514,615,500,496,512,621,502,537,119,521
34655,509,616,498,497,514,616,498,497,512,622,500,536,119,521
34665,509,617,495,495,514,617,495,495,512,623,497,538,119,521
34675,509,617,493,492,514,617,493,492,512,623,495,541,119,521
34685,508,617,493,490,515,617,493,490,512,623,495,543,119,521
34695,508,617,494,490,515,617,494,490,512,623,496,543,119,521
34705,508,616,495,492,515,616,495,492,512,622,497,541,119,521
34715,507,616,498,496,516,616,498,496,512,622,500,537,119,521
34725,506,616,499,500,517,616,499,500,511,622,501,533,119,521
34735,506,617,498,502,517,617,498,502,511,623,500,531,119,521
34745,507,617,496,502,516,617,496,502,512,623,498,531,119,521
34755,508,618,495,500,515,618,495,500,512,624,497,533,119,521
34765,510,618,494,494,513,618,494,494,513,624,496,539,119,521
34775,511,618,494,488,512,618,494,488,514,624,496,545,119,521
34785,512,617,495,485,511,617,495,485,515,623,497,548,119,521
34795,511,615,496,485,512,615,496,485,514,621,498,548,119,521
34805,510,613,497,488,513,613,497,488,513,619,499,545,119,521
34815,509,613,498,494,514,613,498,494,512,619,500,539,119,521
34825,508,613,497,500,515,613,497,500,512,619,499,533,119,521
34835,507,614,496,504,516,614,496,504,512,620,498,529,119,521
34845,508,616,494,505,515,616,494,505,512,622,496,528,119,521
34855,509,618,493,503,514,618,493,503,512,624,495,530,119,521
34865,511,620,493,499,512,620,493,499,514,625,495,534,119,521
34875,512,621,494,493,511,621,494,493,515,626,496,540,119,521
34885,511,620,495,490,512,620,495,490,514,625,497,543,119,521
34895,511,618,496,490,512,618,496,490,514,624,498,543,119,521
34905,510,616,496,493,513,616,496,493,513,622,498,540,119,521
34915,509,615,497,498,514,615,497,498,512,621,499,535,119,521
34925,509,614,499,502,514,614,499,502,512,620,501,531,119,521
34935,509,615,500,503,514,615,500,503,512,621,502,530,119,521
34945,509,615,498,504,514,615,498,504,512,621,500,529,119,521
34955,510,615,490,503,513,615,490,503,513,621,492,530,119,521
34965,510,617,488,499,513,617,488,499,513,623,490,534,119,521
34975,511,618,488,496,512,618,488,496,514,624,490,537,119,521
34985,511,618,489,494,512,618,489,494,514,624,491,539,119,521
34995,511,619,495,491,512,619,495,491,514,625,497,542,119,521
35005,511,620,500,490,512,620,500,490,514,625,502,543,119,521
35015,511,620,501,489,512,620,501,489,514,625,503,544,119,521
35025,511,622,498,486,512,622,498,486,514,627,500,547,119,521
35035,511,624,496,481,512,624,496,481,514,629,498,552,119,521
35045,512,625,495,476,511,625,495,476,515,630,497,557,119,521
35055,511,623,496,471,512,623,496,471,514,628,498,562,119,521
35065,511,618,498,470,512,618,498,470,514,624,500,563,119,521
35075,510,612,500,474,513,612,500,474,513,618,502,559,119,521
35085,508,607,501,483,515,607,501,483,512,613,503,550,119,521
35095,506,604,501,494,517,604,501,494,511,610,503,539,119,521
35105,506,604,500,502,517,604,500,502,511,610,502,531,119,521
35115,507,608,497,505,516,608,497,505,512,614,499,528,119,521
35125,508,613,493,503,515,613,493,503,512,619,495,530,119,521
35135,507,618,491,498,516,618,491,498,512,624,493,535,119,521
35145,508,620,491,491,515,620,491,491,512,625,493,542,119,521
35155,509,620,492,486,514,620,492,486,512,625,494,547,119,521
35165,509,616,495,486,514,616,495,486,512,622,497,547,119,521
35175,509,612,498,491,514,612,498,491,512,618,500,542,119,521
35185,508,609,500,499,515,609,500,499,512,615,502,534,119,521
35195,507,608,501,507,516,608,501,507,512,614,503,526,119,521
35205,508,611,499,512,515,611,499,512,512,617,501,521,119,521
35215,508,614,495,513,515,614,495,513,512,620,497,520,119,521
35225,509,618,492,512,514,618,492,512,512,624,494,521,119,521
35235,510,623,494,504,513,623,494,504,513,628,496,529,119,521
35245,512,625,498,496,511,625,498,496,515,630,500,537,119,521
35255,514,624,500,490,509,624,500,490,518,629,502,543,119,521
35265,514,620,499,489,509,620,499,489,518,625,501,544,119,521
35275,513,617,496,491,510,617,496,491,517,623,498,542,119,521
35285,511,614,494,495,512,614,494,495,514,620,496,538,119,521
35295,510,615,493,498,513,615,493,498,513,621,495,535,119,521
35305,510,617,493,498,513,617,493,498,513,623,495,535,119,521
35315,510,620,494,495,513,620,494,495,513,625,496,538,119,521
35325,511,622,496,490,512,622,496,490,514,627,498,543,119,521
35335,512,622,497,485,511,622,497,485,515,627,499,548,119,521
35345,512,619,496,484,511,619,496,484,515,625,498,549,119,521
35355,513,615,494,486,510,615,494,486,517,621,496,547,119,521
35365,513,613,493,490,510,613,493,490,517,619,495,543,119,521
35375,513,613,494,493,510,613,494,493,517,619,496,540,119,521
35385,512,614,494,494,511,614,494,494,515,620,496,539,119,521
35395,510,614,496,495,513,614,496,495,513,620,498,538,119,521
35405,509,614,497,496,514,614,497,496,512,620,499,537,119,521
35415,509,613,499,498,514,613,499,498,512,619,501,535,119,521
35425,509,612,500,499,514,612,500,499,512,618,502,534,119,521
35435,510,613,499,499,513,613,499,499,513,619,501,534,119,521
35445,512,616,496,496,511,616,496,496,515,622,498,537,119,521
35455,514,618,493,492,509,618,493,492,518,624,495,541,119,521
35465,514,620,492,490,509,620,492,490,518,625,494,543,119,521
35475,512,619,492,490,511,619,492,490,515,625,494,543,119,521
35485,510,618,493,494,513,618,493,494,513,624,495,539,119,521
35495,508,618,496,497,515,618,496,497,512,624,498,536,119,521
35505,507,617,498,500,516,617,498,500,512,623,500,533,119,521
35515,508,616,500,501,515,616,500,501,512,622,502,532,119,521
35525,509,616,500,501,514,616,500,501,512,622,502,532,119,521
35535,511,616,499,499,512,616,499,499,514,622,501,534,119,521
35545,512,618,497,494,511,618,497,494,515,624,499,539,119,521
35555,514,620,495,487,509,620,495,487,518,625,497,546,119,521
35565,514,621,494,480,509,621,494,480,518,626,496,553,119,521
35575,512,621,494,477,511,621,494,477,515,626,496,556,119,521
35585,509,619,495,478,514,619,495,478,512,625,497,555,119,521
35595,507,617,497,483,516,617,497,483,512,623,499,550,119,521
35605,506,614,498,490,517,614,498,490,511,620,500,543,119,521
35615,506,612,498,498,517,612,498,498,511,618,500,535,119,521
35625,507,612,498,504,516,612,498,504,512,618,500,529,119,521
35635,510,614,497,504,513,614,497,504,513,620,499,529,119,521
35645,512,617,495,499,511,617,495,499,515,623,497,534,119,521
35655,513,620,494,491,510,620,494,491,517,625,496,542,119,521
35665,513,620,493,484,510,620,493,484,517,625,495,549,119,521
35675,512,618,494,482,511,618,494,482,515,624,496,551,119,521
35685,510,615,496,483,513,615,496,483,513,621,498,550,119,521
35695,508,613,498,488,515,613,498,488,512,619,500,545,119,521
35705,507,612,499,495,516,612,499,495,512,618,501,538,119,521
35715,508,612,499,501,515,612,499,501,512,618,501,532,119,521
35725,509,613,498,505,514,613,498,505,512,619,500,528,119,521
35735,510,616,496,504,513,616,496,504,513,622,498,529,119,521
35745,512,620,495,497,511,620,495,497,515,625,497,536,119,521
35755,512,621,495,489,511,621,495,489,515,626,497,544,119,521
35765,512,620,496,484,511,620,496,484,515,625,498,549,119,521
35775,511,617,497,483,512,617,497,483,514,623,499,550,119,521
35785,510,613,498,487,513,613,498,487,513,619,500,546,119,521
35795,510,611,498,494,513,611,498,494,513,617,500,539,119,521
35805,510,610,498,500,513,610,498,500,513,616,500,533,119,521
35815,511,612,496,504,512,612,496,504,514,618,498,529,119,521
35825,513,616,495,502,510,616,495,502,517,622,497,531,119,521
35835,514,621,494,495,509,621,494,495,518,626,496,538,119,521
35845,514,623,494,488,509,623,494,488,518,628,496,545,119,521
35855,513,622,494,484,510,622,494,484,517,627,496,549,119,521
35865,511,619,494,486,512,619,494,486,514,625,496,547,119,521
35875,509,616,494,492,514,616,494,492,512,622,496,541,119,521
35885,509,614,496,497,514,614,496,497,512,620,498,536,119,521
35895,510,614,496,502,513,614,496,502,513,620,498,531,119,521
35905,511,616,494,503,512,616,494,503,514,622,496,530,119,521
35915,512,618,492,499,511,618,492,499,515,624,494,534,119,521
35925,514,622,492,493,509,622,492,493,518,627,494,540,119,521
35935,514,622,493,485,509,622,493,485,518,627,495,548,119,521
35945,514,620,496,480,509,620,496,480,518,625,498,553,119,521
35955,512,616,498,480,511,616,498,480,515,622,500,553,119,521
35965,510,613,499,484,513,613,499,484,513,619,501,549,119,521
35975,509,610,499,491,514,610,499,491,512,616,501,542,119,521
35985,508,610,499,497,515,610,499,497,512,616,501,536,119,521
35995,508,613,498,501,515,613,498,501,512,619,500,532,119,521
36005,509,616,496,500,514,616,496,500,512,622,498,533,119,521
36015,511,619,494,496,512,619,494,496,514,625,496,537,119,521
36025,511,621,495,490,512,621,495,490,514,626,497,543,119,521
36035,512,620,496,486,511,620,496,486,515,625,498,547,119,521
36045,511,618,498,485,512,618,498,485,514,624,500,548,119,521
36055,510,615,499,488,513,615,499,488,513,621,501,545,119,521
36065,509,612,498,494,514,612,498,494,512,618,500,539,119,521
36075,508,612,497,500,515,612,497,500,512,618,499,533,119,521
36085,509,614,495,503,514,614,495,503,512,620,497,530,119,521
36095,510,618,494,500,513,618,494,500,513,624,496,533,119,521
36105,512,623,492,492,511,623,492,492,515,628,494,541,119,521
36115,513,624,493,483,510,624,493,483,517,629,495,550,119,521
36125,514,623,494,476,509,623,494,476,518,628,496,557,119,521
36135,513,620,497,474,510,620,497,474,517,625,499,559,119,521
36145,512,615,498,477,511,615,498,477,515,621,500,556,119,521
36155,510,612,497,485,513,612,497,485,513,618,499,548,119,521
36165,509,610,496,494,514,610,496,494,512,616,498,539,119,521
36175,510,612,495,500,513,612,495,500,513,618,497,533,119,521
36185,511,615,494,501,512,615,494,501,514,621,496,532,119,521
36195,512,618,494,499,511,618,494,499,515,624,496,534,119,521
36205,512,619,495,496,511,619,495,496,515,625,497,537,119,521
36215,512,618,498,492,511,618,498,492,515,624,500,541,119,521
36225,512,617,500,489,511,617,500,489,515,623,502,544,119,521
36235,512,614,502,489,511,614,502,489,515,620,504,544,119,521
36245,511,612,502,490,512,612,502,490,514,618,504,543,119,521
36255,511,612,499,492,512,612,499,492,514,618,501,541,119,521
36265,512,614,494,493,511,614,494,493,515,620,496,540,119,521
36275,512,618,491,493,511,618,491,493,515,624,493,540,119,521
36285,512,620,491,492,511,620,491,492,515,625,493,541,119,521
36295,511,622,492,492,512,622,492,492,514,627,494,541,119,521
36305,510,621,494,492,513,621,494,492,513,626,496,541,119,521
36315,510,620,497,493,513,620,497,493,513,625,499,540,119,521
36325,510,618,498,493,513,618,498,493,513,624,500,540,119,521
36335,511,616,500,493,512,616,500,493,514,622,502,540,119,521
36345,512,614,500,492,511,614,500,492,515,620,502,541,119,521
36355,513,614,498,489,510,614,498,489,517,620,500,544,119,521
36365,514,615,496,486,509,615,496,486,518,621,498,547,119,521
36375,513,616,495,483,510,616,495,483,517,622,497,550,119,521
36385,511,616,494,483,512,616,494,483,514,622,496,550,119,521
36395,510,616,495,485,513,616,495,485,513,622,497,548,119,521
36405,508,616,496,489,515,616,496,489,512,622,498,544,119,521
36415,507,615,498,494,516,615,498,494,512,621,500,539,119,521
36425,507,614,499,498,516,614,499,498,512,620,501,535,119,521
36435,508,613,499,501,515,613,499,501,512,619,501,532,119,521
36445,509,614,497,500,514,614,497,500,512,620,499,533,119,521
36455,511,616,495,495,512,616,495,495,514,622,497,538,119,521
36465,512,620,494,487,511,620,494,487,515,625,496,546,119,521
36475,512,620,494,481,511,620,494,481,515,625,496,552,119,521
36485,511,618,494,479,512,618,494,479,514,624,496,554,119,521
36495,509,616,495,483,514,616,495,483,512,622,497,550,119,521
36505,508,615,497,488,515,615,497,488,512,621,499,545,119,521
36515,508,615,499,495,515,615,499,495,512,621,501,538,119,521
36525,508,616,499,499,515,616,499,499,512,622,501,534,119,521
36535,508,616,498,500,515,616,498,500,512,622,500,533,119,521
36545,509,618,497,497,514,618,497,497,512,624,499,536,119,521
36555,510,621,495,491,513,621,495,491,513,626,497,542,119,521
36565,511,622,495,483,512,622,495,483,514,627,497,550,119,521
36575,512,622,496,478,511,622,496,478,515,627,498,555,119,521
36585,511,619,497,476,512,619,497,476,514,625,499,557,119,521
36595,510,616,498,478,513,616,498,478,513,622,500,555,119,521
36605,510,613,498,485,513,613,498,485,513,619,500,548,119,521
36615,509,612,499,493,514,612,499,493,512,618,501,540,119,521
36625,508,612,500,499,515,612,500,499,512,618,502,534,119,521
36635,509,614,498,502,514,614,498,502,512,620,500,531,119,521
36645,511,616,496,500,512,616,496,500,514,622,498,533,119,521
36655,512,619,494,494,511,619,494,494,515,625,496,539,119,521
36665,512,620,494,487,511,620,494,487,515,625,496,546,119,521
36675,513,620,495,482,510,620,495,482,517,625,497,551,119,521
36685,512,618,496,480,511,618,496,480,515,624,498,553,119,521
36695,510,615,497,483,513,615,497,483,513,621,499,550,119,521
36705,509,614,498,489,514,614,498,489,512,620,500,544,119,521
36715,508,613,498,495,515,613,498,495,512,619,500,538,119,521
36725,507,614,498,499,516,614,498,499,512,620,500,534,119,521
36735,507,615,496,500,516,615,496,500,512,621,498,533,119,521
36745,508,617,495,497,515,617,495,497,512,623,497,536,119,521
36755,509,619,496,493,514,619,496,493,512,625,498,540,119,521
36765,509,619,497,488,514,619,497,488,512,625,499,545,119,521
36775,509,618,499,485,514,618,499,485,512,624,501,548,119,521
36785,508,616,499,485,515,616,499,485,512,622,501,548,119,521
36795,508,614,500,489,515,614,500,489,512,620,502,544,119,521
36805,508,613,499,495,515,613,499,495,512,619,501,538,119,521
36815,507,614,498,500,516,614,498,500,512,620,500,533,119,521
36825,508,616,496,501,515,616,496,501,512,622,498,532,119,521
36835,510,620,494,499,513,620,494,499,513,625,496,534,119,521
36845,512,622,493,496,511,622,493,496,515,627,495,537,119,521
36855,513,623,493,491,510,623,493,491,517,628,495,542,119,521
36865,513,622,495,488,510,622,495,488,517,627,497,545,119,521
36875,512,620,496,486,511,620,496,486,515,625,498,547,119,521
36885,511,618,498,485,512,618,498,485,514,624,500,548,119,521
36895,510,615,500,488,513,615,500,488,513,621,502,545,119,521
36905,509,612,500,492,514,612,500,492,512,618,502,541,119,521
36915,509,611,499,496,514,611,499,496,512,617,501,537,119,521
36925,510,614,498,496,513,614,498,496,513,620,500,537,119,521
36935,511,617,496,492,512,617,496,492,514,623,498,541,119,521
36945,512,620,495,487,511,620,495,487,515,625,497,546,119,521
36955,512,620,495,482,511,620,495,482,515,625,497,551,119,521
36965,511,619,497,479,512,619,497,479,514,625,499,554,119,521
36975,510,617,498,480,513,617,498,480,513,623,500,553,119,521
36985,509,615,498,483,514,615,498,483,512,621,500,550,119,521
36995,508,614,498,488,515,614,498,488,512,620,500,545,119,521
42303,507,614,498,493,516,614,498,493,512,620,500,512,119,521
42306,505,522,397,497,518,522,397,497,510,530,400,512,119,521
42307,506,522,395,500,517,522,395,500,511,530,399,512,119,521
42315,508,523,393,499,515,523,393,499,512,531,397,512,119,521
42325,510,526,391,496,513,526,391,496,513,534,395,512,119,521
42335,510,528,391,492,513,528,391,492,513,536,395,512,119,521
42345,510,529,392,488,513,529,392,488,513,537,396,512,119,521
42355,510,528,393,486,513,528,393,486,513,536,397,512,119,521
42365,509,526,394,487,514,526,394,487,512,534,398,512,119,521
42375,510,524,395,490,513,524,395,490,513,532,399,512,119,521
42385,511,523,396,492,512,523,396,492,514,531,399,512,119,521
42395,512,523,395,492,511,523,395,492,515,531,399,512,119,521
42405,512,525,396,490,511,525,396,490,515,533,399,512,119,521
42415,510,526,397,487,513,526,397,487,513,534,400,512,119,521
42425,507,526,400,487,516,526,400,487,512,534,403,512,119,521
42435,506,523,401,489,517,523,401,489,511,531,404,512,119,521
42445,505,520,402,494,518,520,402,494,510,528,405,512,119,521
42455,506,519,402,499,517,519,402,499,511,527,405,512,119,521
42465,507,520,401,502,516,520,401,502,512,528,404,512,119,521
42475,509,522,399,501,514,522,399,501,512,530,402,512,119,521
42485,510,526,397,497,513,526,397,497,513,534,400,512,119,521
42495,511,530,396,490,512,530,396,490,514,538,399,512,119,521
42505,511,531,396,484,512,531,396,484,514,539,399,512,119,521
42515,510,530,396,479,513,530,396,479,513,538,399,512,119,521
42525,508,527,396,478,515,527,396,478,512,535,399,512,119,521
42535,506,522,396,481,517,522,396,481,511,530,399,512,119,521
42545,504,519,397,487,519,519,397,487,509,527,400,512,119,521
42555,504,518,398,491,519,518,398,491,509,526,401,512,119,521
42565,504,519,398,493,519,519,398,493,509,527,401,512,119,521
42575,505,521,398,491,518,521,398,491,510,529,401,512,119,521
42585,504,523,399,487,519,523,399,487,509,531,402,512,119,521
42595,502,523,401,483,521,523,401,483,506,531,404,512,119,521
42605,500,520,403,483,523,520,403,483,504,528,406,550,119,521
42615,499,515,405,489,524,515,405,489,503,523,408,544,119,521
42625,498,512,404,497,525,512,404,497,502,520,407,536,119,521
42635,498,510,404,505,525,510,404,505,502,518,407,528,119,521
42645,500,512,403,509,523,512,403,509,504,520,406,524,119,521
42655,502,514,402,509,521,514,402,509,506,522,405,524,119,521
42665,504,517,402,506,519,517,402,506,509,525,405,527,119,521
42675,507,524,408,492,516,524,408,492,512,532,411,541,119,521
42685,510,534,419,472,513,534,419,472,513,542,422,561,119,521
42695,511,537,418,459,512,537,418,459,514,545,421,574,119,521
42705,512,534,410,452,511,534,410,452,515,542,413,581,119,521
42715,513,528,401,452,510,528,401,452,517,536,404,581,119,521
42725,514,524,394,456,509,524,394,456,518,532,398,577,119,521
42735,517,511,372,482,506,511,372,482,521,519,376,551,119,521
42745,520,512,361,492,503,512,361,492,524,520,365,541,119,521
42755,521,512,365,498,502,512,365,498,525,520,369,535,119,521
42765,519,516,376,496,504,516,376,496,523,524,380,537,119,521
42775,517,520,388,489,506,520,388,489,521,528,392,544,119,521
42785,516,522,398,482,507,522,398,482,520,530,401,551,119,521
42795,514,522,403,478,509,522,403,478,518,530,406,555,119,521
42805,512,522,402,475,511,522,402,475,515,530,405,558,119,521
42815,508,521,399,475,515,521,399,475,512,529,402,558,119,521
42825,506,519,398,477,517,519,398,477,511,527,401,556,119,521
42835,505,517,400,478,518,517,400,478,510,525,403,555,119,521
42845,506,518,402,472,517,518,402,472,511,526,405,561,119,521
42855,507,519,402,470,516,519,402,470,512,527,405,563,119,521
42865,509,518,397,472,514,518,397,472,512,526,400,561,119,521
42875,511,516,390,475,512,516,390,475,514,524,394,558,119,521
42885,511,516,385,478,512,516,385,478,514,524,389,555,119,521
42895,508,518,388,476,515,518,388,476,512,526,392,557,119,521
42905,504,520,394,473,519,520,394,473,509,528,398,560,119,521
42915,501,520,399,467,522,520,399,467,505,528,402,566,119,521
42925,502,521,402,463,521,521,402,463,506,529,405,570,119,521
42935,504,524,403,454,519,524,403,454,509,532,406,579,119,521
42945,505,521,403,447,518,521,403,447,510,529,406,586,119,521
42955,505,517,400,448,518,517,400,448,510,525,403,585,119,521
42965,506,516,396,453,517,516,396,453,511,524,399,580,119,521
42975,506,516,393,455,517,516,393,455,511,524,397,578,119,521
42985,505,517,392,454,518,517,392,454,510,525,396,579,119,521
42995,504,518,395,451,519,518,395,451,509,526,399,582,119,521
43005,504,519,400,446,519,519,400,446,509,527,403,587,119,521
43015,506,519,403,439,517,519,403,439,511,527,406,594,119,521
43025,508,519,404,433,515,519,404,433,512,527,407,600,119,521
43035,509,519,403,429,514,519,403,429,512,527,406,604,119,521
43045,509,518,399,436,514,518,399,436,512,526,402,597,119,521
43055,510,514,392,441,513,514,392,441,513,522,396,592,119,521
43065,510,512,385,445,513,512,385,445,513,520,389,588,119,521
43075,508,512,382,446,515,512,382,446,512,520,386,587,119,521
43085,507,514,386,440,516,514,386,440,512,522,390,593,119,521
43095,507,517,392,435,516,517,392,435,512,525,396,598,119,521
43105,508,518,401,432,515,518,401,432,512,526,404,601,119,521
43115,511,518,407,432,512,518,407,432,514,526,410,601,119,521
43125,513,517,407,434,510,517,407,434,517,525,410,599,119,521
43135,512,516,401,436,511,516,401,436,515,524,404,597,119,521
43145,511,517,396,434,512,517,396,434,514,525,399,599,119,521
43155,509,517,393,432,514,517,393,432,512,525,397,601,119,521
43165,506,517,394,430,517,517,394,430,511,525,398,603,119,521
43175,505,517,397,426,518,517,397,426,510,525,400,607,119,521
43185,504,517,400,421,519,517,400,421,509,525,403,612,119,521
43195,503,517,404,416,520,517,404,416,507,525,407,617,119,521
43205,502,518,404,411,521,518,404,411,506,526,407,622,119,521
43215,502,516,403,406,521,516,403,406,506,524,406,627,119,521
43225,505,514,401,404,518,514,401,404,510,522,404,629,119,521
43235,510,511,400,404,513,511,400,404,513,519,403,629,119,521
43245,513,509,399,407,510,509,399,407,517,517,402,626,119,521
43255,516,508,396,409,507,508,396,409,520,516,399,624,119,521
43265,516,508,392,410,507,508,392,410,520,516,396,623,119,521
43275,513,509,390,408,510,509,390,408,517,517,394,625,119,521
43285,509,510,389,404,514,510,389,404,512,518,393,629,119,521
43295,504,511,390,398,519,511,390,398,509,519,394,635,119,521
43305,501,510,391,395,522,510,391,395,505,518,395,638,119,521
43315,503,510,390,394,520,510,390,394,507,518,394,639,119,521
43325,507,511,391,397,516,511,391,397,512,519,395,636,119,521
43335,508,513,395,400,515,513,395,400,512,521,399,633,119,521
43345,507,514,400,401,516,514,400,401,512,522,403,632,119,521
43355,506,514,400,404,517,514,400,404,511,522,403,629,119,521
43365,504,513,398,405,519,513,398,405,509,521,401,628,119,521
43375,503,513,394,405,520,513,394,405,507,521,398,628,119,521
43385,501,513,393,404,522,513,393,404,505,521,397,629,119,521
43395,501,513,396,402,522,513,396,402,505,521,399,631,119,521
43405,501,513,399,405,522,513,399,405,505,521,402,628,119,521
43415,502,514,401,409,521,514,401,409,506,522,404,624,119,521
43425,502,515,402,414,521,515,402,414,506,523,405,619,119,521
43435,501,515,399,417,522,515,399,417,505,523,402,616,119,521
43445,498,514,393,419,525,514,393,419,502,522,397,614,119,521
43455,496,514,386,420,527,514,386,420,500,522,390,613,119,521
43465,495,513,384,419,528,513,384,419,499,521,388,614,119,521
43475,496,511,390,416,527,511,390,416,500,519,394,617,119,521
43485,500,510,399,414,523,510,399,414,504,518,402,619,119,521
43495,502,510,407,413,521,510,407,413,506,518,410,620,119,521
43505,504,511,409,416,519,511,409,416,509,519,412,617,119,521
43515,505,512,406,421,518,512,406,421,510,520,409,612,119,521
43525,504,513,399,424,519,513,399,424,509,521,402,609,119,521
43535,502,513,394,427,521,513,394,427,506,521,398,606,119,521
43545,501,513,390,430,522,513,390,430,505,521,394,603,119,521
43555,502,510,389,427,521,510,389,427,506,518,393,606,119,521
43565,500,506,390,421,523,506,390,421,504,514,394,612,119,521
43575,501,506,392,414,522,506,392,414,505,514,396,619,119,521
43585,504,508,394,404,519,508,394,404,509,516,398,629,119,521
43595,504,508,397,397,519,508,397,397,509,516,400,636,119,521
43605,505,508,398,391,518,508,398,391,510,516,401,642,119,521
43615,505,510,396,389,518,510,396,389,510,518,399,644,119,521
43625,503,510,392,391,520,510,392,391,507,518,396,642,119,521
43635,500,510,389,390,523,510,389,390,504,518,393,643,119,521
43645,500,509,386,388,523,509,386,388,504,517,390,645,119,521
43655,502,507,387,386,521,507,387,386,506,515,391,647,119,521
43665,505,505,392,384,518,505,392,384,510,513,396,649,119,521
43675,509,504,397,381,514,504,397,381,512,512,400,652,119,521
43685,510,504,400,371,513,504,400,371,513,512,403,662,119,521
43695,511,504,399,365,512,504,399,365,514,512,402,668,119,521
43705,510,506,396,362,513,506,396,362,513,514,399,671,119,521
43715,507,508,395,363,516,508,395,363,512,516,399,670,119,521
43725,503,511,397,370,520,511,397,370,507,519,400,663,119,521
43735,500,513,401,379,523,513,401,379,504,521,404,654,119,521
43745,499,513,403,387,524,513,403,387,503,521,406,646,119,521
43755,501,512,402,396,522,512,402,396,505,520,405,637,119,521
43765,504,510,401,404,519,510,401,404,509,518,404,629,119,521
43775,506,509,399,410,517,509,399,410,511,517,402,623,119,521
43785,506,509,399,415,517,509,399,415,511,517,402,618,119,521
43795,504,508,399,416,519,508,399,416,509,516,402,617,119,521
43805,503,508,401,412,520,508,401,412,507,516,404,621,119,521
43815,501,507,400,407,522,507,400,407,505,515,403,626,119,521
43825,501,505,397,403,522,505,397,403,505,513,400,630,119,521
43835,502,504,390,402,521,504,390,402,506,512,394,631,119,521
43845,502,505,386,405,521,505,386,405,506,513,390,628,119,521
43855,501,505,386,410,522,505,386,410,505,513,390,623,119,521
43865,502,506,389,416,521,506,389,416,506,514,393,617,119,521
43875,504,507,394,417,519,507,394,417,509,515,398,616,119,521
43885,507,507,400,412,516,507,400,412,512,515,403,621,119,521
43895,509,506,403,407,514,506,403,407,512,514,406,626,119,521
43905,507,505,404,401,516,505,404,401,512,513,407,632,119,521
43915,503,504,402,396,520,504,402,396,507,512,405,637,119,521
43925,500,503,396,392,523,503,396,392,504,512,399,641,119,521
43935,501,503,389,389,522,503,389,389,505,512,393,644,119,521
43945,502,502,386,390,521,502,386,390,506,512,390,643,119,521
43955,503,502,387,394,520,502,387,394,507,512,391,639,119,521
43965,504,502,390,398,519,502,390,398,509,512,394,635,119,521
43975,506,502,394,400,517,502,394,400,511,512,398,633,119,521
43985,507,501,400,400,516,501,400,400,512,511,403,633,119,521
43995,506,500,402,395,517,500,402,395,511,510,405,638,119,521
44005,502,499,400,391,521,499,400,391,506,509,403,642,119,521
44015,500,500,394,391,523,500,394,391,504,510,398,642,119,521
44025,499,501,389,398,524,501,389,398,503,511,393,635,119,521
44035,499,502,389,408,524,502,389,408,503,512,393,625,119,521
44045,498,503,391,422,525,503,391,422,502,512,395,611,119,521
44055,500,505,395,432,523,505,395,432,504,513,399,601,119,521
44065,502,505,400,437,521,505,400,437,506,513,403,596,119,521
44075,504,503,402,434,519,503,402,434,509,512,405,599,119,521
44085,506,500,402,427,517,500,402,427,511,510,405,606,119,521
44095,506,498,400,419,517,498,400,419,511,508,403,614,119,521
44105,504,497,396,414,519,497,396,414,509,507,399,619,119,521
44115,502,498,391,413,521,498,391,413,506,508,395,620,119,521
44125,500,499,387,418,523,499,387,418,504,509,391,615,119,521
44135,500,501,386,424,523,501,386,424,504,511,390,609,119,521
44145,500,501,388,431,523,501,388,431,504,511,392,602,119,521
44155,499,502,394,436,524,502,394,436,503,512,398,597,119,521
44165,498,501,399,438,525,501,399,438,502,511,402,595,119,521
44175,500,499,401,438,523,499,401,438,504,509,404,595,119,521
44185,501,499,402,436,522,499,402,436,505,509,405,597,119,521
44195,500,499,401,434,523,499,401,434,504,509,404,599,119,521
44205,499,501,399,433,524,501,399,433,503,511,402,600,119,521
44215,499,502,397,433,524,502,397,433,503,512,400,600,119,521
44225,500,502,394,434,523,502,394,434,504,512,398,599,119,521
44235,502,501,392,431,521,501,392,431,506,511,396,602,119,521
44245,504,499,390,426,519,499,390,426,509,509,394,607,119,521
44255,504,498,391,420,519,498,391,420,509,508,395,613,119,521
44265,505,497,394,419,518,497,394,419,510,507,398,614,119,521
44275,504,497,397,418,519,497,397,418,509,507,400,615,119,521
44285,502,498,400,419,521,498,400,419,506,508,403,614,119,521
44295,499,500,399,423,524,500,399,423,503,510,402,610,119,521
44305,496,502,395,428,527,502,395,428,500,512,399,605,119,521
44315,496,504,391,432,527,504,391,432,500,512,395,601,119,521
44325,500,502,389,430,523,502,389,430,504,512,393,603,119,521
44335,505,500,390,422,518,500,390,422,510,510,394,611,119,521
44345,507,498,394,416,516,498,394,416,512,508,398,617,119,521
44355,505,498,396,414,518,498,396,414,510,508,399,619,119,521
44365,502,499,397,415,521,499,397,415,506,509,400,618,119,521
44375,500,500,398,418,523,500,398,418,504,510,401,615,119,521
44385,498,500,399,421,525,500,399,421,502,510,402,612,119,521
44395,498,500,400,422,525,500,400,422,502,510,403,611,119,521
44405,500,500,401,423,523,500,401,423,504,510,404,610,119,521
44415,502,501,402,421,521,501,402,421,506,511,405,612,119,521
44425,502,501,402,421,521,501,402,421,506,511,405,612,119,521
44435,502,501,403,423,521,501,403,423,506,511,406,610,119,521
44445,501,502,403,426,522,502,403,426,505,512,406,607,119,521
44455,500,502,401,429,523,502,401,429,504,512,404,604,119,521
44465,499,502,401,429,524,502,401,429,503,512,404,604,119,521
44475,499,501,400,428,524,501,400,428,503,511,403,605,119,521
44485,501,498,398,424,522,498,398,424,505,508,401,609,119,521
44495,505,498,394,416,518,498,394,416,510,508,398,617,119,521
44505,506,496,393,413,517,496,393,413,511,506,397,620,119,521
44515,504,496,395,413,519,496,395,413,509,506,399,620,119,521
44525,503,497,398,416,520,497,398,416,507,507,401,617,119,521
44535,501,497,401,422,522,497,401,422,505,507,404,611,119,521
44545,498,498,400,428,525,498,400,428,502,508,403,605,119,521
44555,497,498,396,433,526,498,396,433,501,508,399,600,119,521
44565,497,499,390,437,526,499,390,437,501,509,394,596,119,521
44575,498,498,384,440,525,498,384,440,502,508,388,593,119,521
44585,499,500,380,440,524,500,380,440,503,510,384,593,119,521
44595,500,501,381,440,523,501,381,440,504,511,385,593,119,521
44605,499,501,387,443,524,501,387,443,503,511,391,590,119,521
44615,497,501,396,448,526,501,396,448,501,511,399,585,119,521
44625,497,502,401,453,526,502,401,453,501,512,404,580,119,521
44635,497,502,403,456,526,502,403,456,501,512,406,577,119,521
44645,498,504,405,457,525,504,405,457,502,512,408,576,119,521
44655,497,504,404,461,526,504,404,461,501,512,407,572,119,521
44665,497,505,400,465,526,505,400,465,501,513,403,568,119,521
44675,498,504,395,469,525,504,395,469,502,512,399,564,119,521
44685,499,502,390,473,524,502,390,473,503,512,394,560,119,521
44695,501,499,388,475,522,499,388,475,505,509,392,558,119,521
44705,502,496,389,476,521,496,389,476,506,506,393,557,119,521
44715,503,495,393,476,520,495,393,476,507,505,397,557,119,521
44725,503,497,398,476,520,497,398,476,507,507,401,557,119,521
44735,502,498,402,479,521,498,402,479,506,508,405,554,119,521
44745,501,500,402,482,522,500,402,482,505,510,405,551,119,521
44755,500,501,397,485,523,501,397,485,504,511,400,548,119,521
44765,500,502,392,487,523,502,392,487,504,512,396,546,119,521
44775,500,502,391,490,523,502,391,490,504,512,395,543,119,521
44785,501,502,394,492,522,502,394,492,505,512,398,541,119,521
44795,501,502,399,494,522,502,399,494,505,512,402,539,119,521
44805,502,506,404,492,521,506,404,492,506,514,407,541,119,521
44815,500,503,405,496,523,503,405,496,504,512,408,537,119,521
44825,501,501,403,498,522,501,403,498,505,511,406,535,119,521
44835,504,501,399,495,519,501,399,495,509,511,402,538,119,521
44845,506,502,394,491,517,502,394,491,511,512,398,542,119,521
44855,506,503,390,487,517,503,390,487,511,512,394,546,119,521
44865,506,504,387,484,517,504,387,484,511,512,391,549,119,521
44875,504,504,388,482,519,504,388,482,509,512,392,551,119,521
44885,503,504,391,482,520,504,391,482,507,512,395,551,119,521
44895,502,505,397,482,521,505,397,482,506,513,400,551,119,521
44905,501,505,401,483,522,505,401,483,505,513,404,550,119,521
44915,500,506,404,486,523,506,404,486,504,514,407,547,119,521
44925,500,506,404,486,523,506,404,486,504,514,407,547,119,521
44935,500,506,402,487,523,506,402,487,504,514,405,546,119,521
44945,500,505,396,487,523,505,396,487,504,513,399,546,119,521
44955,501,505,391,488,522,505,391,488,505,513,395,545,119,521
44965,502,504,387,488,521,504,387,488,506,512,391,545,119,521
44975,502,504,388,488,521,504,388,488,506,512,392,545,119,521
44985,501,505,393,488,522,505,393,488,505,513,397,545,119,521
44995,500,506,399,489,523,506,399,489,504,514,402,544,119,521
45005,500,506,402,491,523,506,402,491,504,514,405,542,119,521
45015,501,506,403,491,522,506,403,491,505,514,406,542,119,521
45025,501,506,401,492,522,506,401,492,505,514,404,541,119,521
45035,502,505,396,492,521,505,396,492,506,513,399,541,119,521
45045,502,505,392,491,521,505,392,491,506,513,396,542,119,521
45055,503,505,390,490,520,505,390,490,507,513,394,543,119,521
45065,502,505,390,488,521,505,390,488,506,513,394,545,119,521
45075,502,506,393,487,521,506,393,487,506,514,397,546,119,521
45085,502,505,396,485,521,505,396,485,506,513,399,548,119,521
45095,501,505,399,484,522,505,399,484,505,513,402,549,119,521
45105,500,505,401,485,523,505,401,485,504,513,404,548,119,521
45115,499,506,401,486,524,506,401,486,503,514,404,547,119,521
45125,498,507,400,488,525,507,400,488,502,515,403,545,119,521
45135,497,509,398,491,526,509,398,491,501,517,401,542,119,521
45145,501,507,394,492,522,507,394,492,505,515,398,541,119,521
45155,503,506,392,491,520,506,392,491,507,514,396,542,119,521
45165,502,507,393,490,521,507,393,490,506,515,397,543,119,521
45175,503,506,395,488,520,506,395,488,507,514,399,545,119,521
45185,502,506,396,486,521,506,396,486,506,514,399,547,119,521
45195,502,505,397,486,521,505,397,486,506,513,400,547,119,521
45205,501,505,397,486,522,505,397,486,505,513,400,547,119,521
45215,499,506,395,488,524,506,395,488,503,514,399,545,119,521
45225,499,506,394,489,524,506,394,489,503,514,398,544,119,521
45235,499,506,394,490,524,506,394,490,503,514,398,543,119,521
45245,499,506,395,492,524,506,395,492,503,514,399,541,119,521
45255,500,505,396,493,523,505,396,493,504,513,399,540,119,521
45265,500,505,397,493,523,505,397,493,504,513,400,540,119,521
45275,500,504,399,494,523,504,399,494,504,512,402,539,119,521
45285,500,504,401,494,523,504,401,494,504,512,404,539,119,521
45295,500,504,400,495,523,504,400,495,504,512,403,538,119,521
45305,500,504,398,496,523,504,398,496,504,512,401,537,119,521
45315,500,505,393,497,523,505,393,497,504,513,397,536,119,521
45325,500,506,390,498,523,506,390,498,504,514,394,535,119,521
45335,500,506,389,498,523,506,389,498,504,514,393,535,119,521
45345,500,507,392,498,523,507,392,498,504,515,396,535,119,521
45355,500,507,396,498,523,507,396,498,504,515,399,535,119,521
45365,502,511,401,492,521,511,401,492,506,519,404,541,119,521
45375,499,507,402,495,524,507,402,495,503,515,405,538,119,521
45385,500,502,400,497,523,502,400,497,504,512,403,536,119,521
45395,501,502,400,496,522,502,400,496,505,512,403,537,119,521
45405,501,504,397,494,522,504,397,494,505,512,400,539,119,521
45415,501,506,392,493,522,506,392,493,505,514,396,540,119,521
45425,503,511,393,487,520,511,393,487,507,519,397,546,119,521
45435,501,510,393,489,522,510,393,489,505,518,397,544,119,521
45445,501,506,394,491,522,506,394,491,505,514,398,542,119,521
45455,501,502,396,493,522,502,396,493,505,512,399,540,119,521
45465,500,499,399,497,523,499,399,497,504,509,402,536,119,521
45475,500,500,401,501,523,500,401,501,504,510,404,532,119,521
45485,499,500,401,507,524,500,401,507,503,510,404,526,119,521
45495,499,501,397,512,524,501,397,512,503,511,400,521,119,521
45505,498,502,391,517,525,502,391,517,502,512,395,516,119,521
45515,498,503,389,522,525,503,389,522,502,512,393,511,119,521
45525,498,505,390,527,525,505,390,527,502,513,394,506,119,521
45535,498,506,394,531,525,506,394,531,502,514,398,502,119,521
45545,500,506,398,534,523,506,398,534,504,514,401,499,119,521
45555,501,506,401,535,522,506,401,535,505,514,404,498,119,521
45565,502,505,402,535,521,505,402,535,506,513,405,498,119,521
45575,502,503,403,535,521,503,403,535,506,512,406,498,119,521
45585,502,503,401,536,521,503,401,536,506,512,404,497,119,521
45595,502,504,396,537,521,504,396,537,506,512,399,496,119,521
45605,502,505,390,538,521,505,390,538,506,513,394,495,119,521
45615,505,510,389,533,518,510,389,533,510,518,393,500,119,521
45625,501,507,391,538,522,507,391,538,505,515,395,495,119,521
45635,498,502,392,549,525,502,392,549,502,512,396,484,119,521
45645,501,501,395,555,522,501,395,555,505,511,399,478,119,521
45655,502,502,399,557,521,502,399,557,506,512,402,476,119,521
45665,500,502,402,558,523,502,402,558,504,512,405,475,119,521
45675,499,503,401,559,524,503,401,559,503,512,404,474,119,521
45685,498,504,400,561,525,504,400,561,502,512,403,472,119,521
45695,498,504,399,565,525,504,399,565,502,512,402,468,119,521
45705,497,505,399,569,526,505,399,569,501,513,402,464,119,521
45715,498,504,399,572,525,504,399,572,502,512,402,461,119,521
45725,500,501,398,572,523,501,398,572,504,511,401,461,119,521
45735,502,499,394,571,521,499,394,571,506,509,398,462,119,521
45745,502,499,391,568,521,499,391,568,506,509,395,465,119,521
45755,501,499,390,566,522,499,390,566,505,509,394,467,119,521
45765,500,500,394,566,523,500,394,566,504,510,398,467,119,521
45775,498,501,397,567,525,501,397,567,502,511,400,466,119,521
45785,497,503,400,566,526,503,400,566,501,512,403,467,119,521
45795,497,504,402,566,526,504,402,566,501,512,405,467,119,521
45805,499,502,402,568,524,502,402,568,503,512,405,465,119,521
45815,501,500,398,569,522,500,398,569,505,510,401,464,119,521
45825,503,499,393,571,520,499,393,571,507,509,397,462,119,521
45835,504,498,391,573,519,498,391,573,509,508,395,460,119,521
45845,503,498,392,577,520,498,392,577,507,508,396,456,119,521
45855,502,499,393,582,521,499,393,582,506,509,397,451,119,521
45865,500,501,395,587,523,501,395,587,504,511,399,446,119,521
45875,498,502,397,592,525,502,397,592,502,512,400,441,119,521
45885,497,503,396,597,526,503,396,597,501,512,399,436,119,521
45895,498,504,393,600,525,504,393,600,502,512,397,433,119,521
45905,500,503,391,603,523,503,391,603,504,512,395,430,119,521
45915,502,502,392,604,521,502,392,604,506,512,396,429,119,521
45925,504,501,394,605,519,501,394,605,509,511,398,428,119,521
45935,505,502,398,600,518,502,398,600,510,512,401,433,119,521
45945,505,501,402,595,518,501,402,595,510,511,405,438,119,521
45955,505,500,403,591,518,500,403,591,510,510,406,442,119,521
45965,506,500,400,588,517,500,400,588,511,510,403,445,119,521
45975,506,499,396,586,517,499,396,586,511,509,399,447,119,521
45985,505,499,393,585,518,499,393,585,510,509,397,448,119,521
45995,503,501,391,581,520,501,391,581,507,511,395,452,119,521
46005,502,502,390,578,521,502,390,578,506,512,394,455,119,521
46015,502,502,391,577,521,502,391,577,506,512,395,456,119,521
46025,504,502,393,577,519,502,393,577,509,512,397,456,119,521
46035,505,503,396,576,518,503,396,576,510,512,399,457,119,521
46045,505,503,399,573,518,503,399,573,510,512,402,460,119,521
46055,505,502,401,568,518,502,401,568,510,512,404,465,119,521
46065,504,502,400,564,519,502,400,564,509,512,403,469,119,521
46075,504,502,395,559,519,502,395,559,509,512,399,474,119,521
46085,503,502,390,556,520,502,390,556,507,512,394,477,119,521
46095,503,502,386,558,520,502,386,558,507,512,390,475,119,521
46105,502,500,386,569,521,500,386,569,506,510,390,464,119,521
46115,501,502,388,583,522,502,388,583,505,512,392,450,119,521
46125,500,505,392,594,523,505,392,594,504,513,396,439,119,521
46135,498,506,397,604,525,506,397,604,502,514,400,429,119,521
46145,497,506,400,609,526,506,400,609,501,514,403,424,119,521
46155,498,506,398,612,525,506,398,612,502,514,401,421,119,521
46165,498,505,396,613,525,505,396,613,502,513,399,420,119,521
46175,500,505,393,613,523,505,393,613,504,513,397,420,119,521
46185,500,505,391,613,523,505,391,613,504,513,395,420,119,521
46195,501,503,392,618,522,503,392,618,505,512,396,415,119,521
46205,502,502,394,626,521,502,394,626,506,512,398,407,119,521
46215,503,502,394,632,520,502,394,632,507,512,398,401,119,521
46225,502,503,394,635,521,503,394,635,506,512,398,398,119,521
46235,500,504,393,634,523,504,393,634,504,512,397,399,119,521
46245,499,507,392,628,524,507,392,628,503,515,396,405,119,521
46255,499,508,392,620,524,508,392,620,503,516,396,413,119,521
46265,499,508,394,612,524,508,394,612,503,516,398,421,119,521
46275,501,506,398,608,522,506,398,608,505,514,401,425,119,521
46285,504,505,401,608,519,505,401,608,509,513,404,425,119,521
46295,504,505,404,611,519,505,404,611,509,513,407,422,119,521
46305,504,506,406,616,519,506,406,616,509,514,409,417,119,521
46315,503,506,406,621,520,506,406,621,507,514,409,412,119,521
46325,502,506,402,627,521,506,402,627,506,514,405,406,119,521
46335,503,506,400,633,520,506,400,633,507,514,403,400,119,521
46345,504,508,399,632,519,508,399,632,509,516,402,401,119,521
46355,505,511,398,624,518,511,398,624,510,519,401,409,119,521
46365,506,511,400,613,517,511,400,613,511,519,403,420,119,521
46375,509,511,402,601,514,511,402,601,512,519,405,432,119,521
46385,511,514,404,589,512,514,404,589,514,522,407,444,119,521
46395,514,517,404,576,509,517,404,576,518,525,407,457,119,521
46405,515,516,402,566,508,516,402,566,519,524,405,467,119,521
46415,514,513,400,562,509,513,400,562,518,521,403,471,119,521
46425,514,510,397,557,509,510,397,557,518,518,400,476,119,521
46435,513,509,393,553,510,509,393,553,517,517,397,480,119,521
46445,513,509,391,549,510,509,391,549,517,517,395,484,119,521
46455,513,510,392,546,510,510,392,546,517,518,396,487,119,521
46465,512,510,393,545,511,510,393,545,515,518,397,488,119,521
46475,512,509,394,550,511,509,394,550,515,517,398,483,119,521
46485,514,507,392,557,509,507,392,557,518,515,396,476,119,521
46495,514,506,388,567,509,506,388,567,518,514,392,466,119,521
46505,514,505,386,578,509,505,386,578,518,513,390,455,119,521
46515,514,506,385,587,509,506,385,587,518,514,389,446,119,521
46525,516,506,387,598,507,506,387,598,520,514,391,435,119,521
46535,517,506,388,612,506,506,388,612,521,514,392,421,119,521
46545,518,506,390,626,505,506,390,626,522,514,394,407,119,521
46555,516,507,394,635,507,507,394,635,520,515,398,398,119,521
46565,515,508,399,637,508,508,399,637,519,516,402,396,119,521
46575,512,507,401,634,511,507,401,634,515,515,404,399,119,521
46585,510,506,400,631,513,506,400,631,513,514,403,402,119,521
46595,508,508,398,628,515,508,398,628,512,516,401,405,119,521
46605,507,509,397,622,516,509,397,622,512,517,400,411,119,521
46615,508,507,397,622,515,507,397,622,512,515,400,411,119,521
46625,511,507,395,625,512,507,395,625,514,515,399,408,119,521
46635,512,509,394,627,511,509,394,627,515,517,398,406,119,521
46645,511,510,399,625,512,510,399,625,514,518,402,408,119,521
46655,510,511,404,618,513,511,404,618,513,519,407,415,119,521
46665,509,511,403,611,514,511,403,611,512,519,406,422,119,521
46675,508,510,399,605,515,510,399,605,512,518,402,428,119,521
46685,509,509,397,601,514,509,397,601,512,517,400,432,119,521
46695,510,508,399,602,513,508,399,602,513,516,402,431,119,521
46705,513,504,398,611,510,504,398,611,517,512,401,422,119,521
46715,515,504,396,622,508,504,396,622,519,512,399,411,119,521
46725,514,505,396,628,509,505,396,628,518,513,399,405,119,521
46735,511,507,394,628,512,507,394,628,514,515,398,405,119,521
46745,508,508,391,626,515,508,391,626,512,516,395,407,119,521
46755,507,510,390,622,516,510,390,622,512,518,394,411,119,521
46765,507,512,392,616,516,512,392,616,512,520,396,417,119,521
46775,508,512,399,609,515,512,399,609,512,520,402,424,119,521
46785,511,510,404,606,512,510,404,606,514,518,407,427,119,521
46795,512,505,401,611,511,505,401,611,515,513,404,422,119,521
46805,513,503,394,615,510,503,394,615,517,512,398,418,119,521
46815,509,504,389,615,514,504,389,615,512,512,393,418,119,521
46825,503,506,386,610,520,506,386,610,507,514,390,423,119,521
46835,500,507,385,605,523,507,385,605,504,515,389,428,119,521
46845,501,507,387,601,522,507,387,601,505,515,391,432,119,521
46855,505,508,394,598,518,508,394,598,510,516,398,435,119,521
46865,510,509,401,593,513,509,401,593,513,517,404,440,119,521
46875,514,507,404,592,509,507,404,592,518,515,407,441,119,521
46885,516,505,403,595,507,505,403,595,520,513,406,438,119,521
46895,515,506,400,594,508,506,400,594,519,514,403,439,119,521
46905,509,508,400,590,514,508,400,590,512,516,403,443,119,521
46915,502,509,400,582,521,509,400,582,506,517,403,451,119,521
46925,500,510,396,575,523,510,396,575,504,518,399,458,119,521
46935,500,511,392,568,523,511,392,568,504,519,396,465,119,521
46945,502,512,393,561,521,512,393,561,506,520,397,472,119,521
46955,505,512,398,553,518,512,398,553,510,520,401,480,119,521
46965,509,509,398,550,514,509,398,550,512,517,401,483,119,521
46975,512,510,397,547,511,510,397,547,515,518,400,486,119,521
46985,512,514,398,538,511,514,398,538,515,522,401,495,119,521
46995,507,515,401,527,516,515,401,527,512,523,404,506,119,521
47005,502,515,399,518,521,515,399,518,506,523,402,515,119,521
47015,499,513,394,512,524,513,394,512,503,521,398,521,119,521
47025,500,509,392,512,523,509,392,512,504,517,396,521,119,521
47035,503,507,393,515,520,507,393,515,507,515,397,518,119,521
47045,508,507,394,519,515,507,394,519,512,515,398,514,119,521
47055,512,507,394,522,511,507,394,522,515,515,398,511,119,521
47065,515,510,395,520,508,510,395,520,519,518,399,513,119,521
47075,514,513,398,516,509,513,398,516,518,521,401,517,119,521
47085,511,514,400,511,512,514,400,511,514,522,403,522,119,521
47095,505,513,398,507,518,513,398,507,510,521,401,526,119,521
47105,501,514,395,502,522,514,395,502,505,522,399,531,119,521
47115,499,514,391,496,524,514,391,496,503,522,395,537,119,521
47125,499,511,390,495,524,511,390,495,503,519,394,538,119,521
47135,502,506,391,500,521,506,391,500,506,514,395,533,119,521
47145,505,504,392,507,518,504,392,507,510,512,396,526,119,521
47155,509,504,393,513,514,504,393,513,512,512,397,520,119,521
47165,508,506,396,516,515,506,396,516,512,514,399,517,119,521
47175,505,508,398,517,518,508,398,517,510,516,401,516,119,521
47185,502,509,398,518,521,509,398,518,506,517,401,515,119,521
47195,500,510,397,517,523,510,397,517,504,518,400,516,119,521
47205,500,512,398,514,523,512,398,514,504,520,401,519,119,521
47215,501,513,400,511,522,513,400,511,505,521,403,522,119,521
47225,504,511,401,511,519,511,401,511,509,519,404,522,119,521
47235,507,508,401,514,516,508,401,514,512,516,404,519,119,521
47245,508,505,400,520,515,505,400,520,512,513,403,513,119,521
47255,507,506,398,523,516,506,398,523,512,514,401,510,119,521
47265,503,508,395,522,520,508,395,522,507,516,399,511,119,521
47275,502,510,394,518,521,510,394,518,506,518,398,515,119,521
47285,502,512,394,514,521,512,394,514,506,520,398,519,119,521
47295,503,514,398,507,520,514,398,507,507,522,401,526,119,521
47305,504,512,401,503,519,512,401,503,509,520,404,530,119,521
47315,506,510,400,502,517,510,400,502,511,518,403,531,119,521
47325,507,507,397,502,516,507,397,502,512,515,400,531,119,521
47335,507,506,394,501,516,506,394,501,512,514,398,532,119,521
47345,505,505,391,501,518,505,391,501,510,513,395,532,119,521
47355,503,505,388,499,520,505,388,499,507,513,392,534,119,521
47365,502,507,388,495,521,507,388,495,506,515,392,538,119,521
47375,504,508,391,491,519,508,391,491,509,516,395,542,119,521
47385,506,508,395,488,517,508,395,488,511,516,399,545,119,521
47395,508,508,398,486,515,508,398,486,512,516,401,547,119,521
47405,509,507,400,485,514,507,400,485,512,515,403,548,119,521
47415,509,505,400,488,514,505,400,488,512,513,403,545,119,521
47425,508,502,398,493,515,502,398,493,512,512,401,540,119,521
47435,508,500,395,500,515,500,395,500,512,510,399,533,119,521
47445,507,501,394,504,516,501,394,504,512,511,398,529,119,521
47455,507,503,393,505,516,503,393,505,512,512,397,528,119,521
47465,508,506,394,504,515,506,394,504,512,514,398,529,119,521
47475,509,507,395,502,514,507,395,502,512,515,399,531,119,521
47485,510,508,396,498,513,508,396,498,513,516,399,535,119,521
47495,510,508,396,495,513,508,396,495,513,516,399,538,119,521
47505,510,508,395,493,513,508,395,493,513,516,399,540,119,521
47515,509,506,394,492,514,506,394,492,512,514,398,541,119,521
47525,508,506,394,492,515,506,394,492,512,514,398,541,119,521
47535,508,504,393,493,515,504,393,493,512,512,397,540,119,521
47545,509,505,392,494,514,505,392,494,512,513,396,539,119,521
47555,510,505,394,493,513,505,394,493,513,513,398,540,119,521
47565,511,506,395,491,512,506,395,491,514,514,399,542,119,521
47575,511,507,397,489,512,507,397,489,514,515,400,544,119,521
47585,512,506,396,488,511,506,396,488,515,514,399,545,119,521
47595,512,506,394,487,511,506,394,487,515,514,398,546,119,521
47605,511,506,392,487,512,506,392,487,514,514,396,546,119,521
47615,511,506,393,487,512,506,393,487,514,514,397,546,119,521
47625,511,506,395,488,512,506,395,488,514,514,399,545,119,521
47635,511,506,396,487,512,506,396,487,514,514,399,546,119,521
47645,511,507,397,486,512,507,397,486,514,515,400,547,119,521
47655,511,507,397,485,512,507,397,485,514,515,400,548,119,521
47665,511,506,397,484,512,506,397,484,514,514,400,549,119,521
47675,511,506,397,484,512,506,397,484,514,514,400,549,119,521
47685,511,506,397,484,512,506,397,484,514,514,400,549,119,521
47695,512,505,396,484,511,505,396,484,515,513,399,549,119,521
47705,512,504,394,484,511,504,394,484,515,512,398,549,119,521
47715,512,505,392,484,511,505,392,484,515,513,396,549,119,521
47725,513,506,392,482,510,506,392,482,517,514,396,551,119,521
47735,515,507,391,481,508,507,391,481,519,515,395,552,119,521
47745,515,507,391,480,508,507,391,480,519,515,395,553,119,521
47755,515,506,389,480,508,506,389,480,519,514,393,553,119,521
47765,515,504,389,482,508,504,389,482,519,512,393,551,119,521
47775,515,502,390,486,508,502,390,486,519,512,394,547,119,521
47785,516,502,390,488,507,502,390,488,520,512,394,545,119,521
47795,516,504,391,488,507,504,391,488,520,512,395,545,119,521
47805,517,505,392,487,506,505,392,487,521,513,396,546,119,521
47815,517,507,392,483,506,507,392,483,521,515,396,550,119,521
47825,517,508,392,480,506,508,392,480,521,516,396,553,119,521
47835,517,507,392,476,506,507,392,476,521,515,396,557,119,521
47845,516,508,391,473,507,508,391,473,520,516,395,560,119,521
47855,516,508,392,469,507,508,392,469,520,516,396,564,119,521
47865,517,508,393,466,506,508,393,466,521,516,397,567,119,521
47875,519,508,395,463,504,508,395,463,523,516,399,570,119,521
47885,521,510,397,458,502,510,397,458,525,518,400,575,119,521
47895,523,510,397,454,500,510,397,454,527,518,400,579,119,521
47905,524,508,395,453,499,508,395,453,528,516,399,580,119,521
47915,527,506,390,456,496,506,390,456,531,514,394,577,119,521
47925,528,506,387,458,495,506,387,458,532,514,391,575,119,521
47935,529,508,387,456,494,508,387,456,533,516,391,577,119,521
47945,529,509,388,454,494,509,388,454,533,517,392,579,119,521
47955,529,511,390,449,494,511,390,449,533,519,394,584,119,521
47965,531,513,393,444,492,513,393,444,535,521,397,589,119,521
47975,534,515,396,438,489,515,396,438,538,523,399,595,119,521
47985,535,517,399,429,488,517,399,429,539,525,402,604,119,521
47995,534,516,398,421,489,516,398,421,538,524,401,612,119,521
48005,530,514,394,418,493,514,394,418,534,522,398,615,119,521
48015,526,511,389,417,497,511,389,417,530,519,393,616,119,521
48025,521,510,386,417,502,510,386,417,525,518,390,616,119,521
48035,518,509,387,416,505,509,387,416,522,517,391,617,119,521
48045,516,509,390,416,507,509,390,416,520,517,394,617,119,521
48055,515,509,395,415,508,509,395,415,519,517,399,618,119,521
48065,515,509,399,415,508,509,399,415,519,517,402,618,119,521
48075,513,507,405,412,510,507,405,412,517,515,408,621,119,521
48085,508,507,411,410,515,507,411,410,512,515,414,623,119,521
48095,504,507,411,411,519,507,411,411,509,515,414,622,119,521
48105,500,507,403,414,523,507,403,414,504,515,406,619,119,521
48115,496,506,394,417,527,506,394,417,500,514,398,616,119,521
48125,492,507,395,416,531,507,395,416,496,515,399,617,119,521
48135,490,508,400,416,533,508,400,416,494,516,403,617,119,521
48145,489,505,405,420,534,505,405,420,493,513,408,613,119,521
48155,489,502,408,428,534,502,408,428,493,512,411,605,119,521
48165,491,502,408,438,532,502,408,438,495,512,411,595,119,521
48175,495,502,410,448,528,502,410,448,499,512,413,585,119,521
48185,498,506,410,453,525,506,410,453,502,514,413,580,119,521
48195,498,509,408,455,525,509,408,455,502,517,411,578,119,521
48205,497,511,405,454,526,511,405,454,501,519,408,579,119,521
48215,494,510,401,455,529,510,401,455,498,518,404,578,119,521
48225,491,506,401,459,532,506,401,459,495,514,404,574,119,521
48235,490,502,403,468,533,502,403,468,494,512,406,565,119,521
48245,490,501,405,476,533,501,405,476,494,511,408,557,119,521
48255,492,502,405,486,531,502,405,486,496,512,408,547,119,521
48265,495,502,404,495,528,502,404,495,499,512,407,538,119,521
48275,497,504,402,504,526,504,402,504,501,512,405,529,119,521
48285,498,505,402,510,525,505,402,510,502,513,405,523,119,521
48295,497,507,403,513,526,507,403,513,501,515,406,520,119,521
48305,495,506,403,515,528,506,403,515,499,514,406,518,119,521
48315,494,507,402,515,529,507,402,515,498,515,405,518,119,521
48325,494,509,401,514,529,509,401,514,498,517,404,519,119,521
48335,497,512,398,510,526,512,398,510,501,520,401,523,119,521
48345,502,515,399,505,521,515,399,505,506,523,402,528,119,521
48355,507,516,400,502,516,516,400,502,512,524,403,531,119,521
48365,510,516,398,501,513,516,398,501,513,524,401,532,119,521
48375,511,515,396,498,512,515,396,498,514,523,399,535,119,521
48385,510,515,393,497,513,515,393,497,513,523,397,536,119,521
48395,510,514,392,496,513,514,392,496,513,522,396,537,119,521
48405,510,513,391,496,513,513,391,496,513,521,395,537,119,521
48415,511,512,390,498,512,512,390,498,514,520,394,535,119,521
48425,512,513,389,500,511,513,389,500,515,521,393,533,119,521
48435,515,514,388,502,508,514,388,502,519,522,392,531,119,521
48445,517,513,387,504,506,513,387,504,521,521,391,529,119,521
48455,518,513,385,506,505,513,385,506,522,521,389,527,119,521
48465,517,514,383,507,506,514,383,507,521,522,387,526,119,521
48475,514,515,382,505,509,515,382,505,518,523,386,528,119,521
48485,512,513,384,504,511,513,384,504,515,521,388,529,119,521
48495,512,512,388,505,511,512,388,505,515,520,392,528,119,521
48505,513,512,392,506,510,512,392,506,517,520,396,527,119,521
48515,515,514,395,507,508,514,395,507,519,522,399,526,119,521
48525,517,515,397,506,506,515,397,506,521,523,400,527,119,521
48535,518,517,398,503,505,517,398,503,522,525,401,530,119,521
48545,518,516,397,499,505,516,397,499,522,524,400,534,119,521
48555,518,515,395,497,505,515,395,497,522,523,399,536,119,521
48565,517,513,392,495,506,513,392,495,521,521,396,538,119,521
48575,515,512,391,495,508,512,391,495,519,520,395,538,119,521
48585,514,511,393,494,509,511,393,494,518,519,397,539,119,521
48595,514,510,394,493,509,510,394,493,518,518,398,540,119,521
48605,514,511,396,492,509,511,396,492,518,519,399,541,119,521
48615,516,512,397,490,507,512,397,490,520,520,400,543,119,521
48625,517,512,398,489,506,512,398,489,521,520,401,544,119,521
48635,517,512,398,490,506,512,398,490,521,520,401,543,119,521
48645,518,511,398,491,505,511,398,491,522,519,401,542,119,521
48655,518,511,397,492,505,511,397,492,522,519,400,541,119,521
48665,518,511,395,492,505,511,395,492,522,519,399,541,119,521
48675,518,510,394,493,505,510,394,493,522,518,398,540,119,521
48685,519,510,394,496,504,510,394,496,523,518,398,537,119,521
48695,520,511,396,498,503,511,396,498,524,519,399,535,119,521
48705,522,513,397,498,501,513,397,498,526,521,400,535,119,521
48715,524,516,398,497,499,516,398,497,528,524,401,536,119,521
48725,524,516,401,495,499,516,401,495,528,524,404,538,119,521
48735,523,516,402,491,500,516,402,491,527,524,405,542,119,521
48745,521,516,401,487,502,516,401,487,525,524,404,546,119,521
48755,518,515,398,483,505,515,398,483,522,523,401,550,119,521
48765,516,513,396,480,507,513,396,480,520,521,399,553,119,521
48775,514,511,395,480,509,511,395,480,518,519,399,553,119,521
48785,514,510,394,482,509,510,394,482,518,518,398,551,119,521
48795,515,509,395,483,508,509,395,483,519,517,399,550,119,521
48805,517,510,396,485,506,510,396,485,521,518,399,548,119,521
48815,518,511,397,484,505,511,397,484,522,519,400,549,119,521
48825,520,513,399,480,503,513,399,480,524,521,402,553,119,521
48835,520,514,398,474,503,514,398,474,524,522,401,559,119,521
48845,519,514,395,469,504,514,395,469,523,522,399,564,119,521
48855,517,513,393,466,506,513,393,466,521,521,397,567,119,521
48865,516,513,394,463,507,513,394,463,520,521,398,570,119,521
48875,515,513,396,462,508,513,396,462,519,521,399,571,119,521
48885,515,512,397,464,508,512,397,464,519,520,400,569,119,521
48895,515,512,399,465,508,512,399,465,519,520,402,568,119,521
48905,515,512,401,467,508,512,401,467,519,520,404,566,119,521
48915,513,513,403,468,510,513,403,468,517,521,406,565,119,521
48925,511,512,402,469,512,512,402,469,514,520,405,564,119,521
48936,509,511,399,470,514,511,399,470,512,519,402,563,119,521
48945,507,511,397,471,516,511,397,471,512,519,400,562,119,521
48955,507,511,397,472,516,511,397,472,512,519,400,561,119,521
48965,507,511,398,473,516,511,398,473,512,519,401,560,119,521
48975,507,512,398,473,516,512,398,473,512,520,401,560,119,521
48985,507,513,400,473,516,513,400,473,512,521,403,560,119,521
48995,506,513,400,474,517,513,400,474,511,521,403,559,119,521
49005,505,512,399,475,518,512,399,475,510,520,402,558,119,521
49015,504,510,397,480,519,510,397,480,509,518,400,553,119,521
49025,504,508,394,486,519,508,394,486,509,516,398,547,119,521
49036,504,507,392,491,519,507,392,491,509,515,396,542,119,521
49045,504,508,392,494,519,508,392,494,509,516,396,539,119,521
49055,505,509,392,496,518,509,392,496,510,517,396,537,119,521
49065,506,510,394,497,517,510,394,497,511,518,398,536,119,521
49075,508,513,397,495,515,513,397,495,512,521,400,538,119,521
49085,509,516,400,491,514,516,400,491,512,524,403,542,119,521
49095,510,519,401,487,513,519,401,487,513,527,404,546,119,521
49105,511,519,402,484,512,519,402,484,514,527,405,549,119,521
49115,512,517,401,483,511,517,401,483,515,525,404,550,119,521
49125,513,515,401,483,510,515,401,483,517,523,404,550,119,521
49135,515,513,398,483,508,513,398,483,519,521,401,550,119,521
49145,517,512,395,483,506,512,395,483,521,520,399,550,119,521
49155,518,511,392,484,505,511,392,484,522,519,396,549,119,521
49165,518,510,390,485,505,510,390,485,522,518,394,548,119,521
49175,517,510,391,486,506,510,391,486,521,518,395,547,119,521
49185,516,510,392,487,507,510,392,487,520,518,396,546,119,521
49195,516,511,391,486,507,511,391,486,520,519,395,547,119,521
49205,516,512,390,486,507,512,390,486,520,520,394,547,119,521
49215,517,513,391,485,506,513,391,485,521,521,395,548,119,521
49225,518,513,392,486,505,513,392,486,522,521,396,547,119,521
49235,519,513,395,486,504,513,395,486,523,521,399,547,119,521
49245,520,514,398,486,503,514,398,486,524,522,401,547,119,521
49255,520,514,400,485,503,514,400,485,524,522,403,548,119,521
49265,520,515,401,484,503,515,401,484,524,523,404,549,119,521
49275,520,516,401,482,503,516,401,482,524,524,404,551,119,521
49285,519,517,400,480,504,517,400,480,523,525,403,553,119,521
49295,517,517,396,478,506,517,396,478,521,525,399,555,119,521
49305,515,517,394,477,508,517,394,477,519,525,398,556,119,521
49315,515,518,396,476,508,518,396,476,519,526,399,557,119,521
49325,515,518,400,484,508,518,400,484,519,526,403,549,119,521
49335,517,520,403,509,506,520,403,509,521,528,406,524,119,521
49345,519,522,404,521,504,522,404,521,523,530,407,512,119,521
49355,522,523,404,524,501,523,404,524,526,531,407,509,119,521
49365,522,522,404,525,501,522,404,525,526,530,407,508,119,521
49375,522,520,402,526,501,520,402,526,526,528,405,507,119,521
49385,520,518,400,529,503,518,400,529,524,526,403,504,119,521
49395,519,518,396,531,504,518,396,531,523,526,399,502,119,521
49405,517,518,394,533,506,518,394,533,521,526,398,500,119,521
49415,518,519,395,536,505,519,395,536,522,527,399,497,119,521
49425,518,519,396,542,505,519,396,542,522,527,399,491,119,521
49435,518,520,397,545,505,520,397,545,522,528,400,488,119,521
49445,520,523,400,543,503,523,400,543,524,531,403,490,119,521
49455,522,526,403,538,501,526,403,538,526,534,406,495,119,521
49465,520,526,404,537,503,526,404,537,524,534,407,496,119,521
49475,513,526,403,543,510,526,403,543,517,534,406,490,119,521
49485,511,527,402,541,512,527,402,541,514,535,405,492,119,521
49495,513,527,402,526,510,527,402,526,517,535,405,507,119,521
49505,512,526,401,524,511,526,401,524,515,534,404,509,119,521
49515,514,524,401,528,509,524,401,528,518,532,404,505,119,521
49525,517,523,400,532,506,523,400,532,521,531,403,501,119,521
49535,519,522,398,533,504,522,398,533,523,530,401,500,119,521
49545,521,522,394,532,502,522,394,532,525,530,398,501,119,521
49555,521,521,391,531,502,521,391,531,525,529,395,502,119,521
49565,520,520,389,532,503,520,389,532,524,528,393,501,119,521
49575,519,519,390,536,504,519,390,536,523,527,394,497,119,521
49585,516,517,392,541,507,517,392,541,520,525,396,492,119,521
49595,516,516,396,545,507,516,396,545,520,524,399,488,119,521
49605,518,516,400,547,505,516,400,547,522,524,403,486,119,521
49615,519,518,404,551,504,518,404,551,523,526,407,482,119,521
49625,520,519,408,551,503,519,408,551,524,527,411,482,119,521
49635,523,520,411,548,500,520,411,548,527,528,414,485,119,521
49645,523,521,412,548,500,521,412,548,527,529,415,485,119,521
49655,522,520,410,552,501,520,410,552,526,528,413,481,119,521
49665,518,521,408,560,505,521,408,560,522,529,411,473,119,521
49675,516,522,407,566,507,522,407,566,520,530,410,467,119,521
49685,518,522,407,563,505,522,407,563,522,530,410,470,119,521
49695,520,520,407,560,503,520,407,560,524,528,410,473,119,521
49705,521,518,406,561,502,518,406,561,525,526,409,472,119,521
49715,523,518,404,566,500,518,404,566,527,526,407,467,119,521
49725,525,519,405,573,498,519,405,573,529,527,408,460,119,521
49735,526,520,407,576,497,520,407,576,530,528,410,457,119,521
49745,527,519,408,575,496,519,408,575,531,527,411,458,119,521
49755,527,518,410,574,496,518,410,574,531,526,413,459,119,521
49765,526,517,410,576,497,517,410,576,530,525,413,457,119,521
49775,523,518,409,578,500,518,409,578,527,526,412,455,119,521
49785,520,517,405,580,503,517,405,580,524,525,408,453,119,521
49795,518,515,400,588,505,515,400,588,522,523,403,445,119,521
49805,518,513,395,599,505,513,395,599,522,521,399,434,119,521
49815,520,512,390,606,503,512,390,606,524,520,394,427,119,521
49825,523,512,389,602,500,512,389,602,527,520,393,431,119,521
49835,524,513,392,592,499,513,392,592,528,521,396,441,119,521
49845,523,513,399,580,500,513,399,580,527,521,402,453,119,521
49855,520,513,404,569,503,513,404,569,524,521,407,464,119,521
49865,517,514,408,560,506,514,408,560,521,522,411,473,119,521
49875,515,514,411,556,508,514,411,556,519,522,414,477,119,521
49885,513,511,409,557,510,511,409,557,517,519,412,476,119,521
49895,512,506,402,562,511,506,402,562,515,514,405,471,119,521
49905,513,501,392,568,510,501,392,568,517,511,396,465,119,521
49915,516,498,383,573,507,498,383,573,520,508,387,460,119,521
49925,518,498,381,575,505,498,381,575,522,508,385,458,119,521
49935,519,500,387,575,504,500,387,575,523,510,391,458,119,521
49945,517,504,398,570,506,504,398,570,521,512,401,463,119,521
49955,516,508,406,562,507,508,406,562,520,516,409,471,119,521
49965,513,508,408,559,510,508,408,559,517,516,411,474,119,521
49975,510,505,404,564,513,505,404,564,513,513,407,469,119,521
49985,507,503,397,574,516,503,397,574,512,512,400,459,119,521
49995,506,498,395,580,517,498,395,580,511,508,399,453,119,521
50005,505,495,395,582,518,495,395,582,510,505,399,451,119,521
50015,506,497,391,576,517,497,391,576,511,507,395,457,119,521
50025,508,501,392,573,515,501,392,573,512,511,396,460,119,521
50035,507,503,398,568,516,503,398,568,512,512,401,465,119,521
50045,505,506,405,561,518,506,405,561,510,514,408,472,119,521
50055,505,508,409,553,518,508,409,553,510,516,412,480,119,521
50065,506,508,407,547,517,508,407,547,511,516,410,486,119,521
50075,505,504,399,546,518,504,399,546,510,512,402,487,119,521
50085,505,499,388,546,518,499,388,546,510,509,392,487,119,521
50095,505,498,383,546,518,498,383,546,510,508,387,487,119,521
50105,504,498,388,548,519,498,388,548,509,508,392,485,119,521
50115,504,499,401,549,519,499,401,549,509,509,404,484,119,521
50125,504,501,414,548,519,501,414,548,509,511,417,485,119,521
50135,504,500,414,551,519,500,414,551,509,510,417,482,119,521
50145,505,498,401,553,518,498,401,553,510,508,404,480,119,521
50155,509,497,386,554,514,497,386,554,512,507,390,479,119,521
50165,510,498,378,555,513,498,378,555,513,508,382,478,119,521
50175,510,501,377,556,513,501,377,556,513,511,381,477,119,521
50185,509,499,381,557,514,499,381,557,512,509,385,476,119,521
50195,508,494,389,562,515,494,389,562,512,504,393,471,119,521
50205,507,492,398,566,516,492,398,566,512,502,401,467,119,521
50215,507,492,402,568,516,492,402,568,512,502,405,465,119,521
50225,510,494,397,570,513,494,397,570,513,504,400,463,119,521
50235,514,498,384,568,509,498,384,568,518,508,388,465,119,521
50245,517,497,369,570,506,497,369,570,521,507,373,463,119,521
50255,519,496,367,572,504,496,367,572,523,506,371,461,119,521
50265,518,497,377,570,505,497,377,570,522,507,381,463,119,521
50275,514,500,387,568,509,500,387,568,518,510,391,465,119,521
50285,513,504,389,568,510,504,389,568,517,512,393,465,119,521
50295,515,506,386,568,508,506,386,568,519,514,390,465,119,521
50305,516,508,383,564,507,508,383,564,520,516,387,469,119,521
50315,515,510,384,561,508,510,384,561,519,518,388,472,119,521
50325,514,512,387,558,509,512,387,558,518,520,391,475,119,521
50335,514,512,392,556,509,512,392,556,518,520,396,477,119,521
50345,517,511,392,555,506,511,392,555,521,519,396,478,119,521
50355,519,511,389,555,504,511,389,555,523,519,393,478,119,521
50365,517,512,383,554,506,512,383,554,521,520,387,479,119,521
50375,513,512,382,554,510,512,382,554,517,520,386,479,119,521
50385,510,513,383,552,513,513,383,552,513,521,387,481,119,521
50395,507,514,386,550,516,514,386,550,512,522,390,483,119,521
50405,504,515,388,550,519,515,388,550,509,523,392,483,119,521
50415,502,515,390,550,521,515,390,550,506,523,394,483,119,521
50425,502,513,392,549,521,513,392,549,506,521,396,484,119,521
50435,503,512,394,549,520,512,394,549,507,520,398,484,119,521
50445,504,512,395,551,519,512,395,551,509,520,399,482,119,521
50455,505,510,396,555,518,510,396,555,510,518,399,478,119,521
50465,504,509,397,561,519,509,397,561,509,517,400,472,119,521
50475,502,507,398,565,521,507,398,565,506,515,401,468,119,521
50485,501,508,397,565,522,508,397,565,505,516,400,468,119,521
50495,501,509,395,565,522,509,395,565,505,517,399,468,119,521
50505,502,511,392,561,521,511,392,561,506,519,396,472,119,521
50515,504,513,387,559,519,513,387,559,509,521,391,474,119,521
50525,505,512,385,560,518,512,385,560,510,520,389,473,119,521
50535,506,511,388,561,517,511,388,561,511,519,392,472,119,521
50545,507,511,393,559,516,511,393,559,512,519,397,474,119,521
50555,507,511,395,558,516,511,395,558,512,519,399,475,119,521
50565,507,511,397,555,516,511,397,555,512,519,400,478,119,521
50575,506,511,398,551,517,511,398,551,511,519,401,482,119,521
50585,507,511,398,548,516,511,398,548,512,519,401,485,119,521
50595,507,511,395,547,516,511,395,547,512,519,399,486,119,521
50605,508,511,392,547,515,511,392,547,512,519,396,486,119,521
50615,507,511,390,548,516,511,390,548,512,519,394,485,119,521
50625,506,514,386,546,517,514,386,546,511,522,390,487,119,521
50635,506,518,383,539,517,518,383,539,511,526,387,494,119,521
50645,504,518,386,534,519,518,386,534,509,526,390,499,119,521
50655,503,515,392,531,520,515,392,531,507,523,396,502,119,521
50665,502,511,400,532,521,511,400,532,506,519,403,501,119,521
50675,503,509,406,534,520,509,406,534,507,517,409,499,119,521
50685,504,509,409,538,519,509,409,538,509,517,412,495,119,521
50695,505,510,409,538,518,510,409,538,510,518,412,495,119,521
50705,503,511,405,538,520,511,405,538,507,519,408,495,119,521
50715,501,512,399,538,522,512,399,538,505,520,402,495,119,521
50725,499,512,390,539,524,512,390,539,503,520,394,494,119,521
50735,498,514,385,538,525,514,385,538,502,522,389,495,119,521
50745,497,515,386,536,526,515,386,536,501,523,390,497,119,521
50755,496,514,392,534,527,514,392,534,500,522,396,499,119,521
50765,494,511,400,540,529,511,400,540,498,519,403,493,119,521
50775,495,510,409,552,528,510,409,552,499,518,412,481,119,521
50785,503,511,409,549,520,511,409,549,507,519,412,484,119,521
50795,508,514,405,542,515,514,405,542,512,522,408,491,119,521
50805,508,514,404,540,515,514,404,540,512,522,407,493,119,521
50815,506,511,406,546,517,511,406,546,511,519,409,487,119,521
50825,503,506,403,552,520,506,403,552,507,514,406,481,119,521
50835,502,505,398,552,521,505,398,552,506,513,401,481,119,521
50845,503,508,396,545,520,508,396,545,507,516,399,488,119,521
50855,502,511,396,538,521,511,396,538,506,519,399,495,119,521
50865,499,512,399,539,524,512,399,539,503,520,402,494,119,521
50875,500,512,406,545,523,512,406,545,504,520,409,488,119,521
50885,503,512,410,550,520,512,410,550,507,520,413,483,119,521
50895,507,511,409,554,516,511,409,554,512,519,412,479,119,521
50905,510,508,404,556,513,508,404,556,513,516,407,477,119,521
50915,509,504,396,560,514,504,396,560,512,512,399,473,119,521
50925,507,502,388,562,516,502,388,562,512,512,392,471,119,521
50935,504,505,386,556,519,505,386,556,509,513,390,477,119,521
50945,503,508,388,549,520,508,388,549,507,516,392,484,119,521
50955,502,505,390,543,521,505,390,543,506,513,394,490,119,521
50965,504,501,392,541,519,501,392,541,509,511,396,492,119,521
50975,506,498,394,544,517,498,394,544,511,508,398,489,119,521
50985,509,499,396,547,514,499,396,547,512,509,399,486,119,521
50995,509,500,396,547,514,500,396,547,512,510,399,486,119,521
51005,507,499,394,546,516,499,394,546,512,509,398,487,119,521
51015,505,497,390,550,518,497,390,550,510,507,394,483,119,521
51025,503,494,385,554,520,494,385,554,507,504,389,479,119,521
51035,501,494,383,554,522,494,383,554,505,504,387,479,119,521
51045,500,496,386,550,523,496,386,550,504,506,390,483,119,521
51055,499,498,391,541,524,498,391,541,503,508,395,492,119,521
51065,500,499,395,531,523,499,395,531,504,509,399,502,119,521
51075,501,498,400,524,522,498,400,524,505,508,403,509,119,521
51085,503,497,403,521,520,497,403,521,507,507,406,512,119,521
51095,503,496,405,521,520,496,405,521,507,506,408,512,119,521
51105,502,495,403,520,521,495,403,520,506,505,406,513,119,521
51115,495,497,397,522,528,497,397,522,499,507,400,511,119,521
51125,498,495,385,512,525,495,385,512,502,505,389,521,119,521
51135,503,493,383,510,520,493,383,510,507,503,387,523,119,521
51145,506,489,390,518,517,489,390,518,511,499,394,515,119,521
51155,507,486,397,526,516,486,397,526,512,496,400,507,119,521
51165,507,487,400,532,516,487,400,532,512,497,403,501,119,521
51175,508,489,401,535,515,489,401,535,512,499,404,498,119,521
51185,509,491,398,537,514,491,398,537,512,501,401,496,119,521
51195,509,493,396,538,514,493,396,538,512,503,399,495,119,521
51205,509,493,395,537,514,493,395,537,512,503,399,496,119,521
51215,507,493,393,537,516,493,393,537,512,503,397,496,119,521
51225,504,493,394,534,519,493,394,534,509,503,398,499,119,521
51235,502,494,398,530,521,494,398,530,506,504,401,503,119,521
51245,502,495,400,527,521,495,400,527,506,505,403,506,119,521
51255,502,495,400,524,521,495,400,524,506,505,403,509,119,521
51265,502,495,400,521,521,495,400,521,506,505,403,512,119,521
51275,504,494,394,526,519,494,394,526,509,504,398,507,119,521
51285,506,495,389,523,517,495,389,523,511,505,393,510,119,521
51295,504,493,391,524,519,493,391,524,509,503,395,509,119,521
51305,504,491,394,526,519,491,394,526,509,501,398,507,119,521
51315,505,491,395,528,518,491,395,528,510,501,399,505,119,521
51325,506,491,395,529,517,491,395,529,511,501,399,504,119,521
51335,506,490,396,536,517,490,396,536,511,500,399,497,119,521
51345,506,490,397,561,517,490,397,561,511,500,400,472,119,521
51355,505,489,397,576,518,489,397,576,510,499,400,457,119,521
51365,504,490,397,582,519,490,397,582,509,500,400,451,119,521
51375,505,490,397,586,518,490,397,586,510,500,400,447,119,521
51385,505,490,397,588,518,490,397,588,510,500,400,445,119,521
51395,505,490,396,590,518,490,396,590,510,500,399,443,119,521
51405,505,490,396,591,518,490,396,591,510,500,399,442,119,521
51415,506,490,396,591,517,490,396,591,511,500,399,442,119,521
51425,505,489,395,593,518,489,395,593,510,499,399,440,119,521
51435,503,486,394,598,520,486,394,598,507,496,398,435,119,521
51445,503,486,395,599,520,486,395,599,507,496,399,434,119,521
51455,504,488,395,598,519,488,395,598,509,498,399,435,119,521
51465,505,489,396,598,518,489,396,598,510,499,399,435,119,521
51475,505,489,397,598,518,489,397,598,510,499,400,435,119,521
51485,506,490,397,598,517,490,397,598,511,500,400,435,119,521
51495,505,490,397,598,518,490,397,598,510,500,400,435,119,521
51505,505,490,396,598,518,490,396,598,510,500,399,435,119,521
51515,506,490,397,598,517,490,397,598,511,500,400,435,119,521
51525,506,491,397,598,517,491,397,598,511,501,400,435,119,521
51535,506,490,397,598,517,490,397,598,511,500,400,435,119,521
51545,506,490,397,598,517,490,397,598,511,500,400,435,119,521
51555,506,491,397,598,517,491,397,598,511,501,400,435,119,521
51565,506,491,397,598,517,491,397,598,511,501,400,435,119,521
51575,506,490,397,598,517,490,397,598,511,500,400,435,119,521
51585,506,491,397,598,517,491,397,598,511,501,400,435,119,521
51595,506,491,396,598,517,491,396,598,511,501,399,435,119,521
51605,506,491,396,598,517,491,396,598,511,501,399,435,119,521
51615,506,491,397,598,517,491,397,598,511,501,400,435,119,521
51625,506,490,397,598,517,490,397,598,511,500,400,435,119,521
51635,506,490,397,598,517,490,397,598,511,500,400,435,119,521
51645,506,490,397,598,517,490,397,598,511,500,400,435,119,521
51655,506,490,397,598,517,490,397,598,511,500,400,435,119,521
51665,506,490,397,598,517,490,397,598,511,500,400,435,119,521
51675,506,490,397,598,517,490,397,598,511,500,400,435,119,521
51685,506,490,397,598,517,490,397,598,511,500,400,435,119,521
51695,506,490,397,598,517,490,397,598,511,500,400,435,119,521
51705,506,490,397,598,517,490,397,598,511,500,400,435,119,521
51715,506,490,397,598,517,490,397,598,511,500,400,435,119,521
51725,506,490,397,598,517,490,397,598,511,500,400,435,119,521
51735,506,490,397,598,517,490,397,598,511,500,400,435,119,521
51745,506,490,397,598,517,490,397,598,511,500,400,435,119,521
51755,506,490,397,598,517,490,397,598,511,500,400,435,119,521
51765,506,491,397,598,517,491,397,598,511,501,400,435,119,521
51775,506,491,397,598,517,491,397,598,511,501,400,435,119,521
51785,506,490,397,598,517,490,397,598,511,500,400,435,119,521
51795,506,491,397,598,517,491,397,598,511,501,400,435,119,521
51805,506,490,397,598,517,490,397,598,511,500,400,435,119,521
51815,506,490,397,598,517,490,397,598,511,500,400,435,119,521
51825,506,491,397,598,517,491,397,598,511,501,400,435,119,521
51835,506,490,397,598,517,490,397,598,511,500,400,435,119,521
51845,506,490,397,598,517,490,397,598,511,500,400,435,119,521
51855,506,490,397,598,517,490,397,598,511,500,400,435,119,521
51865,506,490,397,598,517,490,397,598,511,500,400,435,119,521
51875,506,490,397,598,517,490,397,598,511,500,400,435,119,521
51885,506,490,397,598,517,490,397,598,511,500,400,435,119,521
51895,506,490,397,598,517,490,397,598,511,500,400,435,119,521
51905,506,490,397,598,517,490,397,598,511,500,400,435,119,521
51915,506,490,397,598,517,490,397,598,511,500,400,435,119,521
51925,506,490,397,598,517,490,397,598,511,500,400,435,119,521
51935,506,490,397,598,517,490,397,598,511,500,400,435,119,521
51945,506,490,397,598,517,490,397,598,511,500,400,435,119,521
51955,506,491,397,598,517,491,397,598,511,501,400,435,119,521
51965,506,490,397,598,517,490,397,598,511,500,400,435,119,521
51975,506,491,397,598,517,491,397,598,511,501,400,435,119,521
51985,506,490,397,598,517,490,397,598,511,500,400,435,119,521
51995,506,490,397,598,517,490,397,598,511,500,400,435,119,521
52005,506,490,397,598,517,490,397,598,511,500,400,435,119,521
52015,506,490,397,598,517,490,397,598,511,500,400,435,119,521
52025,506,490,397,598,517,490,397,598,511,500,400,435,119,521
52035,506,490,397,598,517,490,397,598,511,500,400,435,119,521
52045,506,490,397,598,517,490,397,598,511,500,400,435,119,521
52055,506,490,397,598,517,490,397,598,511,500,400,435,119,521
52065,506,490,397,598,517,490,397,598,511,500,400,435,119,521
52075,506,490,397,598,517,490,397,598,511,500,400,435,119,521
52085,506,490,397,598,517,490,397,598,511,500,400,435,119,521
52095,506,490,397,598,517,490,397,598,511,500,400,435,119,521
52105,506,490,397,598,517,490,397,598,511,500,400,435,119,521
52115,506,490,397,598,517,490,397,598,511,500,400,435,119,521
52125,506,490,397,598,517,490,397,598,511,500,400,435,119,521
52135,506,490,397,598,517,490,397,598,511,500,400,435,119,521
52145,506,490,397,598,517,490,397,598,511,500,400,435,119,521
52155,506,490,397,598,517,490,397,598,511,500,400,435,119,521
52165,506,490,397,598,517,490,397,598,511,500,400,435,119,521
52175,506,490,397,598,517,490,397,598,511,500,400,435,119,521
52185,506,490,397,598,517,490,397,598,511,500,400,435,119,521
52195,506,490,397,598,517,490,397,598,511,500,400,435,119,521
52205,506,490,397,598,517,490,397,598,511,500,400,435,119,521
52215,506,490,397,598,517,490,397,598,511,500,400,435,119,521
52225,506,490,397,598,517,490,397,598,511,500,400,435,119,521
52235,506,490,397,598,517,490,397,598,511,500,400,435,119,521
52245,506,490,397,598,517,490,397,598,511,500,400,435,119,521
52255,506,490,397,598,517,490,397,598,511,500,400,435,119,521
52265,506,490,397,598,517,490,397,598,511,500,400,435,119,521
52275,506,490,397,598,517,490,397,598,511,500,400,435,119,521
52285,506,490,397,598,517,490,397,598,511,500,400,435,119,521
52295,506,490,397,598,517,490,397,598,511,500,400,435,119,521
52305,506,490,397,598,517,490,397,598,511,500,400,435,119,521
52315,506,490,397,598,517,490,397,598,511,500,400,435,119,521
52325,506,490,397,598,517,490,397,598,511,500,400,435,119,521
52335,506,490,397,598,517,490,397,598,511,500,400,435,119,521
52345,506,490,397,598,517,490,397,598,511,500,400,435,119,521
52355,506,490,397,598,517,490,397,598,511,500,400,435,119,521
52365,506,490,397,598,517,490,397,598,511,500,400,435,119,521
52375,506,490,397,598,517,490,397,598,511,500,400,435,119,521
52385,506,490,397,598,517,490,397,598,511,500,400,435,119,521
52395,506,490,397,598,517,490,397,598,511,500,400,435,119,521
52405,506,490,397,598,517,490,397,598,511,500,400,435,119,521
52415,506,490,397,598,517,490,397,598,511,500,400,435,119,521
52425,506,490,397,598,517,490,397,598,511,500,400,435,119,521
52435,506,490,397,598,517,490,397,598,511,500,400,435,119,521
52445,506,490,397,598,517,490,397,598,511,500,400,435,119,521
52455,506,490,397,598,517,490,397,598,511,500,400,435,119,521
52465,506,490,397,598,517,490,397,598,511,500,400,435,119,521
52475,506,490,397,598,517,490,397,598,511,500,400,435,119,521
52485,506,490,397,598,517,490,397,598,511,500,400,435,119,521
52495,506,490,397,598,517,490,397,598,511,500,400,435,119,521
52505,506,490,397,598,517,490,397,598,511,500,400,435,119,521
52515,506,490,397,598,517,490,397,598,511,500,400,435,119,521
52525,506,490,397,598,517,490,397,598,511,500,400,435,119,521
52535,506,490,396,598,517,490,396,598,511,500,399,435,119,521
52545,506,491,397,598,517,491,397,598,511,501,400,435,119,521
52555,506,490,396,598,517,490,396,598,511,500,399,435,119,521
52565,506,490,396,598,517,490,396,598,511,500,399,435,119,521
52575,506,490,397,598,517,490,397,598,511,500,400,435,119,521
52585,506,490,397,598,517,490,397,598,511,500,400,435,119,521
52595,506,490,397,598,517,490,397,598,511,500,400,435,119,521
52605,506,490,397,598,517,490,397,598,511,500,400,435,119,521
52615,506,490,397,598,517,490,397,598,511,500,400,435,119,521
52625,506,490,397,598,517,490,397,598,511,500,400,435,119,521
52635,506,490,397,598,517,490,397,598,511,500,400,435,119,521
52645,506,490,397,598,517,490,397,598,511,500,400,435,119,521
52655,506,490,397,598,517,490,397,598,511,500,400,435,119,521
52665,506,490,397,598,517,490,397,598,511,500,400,435,119,521
52675,506,490,397,598,517,490,397,598,511,500,400,435,119,521
52685,506,490,397,598,517,490,397,598,511,500,400,435,119,521
52695,506,490,397,598,517,490,397,598,511,500,400,435,119,521
52705,506,490,397,598,517,490,397,598,511,500,400,435,119,521
52715,506,490,397,598,517,490,397,598,511,500,400,435,119,521
52725,506,490,397,598,517,490,397,598,511,500,400,435,119,521
52735,506,490,397,598,517,490,397,598,511,500,400,435,119,521
52745,506,490,397,598,517,490,397,598,511,500,400,435,119,521
52755,506,490,397,598,517,490,397,598,511,500,400,435,119,521
52765,506,490,397,598,517,490,397,598,511,500,400,435,119,521
52775,506,490,397,598,517,490,397,598,511,500,400,435,119,521
52785,506,490,397,598,517,490,397,598,511,500,400,435,119,521
52795,506,490,397,598,517,490,397,598,511,500,400,435,119,521
52805,506,490,397,598,517,490,397,598,511,500,400,435,119,521
52815,506,490,397,598,517,490,397,598,511,500,400,435,119,521
52825,506,490,397,598,517,490,397,598,511,500,400,435,119,521
52835,506,490,397,598,517,490,397,598,511,500,400,435,119,521
52845,506,490,397,598,517,490,397,598,511,500,400,435,119,521
52855,506,490,397,598,517,490,397,598,511,500,400,435,119,521
52865,506,490,397,598,517,490,397,598,511,500,400,435,119,521
52875,506,490,397,598,517,490,397,598,511,500,400,435,119,521
52885,506,490,397,598,517,490,397,598,511,500,400,435,119,521
52895,506,490,397,598,517,490,397,598,511,500,400,435,119,521
52905,506,490,397,598,517,490,397,598,511,500,400,435,119,521
52915,506,490,397,598,517,490,397,598,511,500,400,435,119,521
52925,506,490,397,598,517,490,397,598,511,500,400,435,119,521
52935,506,490,397,598,517,490,397,598,511,500,400,435,119,521
52945,506,490,397,598,517,490,397,598,511,500,400,435,119,521
52955,506,490,397,598,517,490,397,598,511,500,400,435,119,521
52965,506,490,397,598,517,490,397,598,511,500,400,435,119,521
52975,506,490,397,598,517,490,397,598,511,500,400,435,119,521
52985,506,490,397,598,517,490,397,598,511,500,400,435,119,521
52995,506,490,397,598,517,490,397,598,511,500,400,435,119,521
53005,506,490,397,598,517,490,397,598,511,500,400,435,119,521
53015,506,490,397,598,517,490,397,598,511,500,400,435,119,521
53025,506,490,397,598,517,490,397,598,511,500,400,435,119,521
53035,506,490,397,598,517,490,397,598,511,500,400,435,119,521
53045,506,490,397,598,517,490,397,598,511,500,400,435,119,521
53055,506,490,397,598,517,490,397,598,511,500,400,435,119,521
53065,506,490,397,598,517,490,397,598,511,500,400,435,119,521
53075,506,490,397,598,517,490,397,598,511,500,400,435,119,521
53085,506,490,397,598,517,490,397,598,511,500,400,435,119,521
53095,506,490,397,598,517,490,397,598,511,500,400,435,119,521
53105,506,490,397,598,517,490,397,598,511,500,400,435,119,521
53115,506,490,397,598,517,490,397,598,511,500,400,435,119,521
53125,506,490,397,598,517,490,397,598,511,500,400,435,119,521
53135,506,490,396,598,517,490,396,598,511,500,399,435,119,521
53145,506,490,397,598,517,490,397,598,511,500,400,435,119,521
53155,506,490,397,598,517,490,397,598,511,500,400,435,119,521
53165,506,490,397,598,517,490,397,598,511,500,400,435,119,521
53175,506,490,397,598,517,490,397,598,511,500,400,435,119,521
53185,506,490,397,598,517,490,397,598,511,500,400,435,119,521
53195,506,490,397,598,517,490,397,598,511,500,400,435,119,521
53205,506,490,397,598,517,490,397,598,511,500,400,435,119,521
53215,506,490,397,598,517,490,397,598,511,500,400,435,119,521
53225,506,490,397,598,517,490,397,598,511,500,400,435,119,521
53235,506,490,397,598,517,490,397,598,511,500,400,435,119,521
53245,506,490,397,598,517,490,397,598,511,500,400,435,119,521
53255,506,490,397,598,517,490,397,598,511,500,400,435,119,521
53265,506,490,397,598,517,490,397,598,511,500,400,435,119,521
53275,506,490,397,598,517,490,397,598,511,500,400,435,119,521
53285,506,490,397,598,517,490,397,598,511,500,400,435,119,521
53295,506,490,397,598,517,490,397,598,511,500,400,435,119,521
53305,506,490,397,598,517,490,397,598,511,500,400,435,119,521
53315,506,490,397,598,517,490,397,598,511,500,400,435,119,521
53325,506,490,397,598,517,490,397,598,511,500,400,435,119,521
53335,506,490,397,598,517,490,397,598,511,500,400,435,119,521
53345,506,490,397,586,517,490,397,586,511,500,400,447,119,521
53355,506,490,397,538,517,490,397,538,511,500,400,495,119,521
53365,506,490,397,511,517,490,397,511,511,500,400,522,119,521
53375,506,490,397,500,517,490,397,500,511,500,400,533,119,521
53385,506,490,397,496,517,490,397,496,511,500,400,537,119,521
53395,506,490,397,494,517,490,397,494,511,500,400,539,119,521
53405,506,490,397,493,517,490,397,493,511,500,400,540,119,521
53415,506,490,397,493,517,490,397,493,511,500,400,540,119,521
53425,506,490,397,493,517,490,397,493,511,500,400,540,119,521
53435,506,490,397,493,517,490,397,493,511,500,400,540,119,521
53445,506,490,397,493,517,490,397,493,511,500,400,540,119,521
53455,506,490,397,493,517,490,397,493,511,500,400,540,119,521
53465,506,490,397,493,517,490,397,493,511,500,400,540,119,521
53475,506,490,397,493,517,490,397,493,511,500,400,540,119,521
53485,506,490,397,492,517,490,397,492,511,500,400,541,119,521
53495,506,490,397,493,517,490,397,493,511,500,400,540,119,521
53505,506,490,397,492,517,490,397,492,511,500,400,541,119,521
53515,506,490,397,492,517,490,397,492,511,500,400,541,119,521
53525,506,490,397,492,517,490,397,492,511,500,400,541,119,521
53535,506,490,397,493,517,490,397,493,511,500,400,540,119,521
53545,506,490,397,492,517,490,397,492,511,500,400,541,119,521
53555,506,490,397,492,517,490,397,492,511,500,400,541,119,521
53565,506,490,397,492,517,490,397,492,511,500,400,541,119,521
53575,506,490,397,492,517,490,397,492,511,500,400,541,119,521
53585,506,490,397,492,517,490,397,492,511,500,400,541,119,521
53595,506,490,397,492,517,490,397,492,511,500,400,541,119,521
53605,506,490,397,492,517,490,397,492,511,500,400,541,119,521
53615,506,490,397,492,517,490,397,492,511,500,400,541,119,521
53625,506,490,397,492,517,490,397,492,511,500,400,541,119,521
53635,506,490,397,492,517,490,397,492,511,500,400,541,119,521
53645,506,490,397,492,517,490,397,492,511,500,400,541,119,521
53655,506,490,397,492,517,490,397,492,511,500,400,541,119,521
53665,506,490,397,492,517,490,397,492,511,500,400,541,119,521
53675,506,490,397,492,517,490,397,492,511,500,400,541,119,521
53685,506,490,397,493,517,490,397,493,511,500,400,540,119,521
53695,506,490,397,492,517,490,397,492,511,500,400,541,119,521
53705,506,490,397,492,517,490,397,492,511,500,400,541,119,521
53715,506,490,397,493,517,490,397,493,511,500,400,540,119,521
53725,506,490,397,492,517,490,397,492,511,500,400,541,119,521
53735,506,490,397,492,517,490,397,492,511,500,400,541,119,521
53746,506,490,397,493,517,490,397,493,511,500,400,540,119,521
53755,506,490,397,492,517,490,397,492,511,500,400,541,119,521
53765,506,490,397,492,517,490,397,492,511,500,400,541,119,521
53775,506,490,397,493,517,490,397,493,511,500,400,540,119,521
53785,506,490,397,492,517,490,397,492,511,500,400,541,119,521
53795,506,490,397,493,517,490,397,493,511,500,400,540,119,521
53805,506,490,397,492,517,490,397,492,511,500,400,541,119,521
53815,506,490,397,493,517,490,397,493,511,500,400,540,119,521
53825,506,490,397,492,517,490,397,492,511,500,400,541,119,521
53835,506,490,397,492,517,490,397,492,511,500,400,541,119,521
53845,506,490,397,492,517,490,397,492,511,500,400,541,119,521
53855,506,490,397,492,517,490,397,492,511,500,400,541,119,521
53865,506,490,397,493,517,490,397,493,511,500,400,540,119,521
53875,506,490,397,492,517,490,397,492,511,500,400,541,119,521
53885,506,490,397,492,517,490,397,492,511,500,400,541,119,521
53895,506,490,397,493,517,490,397,493,511,500,400,540,119,521
53905,506,490,397,492,517,490,397,492,511,500,400,541,119,521
53915,506,490,397,492,517,490,397,492,511,500,400,541,119,521
53925,506,490,397,492,517,490,397,492,511,500,400,541,119,521
53935,506,490,397,492,517,490,397,492,511,500,400,541,119,521
53945,506,490,397,492,517,490,397,492,511,500,400,541,119,521
53955,506,490,397,492,517,490,397,492,511,500,400,541,119,521
53965,506,490,397,492,517,490,397,492,511,500,400,541,119,521
53975,506,490,397,492,517,490,397,492,511,500,400,541,119,521
53985,506,490,397,492,517,490,397,492,511,500,400,541,119,521
53995,506,490,397,492,517,490,397,492,511,500,400,541,119,521
54005,506,490,397,492,517,490,397,492,511,500,400,541,119,521
54015,506,490,397,492,517,490,397,492,511,500,400,541,119,521
54025,506,490,397,492,517,490,397,492,511,500,400,541,119,521
54035,506,490,397,492,517,490,397,492,511,500,400,541,119,521
54045,506,490,397,492,517,490,397,492,511,500,400,541,119,521
54055,506,490,397,492,517,490,397,492,511,500,400,541,119,521
54065,506,490,397,492,517,490,397,492,511,500,400,541,119,521
54075,506,490,397,492,517,490,397,492,511,500,400,541,119,521
54085,506,490,397,492,517,490,397,492,511,500,400,541,119,521
54095,506,490,397,492,517,490,397,492,511,500,400,541,119,521
54105,506,490,397,492,517,490,397,492,511,500,400,541,119,521
54115,506,490,397,492,517,490,397,492,511,500,400,541,119,521
54125,506,490,397,492,517,490,397,492,511,500,400,541,119,521
54135,506,490,397,492,517,490,397,492,511,500,400,541,119,521
54145,506,490,397,492,517,490,397,492,511,500,400,541,119,521
54155,506,490,397,492,517,490,397,492,511,500,400,541,119,521
54165,506,490,397,492,517,490,397,492,511,500,400,541,119,521
54175,506,490,397,492,517,490,397,492,511,500,400,541,119,521
54185,506,490,397,492,517,490,397,492,511,500,400,541,119,521
54195,506,490,397,493,517,490,397,493,511,500,400,540,119,521
54205,506,490,397,492,517,490,397,492,511,500,400,541,119,521
54215,506,490,397,492,517,490,397,492,511,500,400,541,119,521
54225,506,490,397,492,517,490,397,492,511,500,400,541,119,521
54235,506,490,397,492,517,490,397,492,511,500,400,541,119,521
54245,506,490,397,492,517,490,397,492,511,500,400,541,119,521
54255,506,490,397,493,517,490,397,493,511,500,400,540,119,521
54265,506,490,397,492,517,490,397,492,511,500,400,541,119,521
54275,506,490,397,492,517,490,397,492,511,500,400,541,119,521
54285,506,490,397,492,517,490,397,492,511,500,400,541,119,521
54295,506,490,397,492,517,490,397,492,511,500,400,541,119,521
54305,506,490,397,492,517,490,397,492,511,500,400,541,119,521
54315,506,490,397,492,517,490,397,492,511,500,400,541,119,521
54325,506,490,397,492,517,490,397,492,511,500,400,541,119,521
54335,506,490,397,492,517,490,397,492,511,500,400,541,119,521
54345,506,490,397,492,517,490,397,492,511,500,400,541,119,521
54355,506,490,397,492,517,490,397,492,511,500,400,541,119,521
54365,506,490,397,492,517,490,397,492,511,500,400,541,119,521
54375,506,490,397,493,517,490,397,493,511,500,400,540,119,521
54385,506,490,397,492,517,490,397,492,511,500,400,541,119,521
54395,506,490,397,492,517,490,397,492,511,500,400,541,119,521
54405,506,490,397,492,517,490,397,492,511,500,400,541,119,521
54415,506,490,397,492,517,490,397,492,511,500,400,541,119,521
54425,506,490,397,492,517,490,397,492,511,500,400,541,119,521
54435,506,490,397,493,517,490,397,493,511,500,400,540,119,521
54445,506,490,397,492,517,490,397,492,511,500,400,541,119,521
54455,506,490,397,492,517,490,397,492,511,500,400,541,119,521
54465,506,490,397,492,517,490,397,492,511,500,400,541,119,521
54475,506,490,397,492,517,490,397,492,511,500,400,541,119,521
54485,506,490,397,492,517,490,397,492,511,500,400,541,119,521
54495,506,490,397,493,517,490,397,493,511,500,400,540,119,521
54505,506,490,397,492,517,490,397,492,511,500,400,541,119,521
54515,506,490,397,492,517,490,397,492,511,500,400,541,119,521
54525,506,490,397,492,517,490,397,492,511,500,400,541,119,521
54535,506,490,397,492,517,490,397,492,511,500,400,541,119,521
54545,506,490,397,492,517,490,397,492,511,500,400,541,119,521
54555,506,490,397,493,517,490,397,493,511,500,400,540,119,521
54565,506,490,397,492,517,490,397,492,511,500,400,541,119,521
54575,506,490,397,492,517,490,397,492,511,500,400,541,119,521
54585,506,490,397,492,517,490,397,492,511,500,400,541,119,521
54595,506,490,397,492,517,490,397,492,511,500,400,541,119,521
54605,506,490,397,492,517,490,397,492,511,500,400,541,119,521
54615,506,490,397,492,517,490,397,492,511,500,400,541,119,521
54625,506,490,397,492,517,490,397,492,511,500,400,541,119,521
54635,506,490,397,492,517,490,397,492,511,500,400,541,119,521
54645,506,490,397,493,517,490,397,493,511,500,400,540,119,521
54655,506,490,397,492,517,490,397,492,511,500,400,541,119,521
54665,506,490,397,492,517,490,397,492,511,500,400,541,119,521
54675,506,490,397,493,517,490,397,493,511,500,400,540,119,521
54685,506,490,397,492,517,490,397,492,511,500,400,541,119,521
54695,506,490,397,492,517,490,397,492,511,500,400,541,119,521
54705,506,490,397,493,517,490,397,493,511,500,400,540,119,521
54715,506,490,397,492,517,490,397,492,511,500,400,541,119,521
54725,506,490,397,492,517,490,397,492,511,500,400,541,119,521
54735,506,490,397,493,517,490,397,493,511,500,400,540,119,521
54745,506,490,397,492,517,490,397,492,511,500,400,541,119,521
54755,506,490,397,492,517,490,397,492,511,500,400,541,119,521
54765,506,490,397,492,517,490,397,492,511,500,400,541,119,521
54775,506,490,397,492,517,490,397,492,511,500,400,541,119,521
54785,506,490,397,492,517,490,397,492,511,500,400,541,119,521
54795,506,490,397,493,517,490,397,493,511,500,400,540,119,521
54805,506,490,397,492,517,490,397,492,511,500,400,541,119,521
54815,506,490,397,492,517,490,397,492,511,500,400,541,119,521
54825,506,490,397,492,517,490,397,492,511,500,400,541,119,521
54835,506,490,397,492,517,490,397,492,511,500,400,541,119,521
54845,506,490,397,492,517,490,397,492,511,500,400,541,119,521
54855,506,490,397,492,517,490,397,492,511,500,400,541,119,521
54865,506,490,397,492,517,490,397,492,511,500,400,541,119,521
54875,506,490,397,492,517,490,397,492,511,500,400,541,119,521
54885,506,490,397,493,517,490,397,493,511,500,400,540,119,521
54895,506,490,397,492,517,490,397,492,511,500,400,541,119,521
54905,506,490,397,492,517,490,397,492,511,500,400,541,119,521
54915,506,490,397,493,517,490,397,493,511,500,400,540,119,521
54925,506,490,397,492,517,490,397,492,511,500,400,541,119,521
54935,506,490,397,492,517,490,397,492,511,500,400,541,119,521
54945,506,490,397,493,517,490,397,493,511,500,400,540,119,521
54955,506,490,397,492,517,490,397,492,511,500,400,541,119,521
54965,506,490,397,492,517,490,397,492,511,500,400,541,119,521
54975,506,490,397,493,517,490,397,493,511,500,400,540,119,521
54985,506,490,397,492,517,490,397,492,511,500,400,541,119,521
54995,506,490,397,492,517,490,397,492,511,500,400,541,119,521
55005,506,490,397,493,517,490,397,493,511,500,400,540,119,521
55015,506,490,397,492,517,490,397,492,511,500,400,541,119,521
55025,506,490,397,493,517,490,397,493,511,500,400,540,119,521
55035,506,490,397,493,517,490,397,493,511,500,400,540,119,521
55045,506,490,397,492,517,490,397,492,511,500,400,541,119,521
55055,506,490,397,492,517,490,397,492,511,500,400,541,119,521
55065,506,490,397,493,517,490,397,493,511,500,400,540,119,521
55075,506,490,397,493,517,490,397,493,511,500,400,540,119,521
55085,506,490,397,492,517,490,397,492,511,500,400,541,119,521
55095,506,490,397,493,517,490,397,493,511,500,400,540,119,521
55105,506,490,397,492,517,490,397,492,511,500,400,541,119,521
55115,506,490,397,492,517,490,397,492,511,500,400,541,119,521
55125,506,490,397,493,517,490,397,493,511,500,400,540,119,521
55135,506,490,397,492,517,490,397,492,511,500,400,541,119,521
55145,506,490,397,492,517,490,397,492,511,500,400,541,119,521
55155,506,490,397,493,517,490,397,493,511,500,400,540,119,521
55165,506,490,397,493,517,490,397,493,511,500,400,540,119,521
55175,506,490,397,492,517,490,397,492,511,500,400,541,119,521
55185,506,490,397,493,517,490,397,493,511,500,400,540,119,521
55195,506,490,397,492,517,490,397,492,511,500,400,541,119,521
55205,506,490,397,492,517,490,397,492,511,500,400,541,119,521
55216,506,490,397,493,517,490,397,493,511,500,400,540,119,521
55225,506,490,397,492,517,490,397,492,511,500,400,541,119,521
55235,506,490,397,492,517,490,397,492,511,500,400,541,119,521
55245,506,490,397,492,517,490,397,492,511,500,400,541,119,521
55255,506,490,397,492,517,490,397,492,511,500,400,541,119,521
55265,506,490,397,492,517,490,397,492,511,500,400,541,119,521
55275,506,490,397,493,517,490,397,493,511,500,400,540,119,521
55285,506,490,397,492,517,490,397,492,511,500,400,541,119,521
55295,506,490,397,492,517,490,397,492,511,500,400,541,119,521
55305,506,490,397,493,517,490,397,493,511,500,400,540,119,521
55315,506,490,397,492,517,490,397,492,511,500,400,541,119,521
55325,506,490,397,492,517,490,397,492,511,500,400,541,119,521
55335,506,490,397,492,517,490,397,492,511,500,400,541,119,521
55345,506,490,397,492,517,490,397,492,511,500,400,541,119,521
55355,506,490,397,486,517,490,397,486,511,500,400,547,119,521
55365,506,490,397,462,517,490,397,462,511,500,400,571,119,521
55375,506,490,397,449,517,490,397,449,511,500,400,584,119,521
55385,506,490,397,444,517,490,397,444,511,500,400,589,119,521
55395,506,490,397,442,517,490,397,442,511,500,400,591,119,521
55405,506,490,397,441,517,490,397,441,511,500,400,592,119,521
55415,506,490,397,440,517,490,397,440,511,500,400,593,119,521
55425,506,490,397,440,517,490,397,440,511,500,400,593,119,521
55435,506,490,397,440,517,490,397,440,511,500,400,593,119,521
55445,506,490,397,440,517,490,397,440,511,500,400,593,119,521
55455,506,490,397,440,517,490,397,440,511,500,400,593,119,521
55465,506,490,397,440,517,490,397,440,511,500,400,593,119,521
55475,506,490,397,440,517,490,397,440,511,500,400,593,119,521
55485,506,490,397,440,517,490,397,440,511,500,400,593,119,521
55495,506,490,397,440,517,490,397,440,511,500,400,593,119,521
55505,506,490,397,440,517,490,397,440,511,500,400,593,119,521
55515,506,490,397,440,517,490,397,440,511,500,400,593,119,521
55525,506,490,397,440,517,490,397,440,511,500,400,593,119,521
55536,506,490,397,440,517,490,397,440,511,500,400,593,119,521
55545,506,490,397,440,517,490,397,440,511,500,400,593,119,521
55555,506,490,397,440,517,490,397,440,511,500,400,593,119,521
55566,506,490,397,440,517,490,397,440,511,500,400,593,119,521
55575,506,490,397,440,517,490,397,440,511,500,400,593,119,521
55585,506,490,397,440,517,490,397,440,511,500,400,593,119,521
55595,506,490,397,440,517,490,397,440,511,500,400,593,119,521
55605,506,490,397,440,517,490,397,440,511,500,400,593,119,521
55615,506,490,397,440,517,490,397,440,511,500,400,593,119,521
55625,506,490,397,440,517,490,397,440,511,500,400,593,119,521
55635,506,490,397,440,517,490,397,440,511,500,400,593,119,521
55645,506,490,397,440,517,490,397,440,511,500,400,593,119,521
55655,506,490,397,440,517,490,397,440,511,500,400,593,119,521
55666,506,490,397,440,517,490,397,440,511,500,400,593,119,521
55675,506,490,397,440,517,490,397,440,511,500,400,593,119,521
55685,506,490,397,440,517,490,397,440,511,500,400,593,119,521
55695,506,490,397,440,517,490,397,440,511,500,400,593,119,521
55705,506,490,397,440,517,490,397,440,511,500,400,593,119,521
55715,506,490,397,440,517,490,397,440,511,500,400,593,119,521
55725,506,490,397,440,517,490,397,440,511,500,400,593,119,521
55736,506,490,397,440,517,490,397,440,511,500,400,593,119,521
55745,506,490,397,440,517,490,397,440,511,500,400,593,119,521
55755,506,490,397,440,517,490,397,440,511,500,400,593,119,521
55765,506,490,397,440,517,490,397,440,511,500,400,593,119,521
55776,506,490,397,440,517,490,397,440,511,500,400,593,119,521
55785,506,490,397,440,517,490,397,440,511,500,400,593,119,521
55795,506,490,397,440,517,490,397,440,511,500,400,593,119,521
55805,506,490,397,440,517,490,397,440,511,500,400,593,119,521
55815,506,490,397,440,517,490,397,440,511,500,400,593,119,521
55825,506,490,397,440,517,490,397,440,511,500,400,593,119,521
55835,506,490,397,440,517,490,397,440,511,500,400,593,119,521
55845,506,490,397,440,517,490,397,440,511,500,400,593,119,521
55855,506,490,397,440,517,490,397,440,511,500,400,593,119,521
55865,506,490,397,440,517,490,397,440,511,500,400,593,119,521
55875,506,490,397,440,517,490,397,440,511,500,400,593,119,521
55886,506,490,397,440,517,490,397,440,511,500,400,593,119,521
55896,506,490,397,440,517,490,397,440,511,500,400,593,119,521
55906,506,490,397,440,517,490,397,440,511,500,400,593,119,521
55916,506,490,397,440,517,490,397,440,511,500,400,593,119,521
55925,506,490,397,440,517,490,397,440,511,500,400,593,119,521
55935,506,490,397,440,517,490,397,440,511,500,400,593,119,521
55945,506,490,397,439,517,490,397,439,511,500,400,594,119,521
55955,507,490,398,438,516,490,398,438,512,500,401,595,119,521
55966,507,490,397,437,516,490,397,437,512,500,400,596,119,521
55976,506,490,397,437,517,490,397,437,511,500,400,596,119,521
55986,506,490,397,436,517,490,397,436,511,500,400,597,119,521
55995,506,490,397,437,517,490,397,437,511,500,400,596,119,521
56006,506,490,397,437,517,490,397,437,511,500,400,596,119,521
56016,506,490,396,438,517,490,396,438,511,500,399,595,119,521
56026,505,490,396,439,518,490,396,439,510,500,399,594,119,521
56036,506,490,396,439,517,490,396,439,511,500,399,594,119,521
56046,506,490,397,439,517,490,397,439,511,500,400,594,119,521
56055,506,490,397,440,517,490,397,440,511,500,400,593,119,521
56066,506,490,397,440,517,490,397,440,511,500,400,593,119,521
56075,506,490,397,440,517,490,397,440,511,500,400,593,119,521
56085,506,490,397,440,517,490,397,440,511,500,400,593,119,521
56095,506,490,397,440,517,490,397,440,511,500,400,593,119,521
56105,506,490,397,440,517,490,397,440,511,500,400,593,119,521
56115,506,490,397,440,517,490,397,440,511,500,400,593,119,521
56125,506,490,397,440,517,490,397,440,511,500,400,593,119,521
56135,506,490,397,440,517,490,397,440,511,500,400,593,119,521
56146,506,490,397,440,517,490,397,440,511,500,400,593,119,521
56155,506,490,397,440,517,490,397,440,511,500,400,593,119,521
56166,506,490,397,440,517,490,397,440,511,500,400,593,119,521
56175,506,490,397,440,517,490,397,440,511,500,400,593,119,521
56185,506,490,397,439,517,490,397,439,511,500,400,594,119,521
56195,506,490,397,439,517,490,397,439,511,500,400,594,119,521
56206,507,490,398,438,516,490,398,438,512,500,401,595,119,521
56216,507,490,398,436,516,490,398,436,512,500,401,597,119,521
56225,507,490,398,434,516,490,398,434,512,500,401,599,119,521
56235,507,490,398,433,516,490,398,433,512,500,401,600,119,521
56246,506,490,398,433,517,490,398,433,511,500,401,600,119,521
56256,506,490,398,432,517,490,398,432,511,500,401,601,119,521
56265,506,490,398,432,517,490,398,432,511,500,401,601,119,521
56275,506,489,398,432,517,489,398,432,511,499,401,601,119,521
56286,506,490,399,432,517,490,399,432,511,500,402,601,119,521
56296,507,490,400,430,516,490,400,430,512,500,403,603,119,521
56305,507,490,402,428,516,490,402,428,512,500,405,605,119,521
56315,504,484,390,438,519,484,390,438,509,494,394,595,119,521
56325,504,486,393,439,519,486,393,439,509,496,397,594,119,521
56335,505,487,394,439,518,487,394,439,510,497,398,594,119,521
56345,506,487,396,440,517,487,396,440,511,497,399,593,119,521
56355,506,487,396,440,517,487,396,440,511,497,399,593,119,521
56366,506,487,397,440,517,487,397,440,511,497,400,593,119,521
56376,506,487,397,440,517,487,397,440,511,497,400,593,119,521
56385,506,488,397,440,517,488,397,440,511,498,400,593,119,521
56396,506,488,397,440,517,488,397,440,511,498,400,593,119,521
56406,506,487,397,440,517,487,397,440,511,497,400,593,119,521
56416,506,488,397,440,517,488,397,440,511,498,400,593,119,521
56426,506,488,397,440,517,488,397,440,511,498,400,593,119,521
56436,506,487,397,440,517,487,397,440,511,497,400,593,119,521
56446,506,488,397,440,517,488,397,440,511,498,400,593,119,521
56456,506,488,397,440,517,488,397,440,511,498,400,593,119,521
56466,506,488,397,440,517,488,397,440,511,498,400,593,119,521
56476,506,488,397,440,517,488,397,440,511,498,400,593,119,521
56486,506,487,397,440,517,487,397,440,511,497,400,593,119,521
56496,506,488,397,440,517,488,397,440,511,498,400,593,119,521
56506,506,488,397,440,517,488,397,440,511,498,400,593,119,521
56516,506,487,397,440,517,487,397,440,511,497,400,593,119,521
56526,506,487,397,440,517,487,397,440,511,497,400,593,119,521
56536,506,488,397,440,517,488,397,440,511,498,400,593,119,521
56546,506,488,397,440,517,488,397,440,511,498,400,593,119,521
56556,506,487,397,440,517,487,397,440,511,497,400,593,119,521
56566,506,488,397,440,517,488,397,440,511,498,400,593,119,521
56576,506,487,397,440,517,487,397,440,511,497,400,593,119,521
56586,506,488,397,440,517,488,397,440,511,498,400,593,119,521
56596,506,488,397,440,517,488,397,440,511,498,400,593,119,521
56606,506,487,397,440,517,487,397,440,511,497,400,593,119,521
56616,506,487,397,440,517,487,397,440,511,497,400,593,119,521
56626,506,488,397,440,517,488,397,440,511,498,400,593,119,521
56636,506,488,397,440,517,488,397,440,511,498,400,593,119,521
56646,506,487,397,440,517,487,397,440,511,497,400,593,119,521
56656,506,488,397,440,517,488,397,440,511,498,400,593,119,521
56666,506,488,397,440,517,488,397,440,511,498,400,593,119,521
56676,506,488,397,440,517,488,397,440,511,498,400,593,119,521
56686,506,488,397,440,517,488,397,440,511,498,400,593,119,521
56696,506,487,397,440,517,487,397,440,511,497,400,593,119,521
56706,506,487,397,440,517,487,397,440,511,497,400,593,119,521
56716,506,488,397,440,517,488,397,440,511,498,400,593,119,521
56726,506,488,397,440,517,488,397,440,511,498,400,593,119,521
56736,506,488,397,440,517,488,397,440,511,498,400,593,119,521
56746,506,488,397,440,517,488,397,440,511,498,400,593,119,521
56756,506,487,397,440,517,487,397,440,511,497,400,593,119,521
56766,506,488,397,440,517,488,397,440,511,498,400,593,119,521
56776,506,488,397,440,517,488,397,440,511,498,400,593,119,521
56786,506,488,397,440,517,488,397,440,511,498,400,593,119,521
56796,506,488,397,440,517,488,397,440,511,498,400,593,119,521
56806,506,488,397,440,517,488,397,440,511,498,400,593,119,521
56816,506,487,397,440,517,487,397,440,511,497,400,593,119,521
56826,506,488,397,440,517,488,397,440,511,498,400,593,119,521
56836,506,488,397,440,517,488,397,440,511,498,400,593,119,521
56846,506,488,397,440,517,488,397,440,511,498,400,593,119,521
56856,506,488,397,440,517,488,397,440,511,498,400,593,119,521
56866,506,488,397,440,517,488,397,440,511,498,400,593,119,521
56876,506,488,397,440,517,488,397,440,511,498,400,593,119,521
56886,506,487,397,440,517,487,397,440,511,497,400,593,119,521
56896,506,488,397,440,517,488,397,440,511,498,400,593,119,521
56906,506,487,397,440,517,487,397,440,511,497,400,593,119,521
56916,506,487,397,440,517,487,397,440,511,497,400,593,119,521
56926,506,487,397,440,517,487,397,440,511,497,400,593,119,521
56936,506,487,397,440,517,487,397,440,511,497,400,593,119,521
56946,506,487,397,440,517,487,397,440,511,497,400,593,119,521
56956,506,488,397,440,517,488,397,440,511,498,400,593,119,521
56966,506,488,397,440,517,488,397,440,511,498,400,593,119,521
56976,506,487,397,440,517,487,397,440,511,497,400,593,119,521
56986,506,487,397,440,517,487,397,440,511,497,400,593,119,521
56996,506,487,397,440,517,487,397,440,511,497,400,593,119,521
57006,506,487,397,440,517,487,397,440,511,497,400,593,119,521
57016,506,488,397,440,517,488,397,440,511,498,400,593,119,521
57026,506,487,397,440,517,487,397,440,511,497,400,593,119,521
57036,506,487,397,440,517,487,397,440,511,497,400,593,119,521
57046,506,488,397,440,517,488,397,440,511,498,400,593,119,521
57056,506,487,397,440,517,487,397,440,511,497,400,593,119,521
57066,506,487,397,440,517,487,397,440,511,497,400,593,119,521
57076,506,488,397,440,517,488,397,440,511,498,400,593,119,521
57086,506,487,397,440,517,487,397,440,511,497,400,593,119,521
57096,506,487,397,440,517,487,397,440,511,497,400,593,119,521
57106,506,488,397,440,517,488,397,440,511,498,400,593,119,521
57116,506,487,397,440,517,487,397,440,511,497,400,593,119,521
57126,506,487,397,440,517,487,397,440,511,497,400,593,119,521
57136,506,488,397,440,517,488,397,440,511,498,400,593,119,521
57146,506,487,397,440,517,487,397,440,511,497,400,593,119,521
57156,506,488,397,440,517,488,397,440,511,498,400,593,119,521
57166,506,488,397,440,517,488,397,440,511,498,400,593,119,521
57176,506,488,397,440,517,488,397,440,511,498,400,593,119,521
57186,506,487,397,440,517,487,397,440,511,497,400,593,119,521
57196,506,488,397,440,517,488,397,440,511,498,400,593,119,521
57206,506,487,397,440,517,487,397,440,511,497,400,593,119,521
57216,506,487,397,440,517,487,397,440,511,497,400,593,119,521
57226,506,488,397,440,517,488,397,440,511,498,400,593,119,521
57236,506,488,397,440,517,488,397,440,511,498,400,593,119,521
57246,506,488,397,440,517,488,397,440,511,498,400,593,119,521
57256,506,488,397,440,517,488,397,440,511,498,400,593,119,521
57266,506,487,397,440,517,487,397,440,511,497,400,593,119,521
57276,506,488,397,440,517,488,397,440,511,498,400,593,119,521
57286,506,488,397,440,517,488,397,440,511,498,400,593,119,521
57296,506,487,397,440,517,487,397,440,511,497,400,593,119,521
57306,506,487,397,440,517,487,397,440,511,497,400,593,119,521
57316,506,488,397,440,517,488,397,440,511,498,400,593,119,521
57326,506,488,397,440,517,488,397,440,511,498,400,593,119,521
57336,506,487,397,440,517,487,397,440,511,497,400,593,119,521
57346,506,488,397,440,517,488,397,440,511,498,400,593,119,521
57356,506,487,397,440,517,487,397,440,511,497,400,593,119,521
57366,506,487,397,434,517,487,397,434,511,497,400,599,119,521
57376,506,488,397,410,517,488,397,410,511,498,400,623,119,521
57386,506,487,397,396,517,487,397,396,511,497,400,637,119,521
57396,506,488,397,391,517,488,397,391,511,498,400,642,119,521
57406,506,488,397,389,517,488,397,389,511,498,400,644,119,521
57416,506,487,397,388,517,487,397,388,511,497,400,645,119,521
57426,506,487,397,387,517,487,397,387,511,497,400,646,119,521
57436,506,488,397,387,517,488,397,387,511,498,400,646,119,521
57446,506,487,397,387,517,487,397,387,511,497,400,646,119,521
57456,506,488,397,387,517,488,397,387,511,498,400,646,119,521
57466,506,488,397,387,517,488,397,387,511,498,400,646,119,521
57476,506,487,397,387,517,487,397,387,511,497,400,646,119,521
57486,506,487,397,387,517,487,397,387,511,497,400,646,119,521
57496,506,488,397,387,517,488,397,387,511,498,400,646,119,521
57506,506,488,397,387,517,488,397,387,511,498,400,646,119,521
57516,506,488,397,387,517,488,397,387,511,498,400,646,119,521
57526,506,488,397,387,517,488,397,387,511,498,400,646,119,521
57536,506,487,397,387,517,487,397,387,511,497,400,646,119,521
57546,506,488,397,387,517,488,397,387,511,498,400,646,119,521
57556,506,488,397,387,517,488,397,387,511,498,400,646,119,521
57566,506,488,397,387,517,488,397,387,511,498,400,646,119,521
57576,506,487,397,387,517,487,397,387,511,497,400,646,119,521
57586,506,488,397,387,517,488,397,387,511,498,400,646,119,521
57596,506,487,397,387,517,487,397,387,511,497,400,646,119,521
57606,506,487,397,387,517,487,397,387,511,497,400,646,119,521
57616,506,487,397,387,517,487,397,387,511,497,400,646,119,521
57626,506,487,397,387,517,487,397,387,511,497,400,646,119,521
57636,506,487,397,387,517,487,397,387,511,497,400,646,119,521
57646,506,488,397,387,517,488,397,387,511,498,400,646,119,521
57656,506,488,397,387,517,488,397,387,511,498,400,646,119,521
57666,506,487,397,387,517,487,397,387,511,497,400,646,119,521
57676,506,488,397,387,517,488,397,387,511,498,400,646,119,521
57686,506,488,397,387,517,488,397,387,511,498,400,646,119,521
57696,506,488,397,387,517,488,397,387,511,498,400,646,119,521
57706,506,488,397,387,517,488,397,387,511,498,400,646,119,521
57716,506,488,397,387,517,488,397,387,511,498,400,646,119,521
57726,506,487,397,387,517,487,397,387,511,497,400,646,119,521
57736,506,488,397,387,517,488,397,387,511,498,400,646,119,521
57746,506,488,397,387,517,488,397,387,511,498,400,646,119,521
57756,506,488,397,387,517,488,397,387,511,498,400,646,119,521
57766,506,488,397,387,517,488,397,387,511,498,400,646,119,521
57776,506,488,397,387,517,488,397,387,511,498,400,646,119,521
57786,506,488,397,387,517,488,397,387,511,498,400,646,119,521
57796,506,488,397,387,517,488,397,387,511,498,400,646,119,521
57806,506,487,397,387,517,487,397,387,511,497,400,646,119,521
57816,506,488,397,387,517,488,397,387,511,498,400,646,119,521
57826,506,488,397,387,517,488,397,387,511,498,400,646,119,521
57836,506,488,397,387,517,488,397,387,511,498,400,646,119,521
57846,506,488,397,387,517,488,397,387,511,498,400,646,119,521
57856,506,488,397,387,517,488,397,387,511,498,400,646,119,521
57866,506,488,397,387,517,488,397,387,511,498,400,646,119,521
57876,506,488,397,387,517,488,397,387,511,498,400,646,119,521
57886,506,488,397,387,517,488,397,387,511,498,400,646,119,521
57896,506,488,397,387,517,488,397,387,511,498,400,646,119,521
57906,506,488,397,387,517,488,397,387,511,498,400,646,119,521
57916,506,488,397,387,517,488,397,387,511,498,400,646,119,521
57926,506,488,397,387,517,488,397,387,511,498,400,646,119,521
57936,506,488,397,387,517,488,397,387,511,498,400,646,119,521
57946,506,488,397,387,517,488,397,387,511,498,400,646,119,521
57956,506,488,397,387,517,488,397,387,511,498,400,646,119,521
57966,506,488,397,387,517,488,397,387,511,498,400,646,119,521
57976,506,488,397,387,517,488,397,387,511,498,400,646,119,521
57986,506,488,397,387,517,488,397,387,511,498,400,646,119,521
57996,506,487,397,387,517,487,397,387,511,497,400,646,119,521
58006,506,487,397,387,517,487,397,387,511,497,400,646,119,521
58016,506,487,397,387,517,487,397,387,511,497,400,646,119,521
58026,506,487,397,387,517,487,397,387,511,497,400,646,119,521
58036,506,488,397,387,517,488,397,387,511,498,400,646,119,521
58046,506,487,397,387,517,487,397,387,511,497,400,646,119,521
58056,506,487,397,387,517,487,397,387,511,497,400,646,119,521
58066,506,488,397,387,517,488,397,387,511,498,400,646,119,521
58076,506,487,397,387,517,487,397,387,511,497,400,646,119,521
58086,506,488,397,387,517,488,397,387,511,498,400,646,119,521
58096,506,488,397,387,517,488,397,387,511,498,400,646,119,521
58106,506,487,397,387,517,487,397,387,511,497,400,646,119,521
58116,506,487,397,387,517,487,397,387,511,497,400,646,119,521
58126,506,488,397,387,517,488,397,387,511,498,400,646,119,521
58136,506,487,397,387,517,487,397,387,511,497,400,646,119,521
58146,506,488,397,387,517,488,397,387,511,498,400,646,119,521
58156,506,488,397,387,517,488,397,387,511,498,400,646,119,521
58166,506,488,397,387,517,488,397,387,511,498,400,646,119,521
58176,506,487,397,387,517,487,397,387,511,497,400,646,119,521
58186,506,488,397,387,517,488,397,387,511,498,400,646,119,521
58196,506,488,397,387,517,488,397,387,511,498,400,646,119,521
58206,506,488,397,387,517,488,397,387,511,498,400,646,119,521
58216,506,488,397,387,517,488,397,387,511,498,400,646,119,521
58226,506,487,397,387,517,487,397,387,511,497,400,646,119,521
58236,506,488,397,387,517,488,397,387,511,498,400,646,119,521
58246,506,488,397,387,517,488,397,387,511,498,400,646,119,521
58256,506,488,397,387,517,488,397,387,511,498,400,646,119,521
58266,506,488,397,387,517,488,397,387,511,498,400,646,119,521
58276,506,488,397,387,517,488,397,387,511,498,400,646,119,521
58286,506,488,397,387,517,488,397,387,511,498,400,646,119,521
58296,506,488,397,387,517,488,397,387,511,498,400,646,119,521
58306,506,488,397,387,517,488,397,387,511,498,400,646,119,521
58316,506,487,397,387,517,487,397,387,511,497,400,646,119,521
58326,506,487,397,387,517,487,397,387,511,497,400,646,119,521
58336,506,488,397,387,517,488,397,387,511,498,400,646,119,521
58346,506,488,397,387,517,488,397,387,511,498,400,646,119,521
58356,506,488,397,387,517,488,397,387,511,498,400,646,119,521
58366,506,488,397,387,517,488,397,387,511,498,400,646,119,521
58376,506,488,397,387,517,488,397,387,511,498,400,646,119,521
58386,506,488,397,387,517,488,397,387,511,498,400,646,119,521
58396,506,488,397,387,517,488,397,387,511,498,400,646,119,521
58406,506,488,397,387,517,488,397,387,511,498,400,646,119,521
58416,506,488,397,387,517,488,397,387,511,498,400,646,119,521
58426,506,488,397,387,517,488,397,387,511,498,400,646,119,521
58436,506,488,397,387,517,488,397,387,511,498,400,646,119,521
58446,506,488,397,387,517,488,397,387,511,498,400,646,119,521
58456,506,488,397,387,517,488,397,387,511,498,400,646,119,521
58466,506,488,397,387,517,488,397,387,511,498,400,646,119,521
58476,506,488,397,387,517,488,397,387,511,498,400,646,119,521
58486,506,488,397,387,517,488,397,387,511,498,400,646,119,521
58496,506,488,397,387,517,488,397,387,511,498,400,646,119,521
58506,506,487,397,387,517,487,397,387,511,497,400,646,119,521
58516,506,488,397,387,517,488,397,387,511,498,400,646,119,521
58526,506,488,397,387,517,488,397,387,511,498,400,646,119,521
58536,506,488,397,387,517,488,397,387,511,498,400,646,119,521
58546,506,488,397,387,517,488,397,387,511,498,400,646,119,521
58556,506,488,397,387,517,488,397,387,511,498,400,646,119,521
58566,506,488,397,387,517,488,397,387,511,498,400,646,119,521
58576,506,488,397,387,517,488,397,387,511,498,400,646,119,521
58586,506,488,397,387,517,488,397,387,511,498,400,646,119,521
58596,506,488,397,387,517,488,397,387,511,498,400,646,119,521
58606,506,488,397,387,517,488,397,387,511,498,400,646,119,521
58616,506,488,397,387,517,488,397,387,511,498,400,646,119,521
58626,506,488,397,387,517,488,397,387,511,498,400,646,119,521
58636,506,488,397,387,517,488,397,387,511,498,400,646,119,521
58646,506,488,397,387,517,488,397,387,511,498,400,646,119,521
58656,506,487,397,387,517,487,397,387,511,497,400,646,119,521
58666,506,488,397,387,517,488,397,387,511,498,400,646,119,521
58676,506,488,397,387,517,488,397,387,511,498,400,646,119,521
58686,506,488,397,387,517,488,397,387,511,498,400,646,119,521
58696,506,488,397,387,517,488,397,387,511,498,400,646,119,521
58706,506,488,397,387,517,488,397,387,511,498,400,646,119,521
58716,506,487,397,387,517,487,397,387,511,497,400,646,119,521
58726,506,488,397,387,517,488,397,387,511,498,400,646,119,521
58736,506,488,397,387,517,488,397,387,511,498,400,646,119,521
58746,506,488,397,387,517,488,397,387,511,498,400,646,119,521
58756,506,488,397,387,517,488,397,387,511,498,400,646,119,521
58766,506,488,397,387,517,488,397,387,511,498,400,646,119,521
58776,506,487,397,387,517,487,397,387,511,497,400,646,119,521
58786,506,488,397,387,517,488,397,387,511,498,400,646,119,521
58796,506,488,397,387,517,488,397,387,511,498,400,646,119,521
58806,506,488,397,387,517,488,397,387,511,498,400,646,119,521
58816,506,488,397,387,517,488,397,387,511,498,400,646,119,521
58826,506,488,397,387,517,488,397,387,511,498,400,646,119,521
58836,506,488,397,387,517,488,397,387,511,498,400,646,119,521
58846,506,488,397,387,517,488,397,387,511,498,400,646,119,521
58856,506,488,397,387,517,488,397,387,511,498,400,646,119,521
58866,506,488,397,387,517,488,397,387,511,498,400,646,119,521
58876,506,488,397,387,517,488,397,387,511,498,400,646,119,521
58886,506,488,397,387,517,488,397,387,511,498,400,646,119,521
58896,506,487,397,387,517,487,397,387,511,497,400,646,119,521
58906,506,488,397,387,517,488,397,387,511,498,400,646,119,521
58916,506,488,397,387,517,488,397,387,511,498,400,646,119,521
58926,506,488,397,387,517,488,397,387,511,498,400,646,119,521
58936,506,488,397,387,517,488,397,387,511,498,400,646,119,521
58946,506,488,397,387,517,488,397,387,511,498,400,646,119,521
58956,506,488,397,387,517,488,397,387,511,498,400,646,119,521
58966,506,488,397,387,517,488,397,387,511,498,400,646,119,521
58976,506,488,397,387,517,488,397,387,511,498,400,646,119,521
58986,506,487,397,387,517,487,397,387,511,497,400,646,119,521
58996,506,488,397,387,517,488,397,387,511,498,400,646,119,521
59006,506,488,397,387,517,488,397,387,511,498,400,646,119,521
59016,506,488,397,387,517,488,397,387,511,498,400,646,119,521
59026,506,488,397,387,517,488,397,387,511,498,400,646,119,521
59036,506,487,397,387,517,487,397,387,511,497,400,646,119,521
59046,506,488,397,387,517,488,397,387,511,498,400,646,119,521
59056,506,488,397,387,517,488,397,387,511,498,400,646,119,521
59066,506,488,397,387,517,488,397,387,511,498,400,646,119,521
59076,506,488,397,387,517,488,397,387,511,498,400,646,119,521
59086,506,488,397,387,517,488,397,387,511,498,400,646,119,521
59096,506,488,397,387,517,488,397,387,511,498,400,646,119,521
59106,506,487,397,387,517,487,397,387,511,497,400,646,119,521
59116,506,488,397,387,517,488,397,387,511,498,400,646,119,521
59126,506,488,397,387,517,488,397,387,511,498,400,646,119,521
59136,506,488,397,387,517,488,397,387,511,498,400,646,119,521
59146,506,488,397,387,517,488,397,387,511,498,400,646,119,521
59156,506,488,397,387,517,488,397,387,511,498,400,646,119,521
59166,506,488,397,387,517,488,397,387,511,498,400,646,119,521
59176,506,488,397,387,517,488,397,387,511,498,400,646,119,521
59186,506,488,397,387,517,488,397,387,511,498,400,646,119,521
59196,506,487,397,387,517,487,397,387,511,497,400,646,119,521
59206,506,488,397,387,517,488,397,387,511,498,400,646,119,521
59216,506,487,397,387,517,487,397,387,511,497,400,646,119,521
59226,506,487,397,387,517,487,397,387,511,497,400,646,119,521
59236,506,488,397,387,517,488,397,387,511,498,400,646,119,521
59246,506,488,397,387,517,488,397,387,511,498,400,646,119,521
59256,506,487,397,387,517,487,397,387,511,497,400,646,119,521
59266,506,488,397,387,517,488,397,387,511,498,400,646,119,521
59276,506,488,397,387,517,488,397,387,511,498,400,646,119,521
59286,506,488,397,387,517,488,397,387,511,498,400,646,119,521
59296,506,488,397,387,517,488,397,387,511,498,400,646,119,521
59306,506,488,397,387,517,488,397,387,511,498,400,646,119,521
59316,506,488,397,387,517,488,397,387,511,498,400,646,119,521
59326,506,488,397,387,517,488,397,387,511,498,400,646,119,521
59336,506,487,397,387,517,487,397,387,511,497,400,646,119,521
59346,506,487,397,387,517,487,397,387,511,497,400,646,119,521
59356,506,488,397,387,517,488,397,387,511,498,400,646,119,521
59366,506,487,397,387,517,487,397,387,511,497,400,646,119,521
59376,506,487,397,398,517,487,397,398,511,497,400,635,119,521
59386,506,488,397,446,517,488,397,446,511,498,400,587,119,521
59396,506,488,397,473,517,488,397,473,511,498,400,560,119,521
59406,506,488,397,485,517,488,397,485,511,498,400,548,119,521
59416,506,488,397,489,517,488,397,489,511,498,400,544,119,521
59426,506,487,397,491,517,487,397,491,511,497,400,542,119,521
59436,506,488,397,492,517,488,397,492,511,498,400,541,119,521
59446,506,488,397,492,517,488,397,492,511,498,400,541,119,521
59456,506,487,397,492,517,487,397,492,511,497,400,541,119,521
59466,506,487,397,492,517,487,397,492,511,497,400,541,119,521
59476,506,488,397,492,517,488,397,492,511,498,400,541,119,521
59486,506,488,397,492,517,488,397,492,511,498,400,541,119,521
59496,506,488,397,492,517,488,397,492,511,498,400,541,119,521
59506,506,488,397,492,517,488,397,492,511,498,400,541,119,521
59516,506,488,397,492,517,488,397,492,511,498,400,541,119,521
59526,506,487,397,492,517,487,397,492,511,497,400,541,119,521
59536,506,488,397,493,517,488,397,493,511,498,400,540,119,521
59546,506,488,397,492,517,488,397,492,511,498,400,541,119,521
59556,506,488,397,492,517,488,397,492,511,498,400,541,119,521
59566,506,488,397,493,517,488,397,493,511,498,400,540,119,521
59576,506,488,397,492,517,488,397,492,511,498,400,541,119,521
59586,506,487,397,492,517,487,397,492,511,497,400,541,119,521
59596,506,488,397,493,517,488,397,493,511,498,400,540,119,521
59606,506,488,397,492,517,488,397,492,511,498,400,541,119,521
59616,506,488,397,492,517,488,397,492,511,498,400,541,119,521
59626,506,488,397,493,517,488,397,493,511,498,400,540,119,521
59636,506,488,397,492,517,488,397,492,511,498,400,541,119,521
59646,506,487,397,492,517,487,397,492,511,497,400,541,119,521
59656,506,488,397,493,517,488,397,493,511,498,400,540,119,521
59666,506,487,397,492,517,487,397,492,511,497,400,541,119,521
59676,506,488,397,492,517,488,397,492,511,498,400,541,119,521
59686,506,488,397,492,517,488,397,492,511,498,400,541,119,521
59696,506,488,397,493,517,488,397,493,511,498,400,540,119,521
59706,506,488,397,492,517,488,397,492,511,498,400,541,119,521
59716,506,488,397,492,517,488,397,492,511,498,400,541,119,521
59726,506,488,397,492,517,488,397,492,511,498,400,541,119,521
59736,506,487,397,492,517,487,397,492,511,497,400,541,119,521
59746,506,488,397,493,517,488,397,493,511,498,400,540,119,521
59756,506,487,397,492,517,487,397,492,511,497,400,541,119,521
59766,506,487,397,492,517,487,397,492,511,497,400,541,119,521
59776,506,488,397,492,517,488,397,492,511,498,400,541,119,521
59786,506,488,397,492,517,488,397,492,511,498,400,541,119,521
59796,506,488,397,493,517,488,397,493,511,498,400,540,119,521
59806,506,488,397,493,517,488,397,493,511,498,400,540,119,521
59816,506,487,397,492,517,487,397,492,511,497,400,541,119,521
59826,506,487,397,492,517,487,397,492,511,497,400,541,119,521
59836,506,488,397,493,517,488,397,493,511,498,400,540,119,521
59846,506,488,397,493,517,488,397,493,511,498,400,540,119,521
59856,506,488,397,493,517,488,397,493,511,498,400,540,119,521
59866,506,488,397,492,517,488,397,492,511,498,400,541,119,521
59876,506,487,397,492,517,487,397,492,511,497,400,541,119,521
59886,506,487,397,492,517,487,397,492,511,497,400,541,119,521
59896,506,488,397,493,517,488,397,493,511,498,400,540,119,521
59906,506,487,397,492,517,487,397,492,511,497,400,541,119,521
59916,506,487,397,492,517,487,397,492,511,497,400,541,119,521
59926,506,488,397,492,517,488,397,492,511,498,400,541,119,521
59936,506,488,397,492,517,488,397,492,511,498,400,541,119,521
59946,506,488,397,492,517,488,397,492,511,498,400,541,119,521
59956,506,488,397,493,517,488,397,493,511,498,400,540,119,521
59966,506,488,397,492,517,488,397,492,511,498,400,541,119,521
59976,506,488,397,492,517,488,397,492,511,498,400,541,119,521
59986,506,488,397,493,517,488,397,493,511,498,400,540,119,521
59996,506,488,397,493,517,488,397,493,511,498,400,540,119,521
60006,506,488,397,492,517,488,397,492,511,498,400,541,119,521
60016,506,488,397,493,517,488,397,493,511,498,400,540,119,521
60026,506,488,397,492,517,488,397,492,511,498,400,541,119,521
60036,506,488,397,492,517,488,397,492,511,498,400,541,119,521
60046,506,488,397,493,517,488,397,493,511,498,400,540,119,521
60056,506,488,397,492,517,488,397,492,511,498,400,541,119,521
60066,506,488,397,492,517,488,397,492,511,498,400,541,119,521
60076,506,488,397,493,517,488,397,493,511,498,400,540,119,521
60086,506,487,397,492,517,487,397,492,511,497,400,541,119,521
60096,506,488,397,492,517,488,397,492,511,498,400,541,119,521
60106,506,488,397,493,517,488,397,493,511,498,400,540,119,521
60116,506,488,397,492,517,488,397,492,511,498,400,541,119,521
60126,506,487,397,492,517,487,397,492,511,497,400,541,119,521
60136,506,488,397,492,517,488,397,492,511,498,400,541,119,521
60146,506,487,397,492,517,487,397,492,511,497,400,541,119,521
60156,506,487,397,492,517,487,397,492,511,497,400,541,119,521
60166,506,488,397,493,517,488,397,493,511,498,400,540,119,521
60176,506,487,397,492,517,487,397,492,511,497,400,541,119,521
60186,506,487,397,492,517,487,397,492,511,497,400,541,119,521
60196,506,488,397,493,517,488,397,493,511,498,400,540,119,521
60206,506,488,397,492,517,488,397,492,511,498,400,541,119,521
60216,506,488,397,492,517,488,397,492,511,498,400,541,119,521
60226,507,488,397,493,516,488,397,493,512,498,400,540,119,521
60236,506,488,397,492,517,488,397,492,511,498,400,541,119,521
60246,506,487,397,492,517,487,397,492,511,497,400,541,119,521
60256,506,488,397,493,517,488,397,493,511,498,400,540,119,521
60266,506,488,397,492,517,488,397,492,511,498,400,541,119,521
60276,506,487,397,493,517,487,397,493,511,497,400,540,119,521
60286,506,488,397,493,517,488,397,493,511,498,400,540,119,521
60296,506,487,397,493,517,487,397,493,511,497,400,540,119,521
60306,506,487,397,492,517,487,397,492,511,497,400,541,119,521
60316,506,488,397,493,517,488,397,493,511,498,400,540,119,521
60326,506,488,397,492,517,488,397,492,511,498,400,541,119,521
60336,506,488,397,492,517,488,397,492,511,498,400,541,119,521
60346,506,488,397,493,517,488,397,493,511,498,400,540,119,521
60356,506,488,397,492,517,488,397,492,511,498,400,541,119,521
60366,506,488,397,492,517,488,397,492,511,498,400,541,119,521
60376,506,488,397,493,517,488,397,493,511,498,400,540,119,521
60386,506,488,397,492,517,488,397,492,511,498,400,541,119,521
60396,506,487,397,492,517,487,397,492,511,497,400,541,119,521
60406,506,487,397,493,517,487,397,493,511,497,400,540,119,521
60416,506,487,397,492,517,487,397,492,511,497,400,541,119,521
60426,506,487,397,492,517,487,397,492,511,497,400,541,119,521
60436,506,488,397,493,517,488,397,493,511,498,400,540,119,521
60446,506,488,397,493,517,488,397,493,511,498,400,540,119,521
60456,506,487,397,492,517,487,397,492,511,497,400,541,119,521
60466,506,488,397,493,517,488,397,493,511,498,400,540,119,521
60476,506,488,397,493,517,488,397,493,511,498,400,540,119,521
60486,506,487,397,493,517,487,397,493,511,497,400,540,119,521
60496,506,488,397,493,517,488,397,493,511,498,400,540,119,521
60506,506,488,397,492,517,488,397,492,511,498,400,541,119,521
60516,506,488,397,492,517,488,397,492,511,498,400,541,119,521
60526,506,488,397,493,517,488,397,493,511,498,400,540,119,521
60536,506,487,397,493,517,487,397,493,511,497,400,540,119,521
60546,506,488,397,492,517,488,397,492,511,498,400,541,119,521
60556,506,488,397,493,517,488,397,493,511,498,400,540,119,521
60566,506,487,397,492,517,487,397,492,511,497,400,541,119,521
60576,506,487,397,493,517,487,397,493,511,497,400,540,119,521
60586,506,488,397,493,517,488,397,493,511,498,400,540,119,521
60596,506,488,397,492,517,488,397,492,511,498,400,541,119,521
60606,506,487,397,493,517,487,397,493,511,497,400,540,119,521
60616,506,488,397,493,517,488,397,493,511,498,400,540,119,521
60626,506,488,397,492,517,488,397,492,511,498,400,541,119,521
60636,506,487,397,493,517,487,397,493,511,497,400,540,119,521
60646,506,488,397,493,517,488,397,493,511,498,400,540,119,521
60656,506,488,397,492,517,488,397,492,511,498,400,541,119,521
60666,506,487,397,492,517,487,397,492,511,497,400,541,119,521
60676,506,488,397,493,517,488,397,493,511,498,400,540,119,521
60686,506,488,397,493,517,488,397,493,511,498,400,540,119,521
60696,506,488,397,492,517,488,397,492,511,498,400,541,119,521
60706,506,488,397,493,517,488,397,493,511,498,400,540,119,521
60716,506,488,397,492,517,488,397,492,511,498,400,541,119,521
60726,506,488,397,492,517,488,397,492,511,498,400,541,119,521
60736,506,488,397,493,517,488,397,493,511,498,400,540,119,521
60746,506,487,397,492,517,487,397,492,511,497,400,541,119,521
60756,506,488,397,492,517,488,397,492,511,498,400,541,119,521
60766,506,488,397,493,517,488,397,493,511,498,400,540,119,521
60776,506,488,397,492,517,488,397,492,511,498,400,541,119,521
60786,506,488,397,492,517,488,397,492,511,498,400,541,119,521
60796,506,488,397,493,517,488,397,493,511,498,400,540,119,521
60806,506,488,397,493,517,488,397,493,511,498,400,540,119,521
60816,506,488,397,493,517,488,397,493,511,498,400,540,119,521
60826,506,488,397,493,517,488,397,493,511,498,400,540,119,521
60836,506,488,397,493,517,488,397,493,511,498,400,540,119,521
60846,506,487,397,492,517,487,397,492,511,497,400,541,119,521
60856,506,488,397,493,517,488,397,493,511,498,400,540,119,521
60866,506,487,397,493,517,487,397,493,511,497,400,540,119,521
60876,506,488,397,493,517,488,397,493,511,498,400,540,119,521
60886,506,488,397,493,517,488,397,493,511,498,400,540,119,521
60896,506,488,397,493,517,488,397,493,511,498,400,540,119,521
60906,506,488,397,493,517,488,397,493,511,498,400,540,119,521
60916,506,488,397,493,517,488,397,493,511,498,400,540,119,521
60926,506,488,397,492,517,488,397,492,511,498,400,541,119,521
60936,506,487,397,493,517,487,397,493,511,497,400,540,119,521
60946,506,488,397,492,517,488,397,492,511,498,400,541,119,521
60956,506,488,397,492,517,488,397,492,511,498,400,541,119,521
60966,506,488,397,493,517,488,397,493,511,498,400,540,119,521
60976,506,488,397,493,517,488,397,493,511,498,400,540,119,521
60986,506,488,397,493,517,488,397,493,511,498,400,540,119,521
60996,506,488,397,492,517,488,397,492,511,498,400,541,119,521
61006,506,488,397,493,517,488,397,493,511,498,400,540,119,521
61016,506,488,397,493,517,488,397,493,511,498,400,540,119,521
61026,506,488,397,492,517,488,397,492,511,498,400,541,119,521
61036,506,488,397,493,517,488,397,493,511,498,400,540,119,521
61046,506,488,397,493,517,488,397,493,511,498,400,540,119,521
61056,506,488,397,493,517,488,397,493,511,498,400,540,119,521
61066,506,488,397,493,517,488,397,493,511,498,400,540,119,521
61076,506,488,397,492,517,488,397,492,511,498,400,541,119,521
61086,506,487,397,492,517,487,397,492,511,497,400,541,119,521
61096,506,488,397,493,517,488,397,493,511,498,400,540,119,521
61106,506,488,397,493,517,488,397,493,511,498,400,540,119,521
61116,506,488,397,492,517,488,397,492,511,498,400,541,119,521
61126,506,487,397,493,517,487,397,493,511,497,400,540,119,521
61136,506,488,397,492,517,488,397,492,511,498,400,541,119,521
61146,506,487,397,492,517,487,397,492,511,497,400,541,119,521
61156,506,488,397,493,517,488,397,493,511,498,400,540,119,521
61166,506,488,397,493,517,488,397,493,511,498,400,540,119,521
61176,506,488,397,493,517,488,397,493,511,498,400,540,119,521
61186,506,488,397,492,517,488,397,492,511,498,400,541,119,521
61196,506,488,397,492,517,488,397,492,511,498,400,541,119,521
61206,506,488,397,493,517,488,397,493,511,498,400,540,119,521
61216,506,488,397,493,517,488,397,493,511,498,400,540,119,521
61226,506,487,397,493,517,487,397,493,511,497,400,540,119,521
61236,506,487,397,493,517,487,397,493,511,497,400,540,119,521
61246,506,488,397,493,517,488,397,493,511,498,400,540,119,521
61256,506,488,397,493,517,488,397,493,511,498,400,540,119,521
61266,506,488,397,493,517,488,397,493,511,498,400,540,119,521
61276,506,488,397,493,517,488,397,493,511,498,400,540,119,521
61286,506,487,397,493,517,487,397,493,511,497,400,540,119,521
61296,506,488,397,493,517,488,397,493,511,498,400,540,119,521
61306,506,488,397,493,517,488,397,493,511,498,400,540,119,521
61316,506,487,397,492,517,487,397,492,511,497,400,541,119,521
61326,506,488,397,493,517,488,397,493,511,498,400,540,119,521
61336,506,488,397,493,517,488,397,493,511,498,400,540,119,521
61346,506,488,397,492,517,488,397,492,511,498,400,541,119,521
61356,506,487,397,492,517,487,397,492,511,497,400,541,119,521
61366,506,488,397,493,517,488,397,493,511,498,400,540,119,521
61376,506,488,397,492,517,488,397,492,511,498,400,541,119,521
