t_ms,rawX,rawY,rawZ,rawG,sixX,sixY,sixZ,sixG,calX,calY,calZ,calG,calByte,zeroRef
7433,505,477,396,483,518,477,396,483,519,495,409,510,1,507
7434,494,476,396,482,529,476,396,482,509,494,409,511,1,507
7435,494,476,395,483,529,476,395,483,509,494,408,510,1,507
7444,494,476,396,483,529,476,396,483,509,494,409,510,1,507
7454,494,476,396,482,529,476,396,482,509,494,409,511,1,507
7464,494,476,395,483,529,476,395,483,509,494,408,510,1,507
7474,494,476,396,482,529,476,396,482,509,494,409,511,1,507
7484,494,476,396,482,529,476,396,482,509,494,409,511,1,507
7494,494,476,396,482,529,476,396,482,509,494,409,511,1,507
7504,494,476,396,483,529,476,396,483,509,494,409,510,1,507
7514,494,476,396,482,529,476,396,482,509,494,409,511,1,507
7524,494,476,396,483,529,476,396,483,509,494,409,510,1,507
7534,494,476,396,483,529,476,396,483,509,494,409,510,1,507
7544,494,476,395,482,529,476,395,482,509,494,408,511,1,507
7554,494,476,396,482,529,476,396,482,509,494,409,511,1,507
7564,494,476,395,483,529,476,395,483,509,494,408,510,1,507
7574,494,476,395,482,529,476,395,482,509,494,408,511,1,507
7584,494,476,396,483,529,476,396,483,509,494,409,510,1,507
7594,494,476,396,483,529,476,396,483,509,494,409,510,1,507
7604,494,476,396,482,529,476,396,482,509,494,409,511,1,507
7614,494,476,396,482,529,476,396,482,509,494,409,511,1,507
7624,494,476,396,483,529,476,396,483,509,494,409,510,1,507
7634,494,476,396,482,529,476,396,482,509,494,409,511,1,507
7644,494,476,396,482,529,476,396,482,509,494,409,511,1,507
7654,494,476,396,482,529,476,396,482,509,494,409,511,1,507
7664,494,476,396,483,529,476,396,483,509,494,409,510,1,507
7674,494,476,396,482,529,476,396,482,509,494,409,511,1,507
7684,494,476,396,483,529,476,396,483,509,494,409,510,1,507
7694,494,476,396,482,529,476,396,482,509,494,409,511,1,507
7704,494,476,396,483,529,476,396,483,509,494,409,510,1,507
7714,494,476,396,482,529,476,396,482,509,494,409,511,1,507
7724,494,476,396,483,529,476,396,483,509,494,409,510,1,507
7734,494,476,396,483,529,476,396,483,509,494,409,510,1,507
7744,494,476,396,483,529,476,396,483,509,494,409,510,1,507
7754,494,476,396,483,529,476,396,483,509,494,409,510,1,507
7764,494,476,396,482,529,476,396,482,509,494,409,511,1,507
7774,494,476,396,482,529,476,396,482,509,494,409,511,1,507
7784,494,476,396,482,529,476,396,482,509,494,409,511,1,507
7794,494,476,396,482,529,476,396,482,509,494,409,511,1,507
7804,494,476,396,483,529,476,396,483,509,494,409,510,1,507
7814,494,476,396,482,529,476,396,482,509,494,409,511,1,507
7824,494,476,396,483,529,476,396,483,509,494,409,510,1,507
7834,494,476,396,483,529,476,396,483,509,494,409,510,1,507
7844,494,476,396,482,529,476,396,482,509,494,409,511,1,507
7854,494,476,396,482,529,476,396,482,509,494,409,511,1,507
7864,494,476,396,483,529,476,396,483,509,494,409,510,1,507
7874,494,476,396,482,529,476,396,482,509,494,409,511,1,507
7884,494,476,396,482,529,476,396,482,509,494,409,511,1,507
7894,494,476,396,482,529,476,396,482,509,494,409,511,1,507
7904,494,476,396,483,529,476,396,483,509,494,409,510,1,507
7914,494,476,396,483,529,476,396,483,509,494,409,510,1,507
7924,494,476,396,483,529,476,396,483,509,494,409,510,1,507
7934,494,476,396,482,529,476,396,482,509,494,409,511,1,507
7944,494,476,396,482,529,476,396,482,509,494,409,511,1,507
7954,494,476,396,483,529,476,396,483,509,494,409,510,1,507
7964,494,476,396,483,529,476,396,483,509,494,409,510,1,507
7974,494,476,396,483,529,476,396,483,509,494,409,510,1,507
7984,494,476,396,482,529,476,396,482,509,494,409,511,1,507
7994,494,476,396,482,529,476,396,482,509,494,409,511,1,507
8004,494,476,396,483,529,476,396,483,509,494,409,510,1,507
8014,494,476,396,483,529,476,396,483,509,494,409,510,1,507
8024,494,476,396,482,529,476,396,482,509,494,409,511,1,507
8034,494,476,395,482,529,476,395,482,509,494,408,511,1,507
8044,494,476,396,482,529,476,396,482,509,494,409,511,1,507
8054,494,476,396,482,529,476,396,482,509,494,409,511,1,507
8064,494,476,395,483,529,476,395,483,509,494,408,510,1,507
8074,494,476,396,482,529,476,396,482,509,494,409,511,1,507
8084,494,476,396,483,529,476,396,483,509,494,409,510,1,507
8094,494,476,395,482,529,476,395,482,509,494,408,511,1,507
8104,494,476,396,482,529,476,396,482,509,494,409,511,1,507
8114,494,476,396,482,529,476,396,482,509,494,409,511,1,507
8124,494,476,396,482,529,476,396,482,509,494,409,511,1,507
8134,494,476,396,482,529,476,396,482,509,494,409,511,1,507
8144,494,476,396,483,529,476,396,483,509,494,409,510,1,507
8154,494,476,395,483,529,476,395,483,509,494,408,510,1,507
8164,494,476,395,482,529,476,395,482,509,494,408,511,1,507
8174,494,476,396,482,529,476,396,482,509,494,409,511,1,507
8184,494,476,396,482,529,476,396,482,509,494,409,511,1,507
8194,494,476,395,482,529,476,395,482,509,494,408,511,1,507
8204,494,476,396,482,529,476,396,482,509,494,409,511,1,507
8214,494,476,396,483,529,476,396,483,509,494,409,510,1,507
8224,494,476,396,483,529,476,396,483,509,494,409,510,1,507
8234,494,476,396,483,529,476,396,483,509,494,409,510,1,507
8244,494,476,395,483,529,476,395,483,509,494,408,510,1,507
8254,494,476,395,482,529,476,395,482,509,494,408,511,1,507
8264,494,476,395,482,529,476,395,482,509,494,408,511,1,507
8274,494,476,395,483,529,476,395,483,509,494,408,510,1,507
8284,494,476,396,483,529,476,396,483,509,494,409,510,1,507
8294,494,476,395,483,529,476,395,483,509,494,408,510,1,507
8304,494,476,395,483,529,476,395,483,509,494,408,510,1,507
8314,494,476,395,483,529,476,395,483,509,494,408,510,1,507
8324,494,476,396,482,529,476,396,482,509,494,409,511,1,507
8334,494,476,395,482,529,476,395,482,509,494,408,511,1,507
8344,494,476,396,483,529,476,396,483,509,494,409,510,1,507
8354,494,476,396,483,529,476,396,483,509,494,409,510,1,507
8364,494,476,396,483,529,476,396,483,509,494,409,510,1,507
8374,494,476,396,482,529,476,396,482,509,494,409,511,1,507
8384,494,476,396,483,529,476,396,483,509,494,409,510,1,507
8394,494,476,396,482,529,476,396,482,509,494,409,511,1,507
8404,494,476,396,483,529,476,396,483,509,494,409,510,1,507
8414,494,476,396,482,529,476,396,482,509,494,409,511,1,507
8424,494,476,396,483,529,476,396,483,509,494,409,510,1,507
8434,494,476,396,483,529,476,396,483,509,494,409,510,1,507
8444,494,476,396,482,529,476,396,482,509,494,409,511,1,507
8454,494,476,395,482,529,476,395,482,509,494,408,511,1,507
8464,494,476,396,482,529,476,396,482,509,494,409,511,1,507
8474,494,476,396,482,529,476,396,482,509,494,409,511,1,507
8484,494,476,396,482,529,476,396,482,509,494,409,511,1,507
8494,494,476,396,483,529,476,396,483,509,494,409,510,1,507
8504,494,476,396,482,529,476,396,482,509,494,409,511,1,507
8514,494,476,396,482,529,476,396,482,509,494,409,511,1,507
8524,494,476,396,483,529,476,396,483,509,494,409,510,1,507
8534,494,476,396,482,529,476,396,482,509,494,409,511,1,507
8544,494,476,396,483,529,476,396,483,509,494,409,510,1,507
8554,494,476,396,483,529,476,396,483,509,494,409,510,1,507
8564,494,476,396,482,529,476,396,482,509,494,409,511,1,507
8574,494,476,396,482,529,476,396,482,509,494,409,511,1,507
8584,494,476,396,483,529,476,396,483,509,494,409,510,1,507
8594,494,476,396,482,529,476,396,482,509,494,409,511,1,507
8604,494,476,396,483,529,476,396,483,509,494,409,510,1,507
8614,494,476,396,483,529,476,396,483,509,494,409,510,1,507
8624,494,476,396,483,529,476,396,483,509,494,409,510,1,507
8634,494,476,395,483,529,476,395,483,509,494,408,510,1,507
8644,494,476,396,483,529,476,396,483,509,494,409,510,1,507
8654,494,476,396,482,529,476,396,482,509,494,409,511,1,507
8664,494,476,396,483,529,476,396,483,509,494,409,510,1,507
8674,494,476,396,482,529,476,396,482,509,494,409,511,1,507
8684,494,476,396,483,529,476,396,483,509,494,409,510,1,507
8694,494,476,396,482,529,476,396,482,509,494,409,511,1,507
8704,494,476,396,482,529,476,396,482,509,494,409,511,1,507
8714,494,476,396,483,529,476,396,483,509,494,409,510,1,507
8724,494,476,395,483,529,476,395,483,509,494,408,510,1,507
8734,494,476,396,483,529,476,396,483,509,494,409,510,1,507
8744,494,476,396,482,529,476,396,482,509,494,409,511,1,507
8754,494,476,396,483,529,476,396,483,509,494,409,510,1,507
8764,494,476,396,483,529,476,396,483,509,494,409,510,1,507
8774,494,476,396,482,529,476,396,482,509,494,409,511,1,507
8784,494,476,395,482,529,476,395,482,509,494,408,511,1,507
8794,494,476,396,483,529,476,396,483,509,494,409,510,1,507
8804,494,476,396,482,529,476,396,482,509,494,409,511,1,507
8814,494,476,396,483,529,476,396,483,509,494,409,510,1,507
8824,494,476,396,483,529,476,396,483,509,494,409,510,1,507
8834,494,476,396,482,529,476,396,482,509,494,409,511,1,507
8844,494,476,395,483,529,476,395,483,509,494,408,510,1,507
8854,494,476,396,483,529,476,396,483,509,494,409,510,1,507
8864,494,476,396,482,529,476,396,482,509,494,409,511,1,507
8874,494,476,396,483,529,476,396,483,509,494,409,510,1,507
8884,494,476,396,482,529,476,396,482,509,494,409,511,1,507
8894,494,476,396,482,529,476,396,482,509,494,409,511,1,507
8904,494,476,395,482,529,476,395,482,509,494,408,511,1,507
8914,494,476,396,483,529,476,396,483,509,494,409,510,1,507
8924,494,476,396,482,529,476,396,482,509,494,409,511,1,507
8934,494,476,395,482,529,476,395,482,509,494,408,511,1,507
8944,494,476,396,483,529,476,396,483,509,494,409,510,1,507
8954,494,476,396,483,529,476,396,483,509,494,409,510,1,507
8964,494,476,396,483,529,476,396,483,509,494,409,510,1,507
8974,494,476,396,483,529,476,396,483,509,494,409,510,1,507
8984,494,476,396,483,529,476,396,483,509,494,409,510,1,507
8994,494,476,396,482,529,476,396,482,509,494,409,511,1,507
9004,494,476,396,482,529,476,396,482,509,494,409,511,1,507
9014,494,476,396,482,529,476,396,482,509,494,409,511,1,507
9024,494,476,396,482,529,476,396,482,509,494,409,511,1,507
9034,494,476,395,482,529,476,395,482,509,494,408,511,1,507
9044,494,476,396,482,529,476,396,482,509,494,409,511,1,507
9054,494,476,396,483,529,476,396,483,509,494,409,510,1,507
9064,494,476,395,483,529,476,395,483,509,494,408,510,1,507
9074,494,476,396,482,529,476,396,482,509,494,409,511,1,507
9084,494,476,395,483,529,476,395,483,509,494,408,510,1,507
9094,494,476,396,482,529,476,396,482,509,494,409,511,1,507
9104,494,476,396,482,529,476,396,482,509,494,409,511,1,507
9114,494,476,395,482,529,476,395,482,509,494,408,511,1,507
9124,494,476,395,482,529,476,395,482,509,494,408,511,1,507
9134,494,476,396,482,529,476,396,482,509,494,409,511,1,507
9144,494,476,395,482,529,476,395,482,509,494,408,511,1,507
9154,494,476,396,483,529,476,396,483,509,494,409,510,1,507
9164,494,476,396,483,529,476,396,483,509,494,409,510,1,507
9174,494,476,395,483,529,476,395,483,509,494,408,510,1,507
9184,494,476,396,483,529,476,396,483,509,494,409,510,1,507
9194,494,476,396,482,529,476,396,482,509,494,409,511,1,507
9204,494,476,395,482,529,476,395,482,509,494,408,511,1,507
9214,494,476,396,483,529,476,396,483,509,494,409,510,1,507
9224,494,476,396,482,529,476,396,482,509,494,409,511,1,507
9234,494,476,396,482,529,476,396,482,509,494,409,511,1,507
9244,494,476,396,483,529,476,396,483,509,494,409,510,1,507
9254,494,476,396,482,529,476,396,482,509,494,409,511,1,507
9264,494,476,396,483,529,476,396,483,509,494,409,510,1,507
9274,494,476,396,483,529,476,396,483,509,494,409,510,1,507
9284,494,476,396,483,529,476,396,483,509,494,409,510,1,507
9294,494,476,395,482,529,476,395,482,509,494,408,511,1,507
9304,494,476,396,483,529,476,396,483,509,494,409,510,1,507
9314,494,476,396,482,529,476,396,482,509,494,409,511,1,507
9324,494,476,396,482,529,476,396,482,509,494,409,511,1,507
9334,494,476,396,482,529,476,396,482,509,494,409,511,1,507
9344,494,476,396,482,529,476,396,482,509,494,409,511,1,507
9354,494,476,396,482,529,476,396,482,509,494,409,511,1,507
9364,494,476,396,482,529,476,396,482,509,494,409,511,1,507
9374,494,476,396,483,529,476,396,483,509,494,409,510,1,507
9384,494,476,396,483,529,476,396,483,509,494,409,510,1,507
9394,494,476,396,483,529,476,396,483,509,494,409,510,1,507
9404,494,476,396,483,529,476,396,483,509,494,409,510,1,507
9414,494,476,396,482,529,476,396,482,509,494,409,511,1,507
9424,494,476,396,482,529,476,396,482,509,494,409,511,1,507
9434,494,476,396,482,529,476,396,482,509,494,409,511,1,507
9444,494,476,396,482,529,476,396,482,509,494,409,511,1,507
9454,494,476,396,482,529,476,396,482,509,494,409,511,1,507
9464,494,476,396,482,529,476,396,482,509,494,409,511,1,507
9474,494,476,396,483,529,476,396,483,509,494,409,510,1,507
9484,494,476,396,483,529,476,396,483,509,494,409,510,1,507
9494,494,476,396,482,529,476,396,482,509,494,409,511,1,507
9504,494,476,396,482,529,476,396,482,509,494,409,511,1,507
9514,494,476,396,483,529,476,396,483,509,494,409,510,1,507
9524,494,476,396,483,529,476,396,483,509,494,409,510,1,507
9534,494,476,396,482,529,476,396,482,509,494,409,511,1,507
9544,494,476,396,483,529,476,396,483,509,494,409,510,1,507
9554,494,476,396,482,529,476,396,482,509,494,409,511,1,507
9564,494,476,396,483,529,476,396,483,509,494,409,510,1,507
9574,494,476,396,482,529,476,396,482,509,494,409,511,1,507
9584,494,476,396,483,529,476,396,483,509,494,409,510,1,507
9594,494,476,396,483,529,476,396,483,509,494,409,510,1,507
9604,494,476,396,483,529,476,396,483,509,494,409,510,1,507
9614,494,476,396,483,529,476,396,483,509,494,409,510,1,507
9624,494,476,396,482,529,476,396,482,509,494,409,511,1,507
9634,494,476,396,483,529,476,396,483,509,494,409,510,1,507
9644,494,476,396,483,529,476,396,483,509,494,409,510,1,507
9654,494,476,395,482,529,476,395,482,509,494,408,511,1,507
9664,494,476,396,483,529,476,396,483,509,494,409,510,1,507
9674,494,476,396,483,529,476,396,483,509,494,409,510,1,507
9684,494,476,395,482,529,476,395,482,509,494,408,511,1,507
9694,494,476,396,482,529,476,396,482,509,494,409,511,1,507
9704,494,476,396,482,529,476,396,482,509,494,409,511,1,507
9714,494,476,395,482,529,476,395,482,509,494,408,511,1,507
9724,494,476,396,482,529,476,396,482,509,494,409,511,1,507
9734,494,476,396,482,529,476,396,482,509,494,409,511,1,507
9744,494,476,396,482,529,476,396,482,509,494,409,511,1,507
9754,494,476,396,483,529,476,396,483,509,494,409,510,1,507
9764,494,476,396,482,529,476,396,482,509,494,409,511,1,507
9774,494,476,396,482,529,476,396,482,509,494,409,511,1,507
9784,494,476,396,482,529,476,396,482,509,494,409,511,1,507
9794,494,476,396,483,529,476,396,483,509,494,409,510,1,507
9804,494,476,396,482,529,476,396,482,509,494,409,511,1,507
9814,494,476,396,483,529,476,396,483,509,494,409,510,1,507
9824,494,476,396,483,529,476,396,483,509,494,409,510,1,507
9834,494,476,396,482,529,476,396,482,509,494,409,511,1,507
9844,494,476,396,483,529,476,396,483,509,494,409,510,1,507
9854,494,476,396,482,529,476,396,482,509,494,409,511,1,507
9864,494,476,396,483,529,476,396,483,509,494,409,510,1,507
9874,494,476,396,483,529,476,396,483,509,494,409,510,1,507
9884,494,476,396,482,529,476,396,482,509,494,409,511,1,507
9894,494,476,396,483,529,476,396,483,509,494,409,510,1,507
9904,494,476,396,483,529,476,396,483,509,494,409,510,1,507
9914,494,476,396,482,529,476,396,482,509,494,409,511,1,507
9924,494,476,395,482,529,476,395,482,509,494,408,511,1,507
9934,494,476,396,482,529,476,396,482,509,494,409,511,1,507
18253,494,476,396,482,529,476,396,482,509,494,409,511,1,507
18254,494,465,623,483,529,465,623,483,509,483,643,510,1,507
18255,494,465,623,483,529,465,623,483,509,483,643,510,1,507
18264,494,465,622,483,529,465,622,483,509,483,642,510,1,507
18274,494,465,623,483,529,465,623,483,509,483,643,510,1,507
18284,494,465,622,482,529,465,622,482,509,483,642,511,1,507
18294,494,465,622,482,529,465,622,482,509,483,642,511,1,507
18304,494,465,623,482,529,465,623,482,509,483,643,511,1,507
18314,494,465,622,483,529,465,622,483,509,483,642,510,1,507
18324,494,466,623,483,529,466,623,483,509,484,643,510,1,507
18334,494,465,623,483,529,465,623,483,509,483,643,510,1,507
18344,494,465,623,482,529,465,623,482,509,483,643,511,1,507
18354,494,465,623,483,529,465,623,483,509,483,643,510,1,507
18364,494,465,623,483,529,465,623,483,509,483,643,510,1,507
18374,494,465,622,483,529,465,622,483,509,483,642,510,1,507
18384,494,465,623,482,529,465,623,482,509,483,643,511,1,507
18394,494,465,623,483,529,465,623,483,509,483,643,510,1,507
18404,494,465,622,483,529,465,622,483,509,483,642,510,1,507
18414,494,465,622,483,529,465,622,483,509,483,642,510,1,507
18424,494,465,623,483,529,465,623,483,509,483,643,510,1,507
18434,494,465,623,483,529,465,623,483,509,483,643,510,1,507
18444,494,465,623,483,529,465,623,483,509,483,643,510,1,507
18454,494,465,622,483,529,465,622,483,509,483,642,510,1,507
18464,494,465,622,483,529,465,622,483,509,483,642,510,1,507
18474,494,465,623,483,529,465,623,483,509,483,643,510,1,507
18484,494,465,623,483,529,465,623,483,509,483,643,510,1,507
18494,494,465,622,483,529,465,622,483,509,483,642,510,1,507
18504,494,465,623,482,529,465,623,482,509,483,643,511,1,507
18514,494,465,623,483,529,465,623,483,509,483,643,510,1,507
18524,494,466,622,482,529,466,622,482,509,484,642,511,1,507
18534,494,465,623,482,529,465,623,482,509,483,643,511,1,507
18544,494,465,623,483,529,465,623,483,509,483,643,510,1,507
18554,494,465,623,483,529,465,623,483,509,483,643,510,1,507
18564,494,465,623,483,529,465,623,483,509,483,643,510,1,507
18574,494,465,623,483,529,465,623,483,509,483,643,510,1,507
18584,494,465,623,483,529,465,623,483,509,483,643,510,1,507
18594,494,465,623,482,529,465,623,482,509,483,643,511,1,507
18604,494,465,623,483,529,465,623,483,509,483,643,510,1,507
18614,494,465,622,482,529,465,622,482,509,483,642,511,1,507
18624,494,465,623,483,529,465,623,483,509,483,643,510,1,507
18634,494,465,623,483,529,465,623,483,509,483,643,510,1,507
18644,494,465,622,483,529,465,622,483,509,483,642,510,1,507
18654,494,465,623,483,529,465,623,483,509,483,643,510,1,507
18664,494,465,623,483,529,465,623,483,509,483,643,510,1,507
18674,494,465,622,483,529,465,622,483,509,483,642,510,1,507
18684,494,465,623,483,529,465,623,483,509,483,643,510,1,507
18694,494,465,623,483,529,465,623,483,509,483,643,510,1,507
18704,494,465,623,483,529,465,623,483,509,483,643,510,1,507
18714,494,465,622,483,529,465,622,483,509,483,642,510,1,507
18724,494,465,622,483,529,465,622,483,509,483,642,510,1,507
18734,494,465,622,483,529,465,622,483,509,483,642,510,1,507
18744,494,465,623,483,529,465,623,483,509,483,643,510,1,507
18754,494,465,623,483,529,465,623,483,509,483,643,510,1,507
18764,494,465,623,482,529,465,623,482,509,483,643,511,1,507
18774,494,465,623,483,529,465,623,483,509,483,643,510,1,507
18784,494,465,623,483,529,465,623,483,509,483,643,510,1,507
18794,494,465,623,483,529,465,623,483,509,483,643,510,1,507
18804,494,465,623,483,529,465,623,483,509,483,643,510,1,507
18814,494,465,623,483,529,465,623,483,509,483,643,510,1,507
18824,494,465,622,482,529,465,622,482,509,483,642,511,1,507
18834,494,465,622,483,529,465,622,483,509,483,642,510,1,507
18844,494,465,623,483,529,465,623,483,509,483,643,510,1,507
18854,494,465,622,482,529,465,622,482,509,483,642,511,1,507
18864,494,465,623,482,529,465,623,482,509,483,643,511,1,507
18874,494,465,623,483,529,465,623,483,509,483,643,510,1,507
18884,494,465,623,482,529,465,623,482,509,483,643,511,1,507
18894,494,465,623,482,529,465,623,482,509,483,643,511,1,507
18904,494,465,623,483,529,465,623,483,509,483,643,510,1,507
18914,494,465,623,483,529,465,623,483,509,483,643,510,1,507
18924,494,465,623,483,529,465,623,483,509,483,643,510,1,507
18934,494,465,623,483,529,465,623,483,509,483,643,510,1,507
18944,494,465,623,482,529,465,623,482,509,483,643,511,1,507
18954,494,465,623,483,529,465,623,483,509,483,643,510,1,507
18964,494,465,623,483,529,465,623,483,509,483,643,510,1,507
18974,494,465,623,483,529,465,623,483,509,483,643,510,1,507
18984,494,465,623,483,529,465,623,483,509,483,643,510,1,507
18994,494,465,623,483,529,465,623,483,509,483,643,510,1,507
19004,494,465,623,483,529,465,623,483,509,483,643,510,1,507
19014,494,465,623,483,529,465,623,483,509,483,643,510,1,507
19024,494,465,623,482,529,465,623,482,509,483,643,511,1,507
19034,494,465,623,483,529,465,623,483,509,483,643,510,1,507
19044,494,465,622,483,529,465,622,483,509,483,642,510,1,507
19054,494,465,623,483,529,465,623,483,509,483,643,510,1,507
19064,494,465,623,482,529,465,623,482,509,483,643,511,1,507
19074,494,465,623,483,529,465,623,483,509,483,643,510,1,507
19084,494,465,623,483,529,465,623,483,509,483,643,510,1,507
19094,494,465,622,482,529,465,622,482,509,483,642,511,1,507
19104,494,465,623,483,529,465,623,483,509,483,643,510,1,507
19114,494,465,623,483,529,465,623,483,509,483,643,510,1,507
19124,494,465,622,482,529,465,622,482,509,483,642,511,1,507
19134,494,465,623,482,529,465,623,482,509,483,643,511,1,507
19144,494,465,623,483,529,465,623,483,509,483,643,510,1,507
19154,494,465,622,483,529,465,622,483,509,483,642,510,1,507
19164,494,465,623,482,529,465,623,482,509,483,643,511,1,507
19174,494,465,623,483,529,465,623,483,509,483,643,510,1,507
19184,494,465,622,483,529,465,622,483,509,483,642,510,1,507
19194,494,465,623,482,529,465,623,482,509,483,643,511,1,507
19204,494,465,623,483,529,465,623,483,509,483,643,510,1,507
19214,494,466,622,482,529,466,622,482,509,484,642,511,1,507
19224,494,465,623,483,529,465,623,483,509,483,643,510,1,507
19234,494,465,622,483,529,465,622,483,509,483,642,510,1,507
19244,494,465,622,483,529,465,622,483,509,483,642,510,1,507
19254,494,465,622,483,529,465,622,483,509,483,642,510,1,507
19264,494,465,623,483,529,465,623,483,509,483,643,510,1,507
19274,494,465,622,483,529,465,622,483,509,483,642,510,1,507
19284,494,465,622,483,529,465,622,483,509,483,642,510,1,507
19294,494,465,623,483,529,465,623,483,509,483,643,510,1,507
19304,494,465,622,482,529,465,622,482,509,483,642,511,1,507
19314,494,465,622,482,529,465,622,482,509,483,642,511,1,507
19324,494,465,623,483,529,465,623,483,509,483,643,510,1,507
19334,494,465,622,483,529,465,622,483,509,483,642,510,1,507
19344,494,465,623,483,529,465,623,483,509,483,643,510,1,507
19354,494,465,623,483,529,465,623,483,509,483,643,510,1,507
19364,494,465,622,482,529,465,622,482,509,483,642,511,1,507
19374,494,465,623,482,529,465,623,482,509,483,643,511,1,507
19384,494,465,623,483,529,465,623,483,509,483,643,510,1,507
19394,494,465,622,483,529,465,622,483,509,483,642,510,1,507
19404,494,466,622,483,529,466,622,483,509,484,642,510,1,507
19414,494,465,623,482,529,465,623,482,509,483,643,511,1,507
19424,494,465,622,482,529,465,622,482,509,483,642,511,1,507
19434,494,465,623,483,529,465,623,483,509,483,643,510,1,507
19444,494,465,623,483,529,465,623,483,509,483,643,510,1,507
19454,494,465,622,483,529,465,622,483,509,483,642,510,1,507
19464,494,465,623,483,529,465,623,483,509,483,643,510,1,507
19474,494,465,623,483,529,465,623,483,509,483,643,510,1,507
19484,494,465,623,482,529,465,623,482,509,483,643,511,1,507
19494,494,465,623,482,529,465,623,482,509,483,643,511,1,507
19504,494,465,623,483,529,465,623,483,509,483,643,510,1,507
19514,494,465,623,483,529,465,623,483,509,483,643,510,1,507
19524,494,465,623,483,529,465,623,483,509,483,643,510,1,507
19534,494,465,623,482,529,465,623,482,509,483,643,511,1,507
19544,494,465,622,482,529,465,622,482,509,483,642,511,1,507
19554,494,466,622,483,529,466,622,483,509,484,642,510,1,507
19564,494,465,623,483,529,465,623,483,509,483,643,510,1,507
19574,494,465,623,483,529,465,623,483,509,483,643,510,1,507
19584,494,465,623,483,529,465,623,483,509,483,643,510,1,507
19594,494,465,623,483,529,465,623,483,509,483,643,510,1,507
19604,494,465,622,482,529,465,622,482,509,483,642,511,1,507
19614,494,465,622,483,529,465,622,483,509,483,642,510,1,507
19624,494,465,623,483,529,465,623,483,509,483,643,510,1,507
19634,494,465,623,483,529,465,623,483,509,483,643,510,1,507
19644,494,465,623,483,529,465,623,483,509,483,643,510,1,507
19654,494,465,623,483,529,465,623,483,509,483,643,510,1,507
19664,494,465,622,482,529,465,622,482,509,483,642,511,1,507
19674,494,465,623,483,529,465,623,483,509,483,643,510,1,507
19684,494,465,623,483,529,465,623,483,509,483,643,510,1,507
19694,494,465,622,483,529,465,622,483,509,483,642,510,1,507
19704,494,465,623,483,529,465,623,483,509,483,643,510,1,507
19714,494,465,623,483,529,465,623,483,509,483,643,510,1,507
19724,494,465,623,483,529,465,623,483,509,483,643,510,1,507
19734,494,465,623,483,529,465,623,483,509,483,643,510,1,507
19744,494,465,623,483,529,465,623,483,509,483,643,510,1,507
19754,494,466,623,483,529,466,623,483,509,484,643,510,1,507
19764,494,466,623,483,529,466,623,483,509,484,643,510,1,507
19774,494,465,623,483,529,465,623,483,509,483,643,510,1,507
19784,494,465,623,483,529,465,623,483,509,483,643,510,1,507
19794,494,465,623,483,529,465,623,483,509,483,643,510,1,507
19804,494,465,623,483,529,465,623,483,509,483,643,510,1,507
19814,494,465,622,483,529,465,622,483,509,483,642,510,1,507
19824,494,465,623,483,529,465,623,483,509,483,643,510,1,507
19835,494,465,622,483,529,465,622,483,509,483,642,510,1,507
19845,494,465,622,483,529,465,622,483,509,483,642,510,1,507
19855,494,465,622,483,529,465,622,483,509,483,642,510,1,507
19864,494,465,622,483,529,465,622,483,509,483,642,510,1,507
19874,494,465,622,482,529,465,622,482,509,483,642,511,1,507
19884,494,465,622,483,529,465,622,483,509,483,642,510,1,507
19894,494,465,622,483,529,465,622,483,509,483,642,510,1,507
19904,494,465,622,483,529,465,622,483,509,483,642,510,1,507
19914,494,465,623,483,529,465,623,483,509,483,643,510,1,507
19924,494,465,623,483,529,465,623,483,509,483,643,510,1,507
19934,494,465,622,483,529,465,622,483,509,483,642,510,1,507
19944,494,465,623,483,529,465,623,483,509,483,643,510,1,507
19954,494,465,623,483,529,465,623,483,509,483,643,510,1,507
19964,494,465,622,483,529,465,622,483,509,483,642,510,1,507
19974,494,465,622,482,529,465,622,482,509,483,642,511,1,507
19984,494,465,623,483,529,465,623,483,509,483,643,510,1,507
19994,494,465,622,482,529,465,622,482,509,483,642,511,1,507
20004,494,465,623,482,529,465,623,482,509,483,643,511,1,507
20014,494,465,622,483,529,465,622,483,509,483,642,510,1,507
20025,494,465,622,482,529,465,622,482,509,483,642,511,1,507
20035,494,465,623,482,529,465,623,482,509,483,643,511,1,507
20045,494,465,623,482,529,465,623,482,509,483,643,511,1,507
20054,494,465,623,482,529,465,623,482,509,483,643,511,1,507
20064,494,465,623,483,529,465,623,483,509,483,643,510,1,507
20074,494,465,623,483,529,465,623,483,509,483,643,510,1,507
20084,494,465,622,483,529,465,622,483,509,483,642,510,1,507
20094,494,465,623,483,529,465,623,483,509,483,643,510,1,507
20104,494,465,623,483,529,465,623,483,509,483,643,510,1,507
20114,494,465,622,482,529,465,622,482,509,483,642,511,1,507
20124,494,465,622,482,529,465,622,482,509,483,642,511,1,507
20134,494,465,623,483,529,465,623,483,509,483,643,510,1,507
20144,494,465,623,483,529,465,623,483,509,483,643,510,1,507
20154,494,465,623,483,529,465,623,483,509,483,643,510,1,507
20164,494,465,623,483,529,465,623,483,509,483,643,510,1,507
20174,494,465,622,482,529,465,622,482,509,483,642,511,1,507
20184,494,465,623,482,529,465,623,482,509,483,643,511,1,507
20195,494,465,623,483,529,465,623,483,509,483,643,510,1,507
20204,494,465,622,482,529,465,622,482,509,483,642,511,1,507
20215,494,465,622,482,529,465,622,482,509,483,642,511,1,507
20224,494,465,623,483,529,465,623,483,509,483,643,510,1,507
20234,494,465,622,483,529,465,622,483,509,483,642,510,1,507
20244,494,465,622,483,529,465,622,483,509,483,642,510,1,507
20254,494,465,623,483,529,465,623,483,509,483,643,510,1,507
20264,494,465,622,482,529,465,622,482,509,483,642,511,1,507
20274,494,465,623,482,529,465,623,482,509,483,643,511,1,507
20284,494,465,623,482,529,465,623,482,509,483,643,511,1,507
20294,494,465,622,483,529,465,622,483,509,483,642,510,1,507
20305,494,465,623,483,529,465,623,483,509,483,643,510,1,507
20315,494,465,623,483,529,465,623,483,509,483,643,510,1,507
20324,494,465,622,483,529,465,622,483,509,483,642,510,1,507
20335,494,465,623,482,529,465,623,482,509,483,643,511,1,507
20344,494,465,623,482,529,465,623,482,509,483,643,511,1,507
20355,494,465,622,483,529,465,622,483,509,483,642,510,1,507
20364,494,465,622,483,529,465,622,483,509,483,642,510,1,507
20375,494,465,623,483,529,465,623,483,509,483,643,510,1,507
20384,494,465,622,482,529,465,622,482,509,483,642,511,1,507
20394,494,465,623,482,529,465,623,482,509,483,643,511,1,507
20404,494,465,622,483,529,465,622,483,509,483,642,510,1,507
20414,494,465,622,482,529,465,622,482,509,483,642,511,1,507
20424,494,465,622,482,529,465,622,482,509,483,642,511,1,507
20435,494,465,623,483,529,465,623,483,509,483,643,510,1,507
20445,494,465,622,482,529,465,622,482,509,483,642,511,1,507
20454,494,465,622,483,529,465,622,483,509,483,642,510,1,507
20464,494,465,623,483,529,465,623,483,509,483,643,510,1,507
20475,494,465,622,483,529,465,622,483,509,483,642,510,1,507
20484,494,465,623,483,529,465,623,483,509,483,643,510,1,507
20494,494,465,623,483,529,465,623,483,509,483,643,510,1,507
20505,494,465,622,483,529,465,622,483,509,483,642,510,1,507
20515,494,465,623,483,529,465,623,483,509,483,643,510,1,507
20525,494,465,623,483,529,465,623,483,509,483,643,510,1,507
20534,494,465,622,483,529,465,622,483,509,483,642,510,1,507
20544,494,465,623,483,529,465,623,483,509,483,643,510,1,507
20554,494,465,623,483,529,465,623,483,509,483,643,510,1,507
20564,494,465,623,483,529,465,623,483,509,483,643,510,1,507
20575,494,465,622,482,529,465,622,482,509,483,642,511,1,507
20584,494,465,623,482,529,465,623,482,509,483,643,511,1,507
20595,494,465,622,482,529,465,622,482,509,483,642,511,1,507
20604,494,465,622,483,529,465,622,483,509,483,642,510,1,507
20615,494,465,623,483,529,465,623,483,509,483,643,510,1,507
20624,494,465,622,483,529,465,622,483,509,483,642,510,1,507
20635,494,465,623,483,529,465,623,483,509,483,643,510,1,507
20645,494,465,623,483,529,465,623,483,509,483,643,510,1,507
20655,494,465,623,483,529,465,623,483,509,483,643,510,1,507
20664,494,465,623,483,529,465,623,483,509,483,643,510,1,507
20674,494,465,623,483,529,465,623,483,509,483,643,510,1,507
20684,494,465,622,483,529,465,622,483,509,483,642,510,1,507
20695,494,465,623,483,529,465,623,483,509,483,643,510,1,507
20704,494,465,623,482,529,465,623,482,509,483,643,511,1,507
20714,494,465,622,483,529,465,622,483,509,483,642,510,1,507
20724,494,465,623,483,529,465,623,483,509,483,643,510,1,507
20735,494,465,623,483,529,465,623,483,509,483,643,510,1,507
20744,494,465,623,483,529,465,623,483,509,483,643,510,1,507
20754,494,465,623,482,529,465,623,482,509,483,643,511,1,507
26301,494,465,623,483,529,465,623,483,509,483,643,510,1,507
26302,607,510,513,481,416,510,513,481,621,528,529,512,1,507
26305,607,510,513,482,416,510,513,482,621,528,529,511,1,507
26315,607,510,514,482,416,510,514,482,621,528,530,511,1,507
26325,607,510,514,481,416,510,514,481,621,528,530,512,1,507
26335,607,510,514,481,416,510,514,481,621,528,530,512,1,507
26345,607,510,514,479,416,510,514,479,621,528,530,514,1,507
26355,608,509,514,477,415,509,514,477,622,527,530,516,1,507
26365,608,509,514,475,415,509,514,475,622,527,530,518,1,507
26375,607,509,513,474,416,509,513,474,621,527,529,519,1,507
26385,607,510,513,474,416,510,513,474,621,528,529,519,1,507
26395,606,510,514,475,417,510,514,475,620,528,530,518,1,507
26405,606,510,514,477,417,510,514,477,620,528,530,516,1,507
26415,606,510,515,480,417,510,515,480,620,528,531,513,1,507
26425,606,511,515,482,417,511,515,482,620,529,531,511,1,507
26435,606,511,515,484,417,511,515,484,620,529,531,509,1,507
26445,606,511,515,485,417,511,515,485,620,529,531,508,1,507
26455,607,511,515,483,416,511,515,483,621,529,531,510,1,507
26465,607,511,515,481,416,511,515,481,621,529,531,512,1,507
26475,607,510,514,480,416,510,514,480,621,528,530,513,1,507
26485,607,510,514,479,416,510,514,479,621,528,530,514,1,507
26495,607,510,513,478,416,510,513,478,621,528,529,515,1,507
26505,607,510,513,478,416,510,513,478,621,528,529,515,1,507
26515,607,510,513,478,416,510,513,478,621,528,529,515,1,507
26525,607,510,514,478,416,510,514,478,621,528,530,515,1,507
26535,607,510,514,478,416,510,514,478,621,528,530,515,1,507
26545,606,511,515,479,417,511,515,479,620,529,531,514,1,507
26555,606,511,516,482,417,511,516,482,620,529,532,511,1,507
26565,606,512,516,485,417,512,516,485,620,530,532,508,1,507
26575,606,512,517,486,417,512,517,486,620,530,533,507,1,507
26585,606,512,517,487,417,512,517,487,620,530,533,506,1,507
26595,606,511,516,487,417,511,516,487,620,529,532,506,1,507
26605,607,510,515,486,416,510,515,486,621,528,531,507,1,507
26615,607,510,514,485,416,510,514,485,621,528,530,508,1,507
26625,607,509,513,484,416,509,513,484,621,527,529,509,1,507
26635,607,510,513,482,416,510,513,482,621,528,529,511,1,507
26645,607,510,512,481,416,510,512,481,621,528,528,512,1,507
26655,607,510,513,480,416,510,513,480,621,528,529,513,1,507
26665,607,511,513,480,416,511,513,480,621,529,529,513,1,507
26675,607,511,514,480,416,511,514,480,621,529,530,513,1,507
26685,606,511,516,482,417,511,516,482,620,529,532,511,1,507
26695,606,511,516,482,417,511,516,482,620,529,532,511,1,507
26705,607,511,516,482,416,511,516,482,621,529,532,511,1,507
26715,607,510,515,483,416,510,515,483,621,528,531,510,1,507
26725,607,510,515,482,416,510,515,482,621,528,531,511,1,507
26735,607,511,514,483,416,511,514,483,621,529,530,510,1,507
26745,606,511,513,483,417,511,513,483,620,529,529,510,1,507
26755,607,511,513,482,416,511,513,482,621,529,529,511,1,507
26765,607,511,513,481,416,511,513,481,621,529,529,512,1,507
26775,607,510,513,481,416,510,513,481,621,528,529,512,1,507
26785,607,510,514,481,416,510,514,481,621,528,530,512,1,507
26795,607,511,515,481,416,511,515,481,621,529,531,512,1,507
26805,607,511,515,482,416,511,515,482,621,529,531,511,1,507
26815,607,511,515,482,416,511,515,482,621,529,531,511,1,507
26825,606,511,515,482,417,511,515,482,620,529,531,511,1,507
26835,606,511,515,483,417,511,515,483,620,529,531,510,1,507
26845,606,511,514,483,417,511,514,483,620,529,530,510,1,507
26855,607,511,514,483,416,511,514,483,621,529,530,510,1,507
26865,607,510,514,482,416,510,514,482,621,528,530,511,1,507
26875,607,510,514,482,416,510,514,482,621,528,530,511,1,507
26885,607,511,514,481,416,511,514,481,621,529,530,512,1,507
26895,607,511,514,482,416,511,514,482,621,529,530,511,1,507
26905,606,511,515,483,417,511,515,483,620,529,531,510,1,507
26915,606,511,515,484,417,511,515,484,620,529,531,509,1,507
26925,606,511,515,484,417,511,515,484,620,529,531,509,1,507
26935,606,511,515,485,417,511,515,485,620,529,531,508,1,507
26945,607,511,514,484,416,511,514,484,621,529,530,509,1,507
26955,607,510,514,482,416,510,514,482,621,528,530,511,1,507
26965,607,510,514,481,416,510,514,481,621,528,530,512,1,507
26975,607,510,513,479,416,510,513,479,621,528,529,514,1,507
26985,607,510,513,478,416,510,513,478,621,528,529,515,1,507
26995,607,511,514,479,416,511,514,479,621,529,530,514,1,507
27005,606,511,514,481,417,511,514,481,620,529,530,512,1,507
27015,606,511,515,482,417,511,515,482,620,529,531,511,1,507
27025,606,511,516,484,417,511,516,484,620,529,532,509,1,507
27035,607,511,515,485,416,511,515,485,621,529,531,508,1,507
27045,606,511,515,485,417,511,515,485,620,529,531,508,1,507
27055,607,511,515,485,416,511,515,485,621,529,531,508,1,507
27065,607,511,514,483,416,511,514,483,621,529,530,510,1,507
27075,607,511,514,481,416,511,514,481,621,529,530,512,1,507
27085,608,510,514,479,415,510,514,479,622,528,530,514,1,507
27095,607,510,513,478,416,510,513,478,621,528,529,515,1,507
27105,607,510,514,478,416,510,514,478,621,528,530,515,1,507
27115,607,511,514,478,416,511,514,478,621,529,530,515,1,507
27125,606,511,514,480,417,511,514,480,620,529,530,513,1,507
27135,606,511,515,481,417,511,515,481,620,529,531,512,1,507
27145,606,511,515,483,417,511,515,483,620,529,531,510,1,507
27155,606,512,515,485,417,512,515,485,620,530,531,508,1,507
27165,606,512,516,485,417,512,516,485,620,530,532,508,1,507
27175,606,512,516,485,417,512,516,485,620,530,532,508,1,507
27185,607,512,515,485,416,512,515,485,621,530,531,508,1,507
27195,607,511,515,484,416,511,515,484,621,529,531,509,1,507
27205,607,511,515,483,416,511,515,483,621,529,531,510,1,507
27215,607,510,514,482,416,510,514,482,621,528,530,511,1,507
27225,607,510,514,482,416,510,514,482,621,528,530,511,1,507
27235,607,510,513,481,416,510,513,481,621,528,529,512,1,507
27245,607,511,513,481,416,511,513,481,621,529,529,512,1,507
27255,606,511,514,482,417,511,514,482,620,529,530,511,1,507
27265,606,511,514,482,417,511,514,482,620,529,530,511,1,507
27275,607,511,515,482,416,511,515,482,621,529,531,511,1,507
27285,606,511,516,482,417,511,516,482,620,529,532,511,1,507
27295,607,511,515,483,416,511,515,483,621,529,531,510,1,507
27305,607,511,515,483,416,511,515,483,621,529,531,510,1,507
27315,607,511,515,482,416,511,515,482,621,529,531,511,1,507
27325,607,511,514,482,416,511,514,482,621,529,530,511,1,507
27335,607,511,514,481,416,511,514,481,621,529,530,512,1,507
27345,607,511,514,481,416,511,514,481,621,529,530,512,1,507
27355,606,511,514,481,417,511,514,481,620,529,530,512,1,507
27365,606,511,515,482,417,511,515,482,620,529,531,511,1,507
27375,606,512,516,483,417,512,516,483,620,530,532,510,1,507
27385,606,512,516,484,417,512,516,484,620,530,532,509,1,507
27395,606,511,516,485,417,511,516,485,620,529,532,508,1,507
27405,606,511,515,485,417,511,515,485,620,529,531,508,1,507
27415,607,511,515,484,416,511,515,484,621,529,531,509,1,507
27425,607,511,514,483,416,511,514,483,621,529,530,510,1,507
27435,607,511,514,482,416,511,514,482,621,529,530,511,1,507
27445,607,511,514,482,416,511,514,482,621,529,530,511,1,507
27455,607,511,514,482,416,511,514,482,621,529,530,511,1,507
27465,606,511,514,483,417,511,514,483,620,529,530,510,1,507
27475,606,511,515,485,417,511,515,485,620,529,531,508,1,507
27485,606,511,515,486,417,511,515,486,620,529,531,507,1,507
27495,607,511,515,484,416,511,515,484,621,529,531,509,1,507
27505,607,511,515,483,416,511,515,483,621,529,531,510,1,507
27515,607,510,514,481,416,510,514,481,621,528,530,512,1,507
27525,607,510,514,480,416,510,514,480,621,528,530,513,1,507
27535,607,511,514,479,416,511,514,479,621,529,530,514,1,507
27545,606,511,514,480,417,511,514,480,620,529,530,513,1,507
27555,606,511,514,481,417,511,514,481,620,529,530,512,1,507
27565,606,511,515,482,417,511,515,482,620,529,531,511,1,507
27575,606,512,516,484,417,512,516,484,620,530,532,509,1,507
27585,606,512,516,486,417,512,516,486,620,530,532,507,1,507
27595,607,512,516,486,416,512,516,486,621,530,532,507,1,507
27605,607,511,516,484,416,511,516,484,621,529,532,509,1,507
27615,608,510,515,482,415,510,515,482,622,528,531,511,1,507
27625,607,510,514,480,416,510,514,480,621,528,530,513,1,507
27635,607,510,514,479,416,510,514,479,621,528,530,514,1,507
27645,607,511,514,479,416,511,514,479,621,529,530,514,1,507
27655,606,511,514,481,417,511,514,481,620,529,530,512,1,507
27665,606,511,515,482,417,511,515,482,620,529,531,511,1,507
27675,606,512,515,484,417,512,515,484,620,530,531,509,1,507
27685,606,512,516,486,417,512,516,486,620,530,532,507,1,507
27695,606,512,516,486,417,512,516,486,620,530,532,507,1,507
27705,606,511,516,486,417,511,516,486,620,529,532,507,1,507
27715,607,511,515,486,416,511,515,486,621,529,531,507,1,507
27725,607,511,515,483,416,511,515,483,621,529,531,510,1,507
27735,607,511,514,481,416,511,514,481,621,529,530,512,1,507
27745,607,510,514,479,416,510,514,479,621,528,530,514,1,507
27755,607,511,513,479,416,511,513,479,621,529,529,514,1,507
27765,607,511,513,479,416,511,513,479,621,529,529,514,1,507
27775,607,511,514,480,416,511,514,480,621,529,530,513,1,507
27785,607,511,514,481,416,511,514,481,621,529,530,512,1,507
27795,606,511,515,482,417,511,515,482,620,529,531,511,1,507
27805,606,511,515,483,417,511,515,483,620,529,531,510,1,507
27815,606,512,516,485,417,512,516,485,620,530,532,508,1,507
27825,606,512,516,486,417,512,516,486,620,530,532,507,1,507
27835,606,512,516,486,417,512,516,486,620,530,532,507,1,507
27845,607,512,516,485,416,512,516,485,621,530,532,508,1,507
27855,607,511,515,484,416,511,515,484,621,529,531,509,1,507
27865,607,511,514,483,416,511,514,483,621,529,530,510,1,507
27875,607,511,513,483,416,511,513,483,621,529,529,510,1,507
27885,607,511,513,482,416,511,513,482,621,529,529,511,1,507
27895,607,511,514,482,416,511,514,482,621,529,530,511,1,507
27905,607,511,514,482,416,511,514,482,621,529,530,511,1,507
27915,607,511,515,482,416,511,515,482,621,529,531,511,1,507
27925,606,512,515,483,417,512,515,483,620,530,531,510,1,507
27935,606,512,515,484,417,512,515,484,620,530,531,509,1,507
27945,606,511,515,485,417,511,515,485,620,529,531,508,1,507
27955,607,511,515,484,416,511,515,484,621,529,531,509,1,507
27965,607,511,515,484,416,511,515,484,621,529,531,509,1,507
27975,607,511,515,483,416,511,515,483,621,529,531,510,1,507
27985,607,511,515,483,416,511,515,483,621,529,531,510,1,507
27995,607,512,514,483,416,512,514,483,621,530,530,510,1,507
28005,606,511,514,483,417,511,514,483,620,529,530,510,1,507
28015,607,511,514,484,416,511,514,484,621,529,530,509,1,507
28025,607,511,514,484,416,511,514,484,621,529,530,509,1,507
28035,607,510,514,483,416,510,514,483,621,528,530,510,1,507
28045,607,510,514,483,416,510,514,483,621,528,530,510,1,507
28055,607,510,515,483,416,510,515,483,621,528,531,510,1,507
28065,607,510,515,483,416,510,515,483,621,528,531,510,1,507
28075,607,511,515,483,416,511,515,483,621,529,531,510,1,507
28085,607,511,515,483,416,511,515,483,621,529,531,510,1,507
28095,606,511,515,483,417,511,515,483,620,529,531,510,1,507
28105,607,511,515,483,416,511,515,483,621,529,531,510,1,507
28115,607,511,514,483,416,511,514,483,621,529,530,510,1,507
28125,607,511,514,483,416,511,514,483,621,529,530,510,1,507
28135,607,511,514,483,416,511,514,483,621,529,530,510,1,507
28145,607,511,514,483,416,511,514,483,621,529,530,510,1,507
28155,607,511,514,483,416,511,514,483,621,529,530,510,1,507
28165,607,511,514,483,416,511,514,483,621,529,530,510,1,507
28175,607,511,514,482,416,511,514,482,621,529,530,511,1,507
28185,607,511,514,482,416,511,514,482,621,529,530,511,1,507
28195,607,511,514,482,416,511,514,482,621,529,530,511,1,507
28205,607,511,514,482,416,511,514,482,621,529,530,511,1,507
28215,607,511,514,482,416,511,514,482,621,529,530,511,1,507
28225,607,511,514,482,416,511,514,482,621,529,530,511,1,507
28235,607,511,514,482,416,511,514,482,621,529,530,511,1,507
28245,607,511,514,482,416,511,514,482,621,529,530,511,1,507
28255,607,511,514,481,416,511,514,481,621,529,530,512,1,507
28265,607,510,514,481,416,510,514,481,621,528,530,512,1,507
28275,607,510,514,481,416,510,514,481,621,528,530,512,1,507
28285,607,511,514,481,416,511,514,481,621,529,530,512,1,507
28295,607,511,514,482,416,511,514,482,621,529,530,511,1,507
28305,606,511,515,483,417,511,515,483,620,529,531,510,1,507
28315,606,511,515,483,417,511,515,483,620,529,531,510,1,507
28325,607,511,515,483,416,511,515,483,621,529,531,510,1,507
28335,607,511,514,482,416,511,514,482,621,529,530,511,1,507
28345,607,511,514,482,416,511,514,482,621,529,530,511,1,507
28355,607,511,513,482,416,511,513,482,621,529,529,511,1,507
28365,607,511,514,482,416,511,514,482,621,529,530,511,1,507
28375,607,511,514,482,416,511,514,482,621,529,530,511,1,507
28385,606,511,514,484,417,511,514,484,620,529,530,509,1,507
28395,606,511,514,484,417,511,514,484,620,529,530,509,1,507
28405,607,511,515,484,416,511,515,484,621,529,531,509,1,507
28415,607,511,515,484,416,511,515,484,621,529,531,509,1,507
28425,607,511,515,483,416,511,515,483,621,529,531,510,1,507
28435,607,511,515,482,416,511,515,482,621,529,531,511,1,507
28445,607,511,514,481,416,511,514,481,621,529,530,512,1,507
28455,607,510,514,481,416,510,514,481,621,528,530,512,1,507
28465,607,511,513,481,416,511,513,481,621,529,529,512,1,507
28475,607,511,513,482,416,511,513,482,621,529,529,511,1,507
28485,606,511,514,483,417,511,514,483,620,529,530,510,1,507
28495,606,511,514,483,417,511,514,483,620,529,530,510,1,507
28505,607,511,514,484,416,511,514,484,621,529,530,509,1,507
28515,607,511,514,483,416,511,514,483,621,529,530,510,1,507
28525,607,511,515,483,416,511,515,483,621,529,531,510,1,507
28535,607,511,514,482,416,511,514,482,621,529,530,511,1,507
28545,607,511,514,481,416,511,514,481,621,529,530,512,1,507
28555,607,511,514,481,416,511,514,481,621,529,530,512,1,507
28565,607,511,514,481,416,511,514,481,621,529,530,512,1,507
28575,606,511,514,481,417,511,514,481,620,529,530,512,1,507
28585,606,511,514,482,417,511,514,482,620,529,530,511,1,507
28595,606,511,515,483,417,511,515,483,620,529,531,510,1,507
28605,606,511,515,483,417,511,515,483,620,529,531,510,1,507
28615,606,511,515,484,417,511,515,484,620,529,531,509,1,507
28625,607,511,515,483,416,511,515,483,621,529,531,510,1,507
28635,607,511,515,482,416,511,515,482,621,529,531,511,1,507
28645,607,511,514,482,416,511,514,482,621,529,530,511,1,507
28655,607,511,514,482,416,511,514,482,621,529,530,511,1,507
28665,607,511,514,482,416,511,514,482,621,529,530,511,1,507
28675,607,511,514,481,416,511,514,481,621,529,530,512,1,507
28685,607,511,514,481,416,511,514,481,621,529,530,512,1,507
28695,606,511,514,482,417,511,514,482,620,529,530,511,1,507
28705,607,511,514,482,416,511,514,482,621,529,530,511,1,507
28715,607,511,515,482,416,511,515,482,621,529,531,511,1,507
28725,606,511,515,482,417,511,515,482,620,529,531,511,1,507
28735,607,511,515,482,416,511,515,482,621,529,531,511,1,507
28745,607,512,515,482,416,512,515,482,621,530,531,511,1,507
28755,606,511,514,483,417,511,514,483,620,529,530,510,1,507
28765,606,512,514,484,417,512,514,484,620,530,530,509,1,507
28775,606,511,515,485,417,511,515,485,620,529,531,508,1,507
28785,606,511,515,486,417,511,515,486,620,529,531,507,1,507
28795,607,512,515,486,416,512,515,486,621,530,531,507,1,507
28805,607,511,515,485,416,511,515,485,621,529,531,508,1,507
33310,607,511,514,484,416,511,514,484,621,529,530,509,1,507
33311,380,494,511,483,643,494,511,483,394,512,527,510,1,507
33315,380,495,511,481,643,495,511,481,394,512,527,512,1,507
33325,381,495,510,479,642,495,510,479,395,512,526,514,1,507
33335,380,493,507,479,643,493,507,479,394,512,523,514,1,507
33345,380,492,505,481,643,492,505,481,394,511,521,512,1,507
33355,379,491,503,484,644,491,503,484,392,510,519,509,1,507
33365,380,491,502,486,643,491,502,486,394,510,518,507,1,507
33375,381,492,502,485,642,492,502,485,395,511,518,508,1,507
33385,382,494,502,483,641,494,502,483,396,512,518,510,1,507
33395,382,495,504,480,641,495,504,480,396,512,520,513,1,507
33405,382,496,505,477,641,496,505,477,396,513,521,516,1,507
33415,381,495,506,476,642,495,506,476,395,512,522,517,1,507
33425,380,493,506,477,643,493,506,477,394,512,522,516,1,507
33435,379,492,506,479,644,492,506,479,392,511,522,514,1,507
33445,379,490,506,482,644,490,506,482,392,509,522,511,1,507
33455,379,490,508,484,644,490,508,484,392,509,524,509,1,507
33465,379,491,510,485,644,491,510,485,392,510,526,508,1,507
33475,380,493,512,484,643,493,512,484,394,512,528,509,1,507
33485,380,495,512,481,643,495,512,481,394,512,528,512,1,507
33495,381,495,511,478,642,495,511,478,395,512,527,515,1,507
33505,381,495,509,476,642,495,509,476,395,512,525,517,1,507
33515,380,493,506,477,643,493,506,477,394,512,522,516,1,507
33525,380,492,503,479,643,492,503,479,394,511,519,514,1,507
33535,380,491,501,481,643,491,501,481,394,510,517,512,1,507
33545,381,491,500,482,642,491,500,482,395,510,516,511,1,507
33555,381,492,501,482,642,492,501,482,395,511,517,511,1,507
33565,381,493,503,481,642,493,503,481,395,512,519,512,1,507
33575,381,493,505,480,642,493,505,480,395,512,521,513,1,507
33585,380,493,507,479,643,493,507,479,394,512,523,514,1,507
33595,380,492,509,480,643,492,509,480,394,511,525,513,1,507
33605,379,491,509,482,644,491,509,482,392,510,525,511,1,507
33615,379,491,510,483,644,491,510,483,392,510,526,510,1,507
33625,379,491,509,484,644,491,509,484,392,510,525,509,1,507
33635,380,491,509,484,643,491,509,484,394,510,525,509,1,507
33645,380,492,508,483,643,492,508,483,394,511,524,510,1,507
33655,380,492,507,483,643,492,507,483,394,511,523,510,1,507
33665,380,492,507,483,643,492,507,483,394,511,523,510,1,507
33675,380,492,506,483,643,492,506,483,394,511,522,510,1,507
33685,380,492,506,484,643,492,506,484,394,511,522,509,1,507
33695,380,492,506,485,643,492,506,485,394,511,522,508,1,507
33705,380,492,505,485,643,492,505,485,394,511,521,508,1,507
33715,380,492,505,484,643,492,505,484,394,511,521,509,1,507
33725,380,492,505,483,643,492,505,483,394,511,521,510,1,507
33735,380,492,504,483,643,492,504,483,394,511,520,510,1,507
33745,380,492,504,484,643,492,504,484,394,511,520,509,1,507
33755,380,491,504,485,643,491,504,485,394,510,520,508,1,507
33765,380,492,506,485,643,492,506,485,394,511,522,508,1,507
33775,381,494,507,483,642,494,507,483,395,512,523,510,1,507
33785,381,495,508,480,642,495,508,480,395,512,524,513,1,507
33795,381,495,509,478,642,495,509,478,395,512,525,515,1,507
33805,380,494,508,478,643,494,508,478,394,512,524,515,1,507
33815,379,491,508,481,644,491,508,481,392,510,524,512,1,507
33825,378,489,508,485,645,489,508,485,391,507,524,508,1,507
33835,378,489,508,489,645,489,508,489,391,507,524,504,1,507
33845,379,491,508,490,644,491,508,490,392,510,524,503,1,507
33855,380,493,508,487,643,493,508,487,394,512,524,506,1,507
33865,381,495,508,484,642,495,508,484,395,512,524,509,1,507
33875,382,496,508,481,641,496,508,481,396,513,524,512,1,507
33885,382,496,506,478,641,496,506,478,396,513,522,515,1,507
33895,381,494,504,478,642,494,504,478,395,512,520,515,1,507
33905,380,491,504,481,643,491,504,481,394,510,520,512,1,507
33915,379,490,504,484,644,490,504,484,392,509,520,509,1,507
33925,379,490,505,486,644,490,505,486,392,509,521,507,1,507
33935,380,491,506,487,643,491,506,487,394,510,522,506,1,507
33945,380,493,507,485,643,493,507,485,394,512,523,508,1,507
33955,381,494,508,482,642,494,508,482,395,512,524,511,1,507
33965,381,495,508,480,642,495,508,480,395,512,524,513,1,507
33975,381,494,507,478,642,494,507,478,395,512,523,515,1,507
33985,380,492,505,479,643,492,505,479,394,511,521,514,1,507
33995,379,489,504,483,644,489,504,483,392,507,520,510,1,507
34005,379,489,504,487,644,489,504,487,392,507,520,506,1,507
34015,379,490,505,489,644,490,505,489,392,509,521,504,1,507
34025,380,491,506,489,643,491,506,489,394,510,522,504,1,507
34035,381,494,508,486,642,494,508,486,395,512,524,507,1,507
34045,381,496,509,483,642,496,509,483,395,513,525,510,1,507
34055,382,497,509,479,641,497,509,479,396,514,525,514,1,507
34065,381,496,508,476,642,496,508,476,395,513,524,517,1,507
34075,381,494,506,476,642,494,506,476,395,512,522,517,1,507
34085,380,492,504,478,643,492,504,478,394,511,520,515,1,507
34095,379,490,502,482,644,490,502,482,392,509,518,511,1,507
34105,379,489,502,486,644,489,502,486,392,507,518,507,1,507
34115,380,490,503,488,643,490,503,488,394,509,519,505,1,507
34125,380,491,504,488,643,491,504,488,394,510,520,505,1,507
34135,381,493,506,486,642,493,506,486,395,512,522,507,1,507
34145,381,495,507,483,642,495,507,483,395,512,523,510,1,507
34155,381,495,508,480,642,495,508,480,395,512,524,513,1,507
34165,381,495,508,477,642,495,508,477,395,512,524,516,1,507
34175,380,494,508,477,643,494,508,477,394,512,524,516,1,507
34185,380,492,508,479,643,492,508,479,394,511,524,514,1,507
34195,379,490,508,482,644,490,508,482,392,509,524,511,1,507
34205,379,490,509,484,644,490,509,484,392,509,525,509,1,507
34215,379,491,510,485,644,491,510,485,392,510,526,508,1,507
34225,380,492,510,484,643,492,510,484,394,511,526,509,1,507
34235,380,494,509,483,643,494,509,483,394,512,525,510,1,507
34245,381,495,508,480,642,495,508,480,395,512,524,513,1,507
34255,381,494,507,479,642,494,507,479,395,512,523,514,1,507
34265,380,493,505,479,643,493,505,479,394,512,521,514,1,507
34275,380,490,503,482,643,490,503,482,394,509,519,511,1,507
34285,379,489,503,486,644,489,503,486,392,507,519,507,1,507
34295,379,490,504,489,644,490,504,489,392,509,520,504,1,507
34305,380,492,505,489,643,492,505,489,394,511,521,504,1,507
34315,381,493,506,487,642,493,506,487,395,512,522,506,1,507
34325,381,494,508,485,642,494,508,485,395,512,524,508,1,507
34335,382,496,509,482,641,496,509,482,396,513,525,511,1,507
34345,381,496,509,479,642,496,509,479,395,513,525,514,1,507
34355,381,494,508,478,642,494,508,478,395,512,524,515,1,507
34365,380,492,507,480,643,492,507,480,394,511,523,513,1,507
34375,379,490,506,482,644,490,506,482,392,509,522,511,1,507
34385,379,490,506,486,644,490,506,486,392,509,522,507,1,507
34395,379,490,508,488,644,490,508,488,392,509,524,505,1,507
34405,380,492,509,488,643,492,509,488,394,511,525,505,1,507
34415,380,494,510,485,643,494,510,485,394,512,526,508,1,507
34425,381,495,510,482,642,495,510,482,395,512,526,511,1,507
34435,381,495,509,480,642,495,509,480,395,512,525,513,1,507
34445,381,494,507,479,642,494,507,479,395,512,523,514,1,507
34455,380,493,505,480,643,493,505,480,394,512,521,513,1,507
34465,380,491,504,482,643,491,504,482,394,510,520,511,1,507
34475,380,491,503,484,643,491,503,484,394,510,519,509,1,507
34485,380,491,504,485,643,491,504,485,394,510,520,508,1,507
34495,380,492,506,486,643,492,506,486,394,511,522,507,1,507
34505,380,493,508,485,643,493,508,485,394,512,524,508,1,507
34515,380,494,509,483,643,494,509,483,394,512,525,510,1,507
34525,380,495,510,482,643,495,510,482,394,512,526,511,1,507
34535,380,494,509,480,643,494,509,480,394,512,525,513,1,507
34545,380,493,508,480,643,493,508,480,394,512,524,513,1,507
34555,379,491,507,482,644,491,507,482,392,510,523,511,1,507
34565,379,491,507,485,644,491,507,485,392,510,523,508,1,507
34575,379,491,507,486,644,491,507,486,392,510,523,507,1,507
34585,379,492,509,486,644,492,509,486,392,511,525,507,1,507
34595,380,493,510,486,643,493,510,486,394,512,526,507,1,507
34605,380,494,510,484,643,494,510,484,394,512,526,509,1,507
34615,381,495,510,482,642,495,510,482,395,512,526,511,1,507
34625,381,495,508,480,642,495,508,480,395,512,524,513,1,507
34635,381,494,506,479,642,494,506,479,395,512,522,514,1,507
34645,380,493,504,480,643,493,504,480,394,512,520,513,1,507
34655,380,491,502,482,643,491,502,482,394,510,518,511,1,507
34665,380,490,502,485,643,490,502,485,394,509,518,508,1,507
34675,380,490,503,487,643,490,503,487,394,509,519,506,1,507
34685,380,492,505,487,643,492,505,487,394,511,521,506,1,507
34695,380,493,507,486,643,493,507,486,394,512,523,507,1,507
34705,381,495,508,484,642,495,508,484,395,512,524,509,1,507
34715,381,495,509,482,642,495,509,482,395,512,525,511,1,507
34725,381,496,508,479,642,496,508,479,395,513,524,514,1,507
34735,381,494,508,479,642,494,508,479,395,512,524,514,1,507
34745,380,493,507,480,643,493,507,480,394,512,523,513,1,507
34755,379,491,508,482,644,491,508,482,392,510,524,511,1,507
34765,379,491,508,485,644,491,508,485,392,510,524,508,1,507
34775,379,491,507,486,644,491,507,486,392,510,523,507,1,507
34785,380,492,508,486,643,492,508,486,394,511,524,507,1,507
34795,380,493,508,485,643,493,508,485,394,512,524,508,1,507
34805,381,494,508,483,642,494,508,483,395,512,524,510,1,507
34815,381,494,507,482,642,494,507,482,395,512,523,511,1,507
34825,380,493,506,482,643,493,506,482,394,512,522,511,1,507
34835,380,492,505,483,643,492,505,483,394,511,521,510,1,507
34845,380,492,505,485,643,492,505,485,394,511,521,508,1,507
34855,380,492,506,485,643,492,506,485,394,511,522,508,1,507
34865,381,494,507,484,642,494,507,484,395,512,523,509,1,507
34875,381,495,509,482,642,495,509,482,395,512,525,511,1,507
34885,380,495,511,481,643,495,511,481,394,512,527,512,1,507
34895,379,493,512,481,644,493,512,481,392,512,528,512,1,507
34905,378,492,511,485,645,492,511,485,391,511,527,508,1,507
34915,378,491,511,487,645,491,511,487,391,510,527,506,1,507
34925,379,491,509,489,644,491,509,489,392,510,525,504,1,507
34935,380,492,508,489,643,492,508,489,394,511,524,504,1,507
34945,380,493,506,488,643,493,506,488,394,512,522,505,1,507
34955,381,495,505,486,642,495,505,486,395,512,521,507,1,507
34965,382,496,504,482,641,496,504,482,396,513,520,511,1,507
34975,382,496,503,480,641,496,503,480,396,513,519,513,1,507
34985,381,495,503,480,642,495,503,480,395,512,519,513,1,507
34995,380,493,503,481,643,493,503,481,394,512,519,512,1,507
35005,380,491,504,483,643,491,504,483,394,510,520,510,1,507
35015,380,491,504,486,643,491,504,486,394,510,520,507,1,507
35025,380,492,505,486,643,492,505,486,394,511,521,507,1,507
35035,380,493,507,485,643,493,507,485,394,512,523,508,1,507
35045,381,495,508,482,642,495,508,482,395,512,524,511,1,507
35055,380,494,508,481,643,494,508,481,394,512,524,512,1,507
35065,380,493,508,482,643,493,508,482,394,512,524,511,1,507
35075,379,491,507,485,644,491,507,485,392,510,523,508,1,507
35085,379,491,507,488,644,491,507,488,392,510,523,505,1,507
35095,379,492,508,490,644,492,508,490,392,511,524,503,1,507
35105,380,493,508,489,643,493,508,489,394,512,524,504,1,507
35115,381,495,509,487,642,495,509,487,395,512,525,506,1,507
35125,382,497,509,484,641,497,509,484,396,514,525,509,1,507
35135,382,497,508,480,641,497,508,480,396,514,524,513,1,507
35145,382,497,507,477,641,497,507,477,396,514,523,516,1,507
35155,381,494,506,478,642,494,506,478,395,512,522,515,1,507
35165,379,492,505,481,644,492,505,481,392,511,521,512,1,507
35175,379,491,506,485,644,491,506,485,392,510,522,508,1,507
35185,379,491,507,488,644,491,507,488,392,510,523,505,1,507
35195,380,493,508,488,643,493,508,488,394,512,524,505,1,507
35205,381,495,509,485,642,495,509,485,395,512,525,508,1,507
35215,381,496,509,482,642,496,509,482,395,513,525,511,1,507
35225,381,497,509,479,642,497,509,479,395,514,525,514,1,507
35235,381,496,508,477,642,496,508,477,395,513,524,516,1,507
35245,380,494,507,478,643,494,507,478,394,512,523,515,1,507
35255,380,492,506,480,643,492,506,480,394,511,522,513,1,507
35265,379,491,506,484,644,491,506,484,392,510,522,509,1,507
35275,379,491,507,486,644,491,507,486,392,510,523,507,1,507
35285,380,492,508,486,643,492,508,486,394,511,524,507,1,507
35295,380,494,509,485,643,494,509,485,394,512,525,508,1,507
35305,381,495,509,482,642,495,509,482,395,512,525,511,1,507
35315,381,496,508,479,642,496,508,479,395,513,524,514,1,507
35325,381,496,506,478,642,496,506,478,395,513,522,515,1,507
35335,380,494,505,479,643,494,505,479,394,512,521,514,1,507
35345,380,492,504,481,643,492,504,481,394,511,520,512,1,507
35355,379,491,505,485,644,491,505,485,392,510,521,508,1,507
35365,379,492,507,486,644,492,507,486,392,511,523,507,1,507
35375,380,493,509,486,643,493,509,486,394,512,525,507,1,507
35385,380,494,510,485,643,494,510,485,394,512,526,508,1,507
35395,381,495,510,483,642,495,510,483,395,512,526,510,1,507
35405,381,495,510,482,642,495,510,482,395,512,526,511,1,507
35415,381,496,508,480,642,496,508,480,395,513,524,513,1,507
35425,381,495,507,479,642,495,507,479,395,512,523,514,1,507
35435,380,493,505,480,643,493,505,480,394,512,521,513,1,507
35445,379,491,505,483,644,491,505,483,392,510,521,510,1,507
35455,379,491,506,487,644,491,506,487,392,510,522,506,1,507
35465,379,492,508,489,644,492,508,489,392,511,524,504,1,507
35475,380,493,509,488,643,493,509,488,394,512,525,505,1,507
35485,380,495,510,486,643,495,510,486,394,512,526,507,1,507
35495,381,496,510,483,642,496,510,483,395,513,526,510,1,507
35505,381,496,510,481,642,496,510,481,395,513,526,512,1,507
35515,381,496,509,479,642,496,509,479,395,513,525,514,1,507
35525,381,495,508,479,642,495,508,479,395,512,524,514,1,507
35535,380,493,507,480,643,493,507,480,394,512,523,513,1,507
35545,379,491,507,483,644,491,507,483,392,510,523,510,1,507
35555,379,491,507,486,644,491,507,486,392,510,523,507,1,507
35565,380,492,508,487,643,492,508,487,394,511,524,506,1,507
35575,380,493,508,486,643,493,508,486,394,512,524,507,1,507
35585,381,495,509,484,642,495,509,484,395,512,525,509,1,507
35595,381,496,509,481,642,496,509,481,395,513,525,512,1,507
35605,382,497,508,479,641,497,508,479,396,514,524,514,1,507
35615,381,496,508,477,642,496,508,477,395,513,524,516,1,507
35625,381,494,506,477,642,494,506,477,395,512,522,516,1,507
35635,380,492,506,480,643,492,506,480,394,511,522,513,1,507
35645,379,491,507,484,644,491,507,484,392,510,523,509,1,507
35655,378,490,508,488,645,490,508,488,391,509,524,505,1,507
35665,379,491,509,489,644,491,509,489,392,510,525,504,1,507
35675,380,493,510,488,643,493,510,488,394,512,526,505,1,507
35685,380,495,511,485,643,495,511,485,394,512,527,508,1,507
35695,381,497,511,482,642,497,511,482,395,514,527,511,1,507
35705,381,497,510,479,642,497,510,479,395,514,526,514,1,507
35715,381,496,509,478,642,496,509,478,395,513,525,515,1,507
35725,380,494,507,478,643,494,507,478,394,512,523,515,1,507
35735,380,492,505,480,643,492,505,480,394,511,521,513,1,507
35745,379,491,505,483,644,491,505,483,392,510,521,510,1,507
35755,379,491,506,486,644,491,506,486,392,510,522,507,1,507
35765,379,492,508,487,644,492,508,487,392,511,524,506,1,507
35775,380,494,509,486,643,494,509,486,394,512,525,507,1,507
35785,380,495,510,484,643,495,510,484,394,512,526,509,1,507
35795,381,496,510,482,642,496,510,482,395,513,526,511,1,507
35805,381,496,509,480,642,496,509,480,395,513,525,513,1,507
35815,381,495,507,479,642,495,507,479,395,512,523,514,1,507
41181,381,494,507,480,642,494,507,480,395,512,523,513,1,507
41182,494,382,512,481,529,382,512,481,509,399,528,512,1,507
41185,494,381,512,484,529,381,512,484,509,398,528,509,1,507
41195,494,382,513,486,529,382,513,486,509,399,529,507,1,507
41205,495,383,513,487,528,383,513,487,510,399,529,506,1,507
41215,496,385,513,485,527,385,513,485,511,402,529,508,1,507
41225,496,385,513,481,527,385,513,481,511,402,529,512,1,507
41235,495,385,514,478,528,385,514,478,510,402,530,515,1,507
41245,494,384,514,476,529,384,514,476,509,401,530,517,1,507
41255,493,384,514,476,530,384,514,476,508,401,530,517,1,507
41265,492,383,513,477,531,383,513,477,507,399,529,516,1,507
41275,492,384,513,479,531,384,513,479,507,401,529,514,1,507
41285,493,385,513,480,530,385,513,480,508,402,529,513,1,507
41295,494,386,512,480,529,386,512,480,509,403,528,513,1,507
41305,495,387,512,480,528,387,512,480,510,404,528,513,1,507
41315,496,387,512,479,527,387,512,479,511,404,528,514,1,507
41325,496,385,512,480,527,385,512,480,511,402,528,513,1,507
41335,496,384,511,483,527,384,511,483,511,401,527,510,1,507
41345,496,382,512,487,527,382,512,487,511,399,528,506,1,507
41355,495,382,512,490,528,382,512,490,510,399,528,503,1,507
41365,494,383,512,489,529,383,512,489,509,399,528,504,1,507
41375,494,385,512,485,529,385,512,485,509,402,528,508,1,507
41385,494,386,512,479,529,386,512,479,509,403,528,514,1,507
41395,495,387,512,474,528,387,512,474,510,404,528,519,1,507
41405,496,386,512,471,527,386,512,471,511,403,528,522,1,507
41415,495,384,512,471,528,384,512,471,510,401,528,522,1,507
41425,494,383,513,474,529,383,513,474,509,399,529,519,1,507
41435,493,382,513,479,530,382,513,479,508,399,529,514,1,507
41445,492,382,514,483,531,382,514,483,507,399,530,510,1,507
41455,491,383,514,486,532,383,514,486,505,399,530,507,1,507
41465,492,385,514,488,531,385,514,488,507,402,530,505,1,507
41475,494,387,514,486,529,387,514,486,509,404,530,507,1,507
41485,496,388,513,481,527,388,513,481,511,405,529,512,1,507
41495,496,389,512,477,527,389,512,477,511,406,528,516,1,507
41505,496,387,512,474,527,387,512,474,511,404,528,519,1,507
41515,495,385,513,474,528,385,513,474,510,402,529,519,1,507
41525,493,383,513,476,530,383,513,476,508,399,529,517,1,507
41535,492,383,514,478,531,383,514,478,507,399,530,515,1,507
41545,492,383,514,480,531,383,514,480,507,399,530,513,1,507
41555,492,383,514,480,531,383,514,480,507,399,530,513,1,507
41565,494,383,514,480,529,383,514,480,509,399,530,513,1,507
41575,496,383,513,480,527,383,513,480,511,399,529,513,1,507
41585,496,382,513,481,527,382,513,481,511,399,529,512,1,507
41595,496,381,514,482,527,381,514,482,511,398,530,511,1,507
41605,494,381,514,482,529,381,514,482,509,398,530,511,1,507
41615,494,381,515,481,529,381,515,481,509,398,531,512,1,507
41625,494,382,515,480,529,382,515,480,509,399,531,513,1,507
41635,495,383,513,478,528,383,513,478,510,399,529,515,1,507
41645,496,383,512,477,527,383,512,477,511,399,528,516,1,507
41655,497,384,511,480,526,384,511,480,512,401,527,513,1,507
41665,497,385,510,484,526,385,510,484,512,402,526,509,1,507
41675,496,386,511,487,527,386,511,487,511,403,527,506,1,507
41685,496,387,510,488,527,387,510,488,511,404,526,505,1,507
41695,496,389,510,487,527,389,510,487,511,406,526,506,1,507
41705,496,390,509,484,527,390,509,484,511,407,525,509,1,507
41715,498,390,509,480,525,390,509,480,512,407,525,513,1,507
41725,499,390,508,478,524,390,508,478,512,407,524,515,1,507
41735,499,388,508,479,524,388,508,479,512,405,524,514,1,507
41745,498,386,508,482,525,386,508,482,512,403,524,511,1,507
41755,498,384,508,486,525,384,508,486,512,401,524,507,1,507
41765,496,383,509,489,527,383,509,489,511,399,525,504,1,507
41775,496,383,509,488,527,383,509,488,511,399,525,505,1,507
41785,496,382,509,486,527,382,509,486,511,399,525,507,1,507
41795,496,382,509,483,527,382,509,483,511,399,525,510,1,507
41805,496,382,509,482,527,382,509,482,511,399,525,511,1,507
41815,496,382,510,482,527,382,510,482,511,399,526,511,1,507
41825,495,382,511,484,528,382,511,484,510,399,527,509,1,507
41835,494,383,512,486,529,383,512,486,509,399,528,507,1,507
41845,494,384,513,486,529,384,513,486,509,401,529,507,1,507
41855,494,385,514,485,529,385,514,485,509,402,530,508,1,507
41865,494,386,514,482,529,386,514,482,509,403,530,511,1,507
41875,496,386,514,478,527,386,514,478,511,403,530,515,1,507
41885,497,387,513,476,526,387,513,476,512,404,529,517,1,507
41895,497,386,513,477,526,386,513,477,512,403,529,516,1,507
41905,496,386,513,480,527,386,513,480,511,403,529,513,1,507
41915,495,386,513,483,528,386,513,483,510,403,529,510,1,507
41925,494,386,513,485,529,386,513,485,509,403,529,508,1,507
41935,494,386,513,485,529,386,513,485,509,403,529,508,1,507
41945,495,386,513,484,528,386,513,484,510,403,529,509,1,507
41955,496,384,512,482,527,384,512,482,511,401,528,511,1,507
41965,498,383,511,483,525,383,511,483,512,399,527,510,1,507
41975,499,381,510,486,524,381,510,486,512,398,526,507,1,507
41985,499,381,510,489,524,381,510,489,512,398,526,504,1,507
41995,498,381,511,491,525,381,511,491,512,398,527,502,1,507
42005,496,382,512,492,527,382,512,492,511,399,528,501,1,507
42015,494,383,512,492,529,383,512,492,509,399,528,501,1,507
42025,494,384,513,488,529,384,513,488,509,401,529,505,1,507
42035,495,385,513,484,528,385,513,484,510,402,529,509,1,507
42045,496,386,512,479,527,386,512,479,511,403,528,514,1,507
42055,497,386,512,476,526,386,512,476,512,403,528,517,1,507
42065,497,386,512,476,526,386,512,476,512,403,528,517,1,507
42075,497,386,512,477,526,386,512,477,512,403,528,516,1,507
42085,496,386,513,479,527,386,513,479,511,403,529,514,1,507
42095,495,386,513,481,528,386,513,481,510,403,529,512,1,507
42105,494,386,514,484,529,386,514,484,509,403,530,509,1,507
42115,493,386,514,485,530,386,514,485,508,403,530,508,1,507
42125,494,385,514,486,529,385,514,486,509,402,530,507,1,507
42135,496,385,514,486,527,385,514,486,511,402,530,507,1,507
42145,497,385,513,486,526,385,513,486,512,402,529,507,1,507
42155,497,384,513,486,526,384,513,486,512,401,529,507,1,507
42165,496,384,513,485,527,384,513,485,511,401,529,508,1,507
42175,495,384,514,482,528,384,514,482,510,401,530,511,1,507
42185,494,384,514,480,529,384,514,480,509,401,530,513,1,507
42195,493,384,514,478,530,384,514,478,508,401,530,515,1,507
42205,493,385,514,478,530,385,514,478,508,402,530,515,1,507
42215,495,384,513,479,528,384,513,479,510,401,529,514,1,507
42225,496,384,512,482,527,384,512,482,511,401,528,511,1,507
42235,496,384,511,486,527,384,511,486,511,401,527,507,1,507
42245,495,383,512,489,528,383,512,489,510,399,528,504,1,507
42255,494,384,512,490,529,384,512,490,509,401,528,503,1,507
42265,493,384,512,488,530,384,512,488,508,401,528,505,1,507
42275,492,385,512,484,531,385,512,484,507,402,528,509,1,507
42285,492,385,512,480,531,385,512,480,507,402,528,513,1,507
42295,494,385,512,478,529,385,512,478,509,402,528,515,1,507
42305,494,384,512,477,529,384,512,477,509,401,528,516,1,507
42315,495,384,512,478,528,384,512,478,510,401,528,515,1,507
42325,495,383,512,479,528,383,512,479,510,399,528,514,1,507
42335,494,383,512,480,529,383,512,480,509,399,528,513,1,507
42345,494,384,512,479,529,384,512,479,509,401,528,514,1,507
42355,494,384,512,479,529,384,512,479,509,401,528,514,1,507
42365,494,385,512,479,529,385,512,479,509,402,528,514,1,507
42375,495,385,512,481,528,385,512,481,510,402,528,512,1,507
42385,496,385,513,484,527,385,513,484,511,402,529,509,1,507
42395,497,385,513,486,526,385,513,486,512,402,529,507,1,507
42405,498,386,512,486,525,386,512,486,512,403,528,507,1,507
42415,497,386,513,485,526,386,513,485,512,403,529,508,1,507
42425,497,386,513,482,526,386,513,482,512,403,529,511,1,507
42435,496,385,513,481,527,385,513,481,511,402,529,512,1,507
42445,495,384,513,482,528,384,513,482,510,401,529,511,1,507
42455,495,383,513,483,528,383,513,483,510,399,529,510,1,507
42465,495,383,513,485,528,383,513,485,510,399,529,508,1,507
42475,496,384,513,485,527,384,513,485,511,401,529,508,1,507
42485,496,384,513,483,527,384,513,483,511,401,529,510,1,507
42495,496,384,512,482,527,384,512,482,511,401,528,511,1,507
42505,496,384,513,480,527,384,513,480,511,401,529,513,1,507
42515,496,384,513,480,527,384,513,480,511,401,529,513,1,507
42525,495,383,513,480,528,383,513,480,510,399,529,513,1,507
42535,495,383,512,481,528,383,512,481,510,399,528,512,1,507
42545,495,383,512,482,528,383,512,482,510,399,528,511,1,507
42555,496,384,512,483,527,384,512,483,511,401,528,510,1,507
42565,498,385,513,483,525,385,513,483,512,402,529,510,1,507
42575,498,386,513,482,525,386,513,482,512,403,529,511,1,507
42585,497,386,513,481,526,386,513,481,512,403,529,512,1,507
42595,496,385,514,479,527,385,514,479,511,402,530,514,1,507
42605,495,385,514,479,528,385,514,479,510,402,530,514,1,507
42615,494,384,514,479,529,384,514,479,509,401,530,514,1,507
42625,493,384,514,481,530,384,514,481,508,401,530,512,1,507
42635,493,384,514,482,530,384,514,482,508,401,530,511,1,507
42645,494,385,514,482,529,385,514,482,509,402,530,511,1,507
42655,495,385,514,481,528,385,514,481,510,402,530,512,1,507
42665,496,386,514,479,527,386,514,479,511,403,530,514,1,507
42675,496,385,514,477,527,385,514,477,511,402,530,516,1,507
42685,496,385,514,477,527,385,514,477,511,402,530,516,1,507
42695,495,384,514,478,528,384,514,478,510,401,530,515,1,507
42705,495,383,514,480,528,383,514,480,510,399,530,513,1,507
42715,495,383,513,483,528,383,513,483,510,399,529,510,1,507
42725,495,383,513,485,528,383,513,485,510,399,529,508,1,507
42735,497,384,513,486,526,384,513,486,512,401,529,507,1,507
42745,498,384,512,485,525,384,512,485,512,401,528,508,1,507
42755,498,385,512,484,525,385,512,484,512,402,528,509,1,507
42765,497,384,513,482,526,384,513,482,512,401,529,511,1,507
42775,496,384,513,481,527,384,513,481,511,401,529,512,1,507
42785,495,384,514,480,528,384,514,480,510,401,530,513,1,507
42795,494,384,514,480,529,384,514,480,509,401,530,513,1,507
42805,494,384,514,482,529,384,514,482,509,401,530,511,1,507
42815,494,384,514,482,529,384,514,482,509,401,530,511,1,507
42825,496,385,514,482,527,385,514,482,511,402,530,511,1,507
42835,497,385,514,482,526,385,514,482,512,402,530,511,1,507
42845,499,385,513,481,524,385,513,481,512,402,529,512,1,507
42855,498,385,513,481,525,385,513,481,512,402,529,512,1,507
42865,498,385,513,481,525,385,513,481,512,402,529,512,1,507
42875,497,385,514,481,526,385,514,481,512,402,530,512,1,507
42885,496,384,514,482,527,384,514,482,511,401,530,511,1,507
42895,495,384,515,484,528,384,515,484,510,401,531,509,1,507
42905,495,384,515,485,528,384,515,485,510,401,531,508,1,507
42915,495,384,514,485,528,384,514,485,510,401,530,508,1,507
42925,495,384,514,486,528,384,514,486,510,401,530,507,1,507
42935,495,384,514,486,528,384,514,486,510,401,530,507,1,507
42945,494,384,514,486,529,384,514,486,509,401,530,507,1,507
42955,493,385,514,484,530,385,514,484,508,402,530,509,1,507
42965,493,385,514,481,530,385,514,481,508,402,530,512,1,507
42975,494,386,514,478,529,386,514,478,509,403,530,515,1,507
42985,495,386,514,477,528,386,514,477,510,403,530,516,1,507
42995,496,386,513,477,527,386,513,477,511,403,529,516,1,507
43005,496,385,514,478,527,385,514,478,511,402,530,515,1,507
43015,496,384,514,479,527,384,514,479,511,401,530,514,1,507
43025,495,384,514,481,528,384,514,481,510,401,530,512,1,507
43035,494,384,514,481,529,384,514,481,509,401,530,512,1,507
43045,494,385,514,479,529,385,514,479,509,402,530,514,1,507
43055,495,385,514,477,528,385,514,477,510,402,530,516,1,507
43065,497,385,514,476,526,385,514,476,512,402,530,517,1,507
43075,498,385,514,478,525,385,514,478,512,402,530,515,1,507
43085,499,384,513,480,524,384,513,480,512,401,529,513,1,507
43095,500,383,513,482,523,383,513,482,513,399,529,511,1,507
43105,499,383,513,484,524,383,513,484,512,399,529,509,1,507
43115,498,383,513,483,525,383,513,483,512,399,529,510,1,507
43125,497,383,514,483,526,383,514,483,512,399,530,510,1,507
43135,496,383,514,483,527,383,514,483,511,399,530,510,1,507
43145,496,383,514,484,527,383,514,484,511,399,530,509,1,507
43155,497,383,514,484,526,383,514,484,512,399,530,509,1,507
43165,498,383,513,486,525,383,513,486,512,399,529,507,1,507
43175,498,383,513,487,525,383,513,487,512,399,529,506,1,507
43185,498,384,513,486,525,384,513,486,512,401,529,507,1,507
43195,497,385,513,484,526,385,513,484,512,402,529,509,1,507
43205,496,386,514,480,527,386,514,480,511,403,530,513,1,507
43215,494,386,514,477,529,386,514,477,509,403,530,516,1,507
43225,494,386,515,477,529,386,515,477,509,403,531,516,1,507
43235,495,385,515,477,528,385,515,477,510,402,531,516,1,507
43245,496,385,515,479,527,385,515,479,511,402,531,514,1,507
43255,498,384,514,481,525,384,514,481,512,401,530,512,1,507
43265,498,384,514,481,525,384,514,481,512,401,530,512,1,507
43275,498,384,514,481,525,384,514,481,512,401,530,512,1,507
43285,498,385,514,481,525,385,514,481,512,402,530,512,1,507
43295,497,385,513,479,526,385,513,479,512,402,529,514,1,507
43305,497,384,513,479,526,384,513,479,512,401,529,514,1,507
43315,497,384,514,480,526,384,514,480,512,401,530,513,1,507
43325,497,383,514,483,526,383,514,483,512,399,530,510,1,507
43335,498,383,514,486,525,383,514,486,512,399,530,507,1,507
43345,499,383,514,490,524,383,514,490,512,399,530,503,1,507
43355,498,383,514,491,525,383,514,491,512,399,530,502,1,507
43365,498,383,513,490,525,383,513,490,512,399,529,503,1,507
43375,496,384,514,487,527,384,514,487,511,401,530,506,1,507
43385,495,385,514,483,528,385,514,483,510,402,530,510,1,507
43395,495,385,515,480,528,385,515,480,510,402,531,513,1,507
43405,496,386,515,478,527,386,515,478,511,403,531,515,1,507
43415,497,385,515,478,526,385,515,478,512,402,531,515,1,507
43425,498,384,514,479,525,384,514,479,512,401,530,514,1,507
43435,498,384,514,481,525,384,514,481,512,401,530,512,1,507
43445,498,383,515,483,525,383,515,483,512,399,531,510,1,507
43455,496,384,515,484,527,384,515,484,511,401,531,509,1,507
43465,496,384,514,483,527,384,514,483,511,401,530,510,1,507
43475,495,385,514,482,528,385,514,482,510,402,530,511,1,507
43485,494,385,514,481,529,385,514,481,509,402,530,512,1,507
43495,495,385,514,482,528,385,514,482,510,402,530,511,1,507
43505,496,385,514,481,527,385,514,481,511,402,530,512,1,507
43515,497,385,514,482,526,385,514,482,512,402,530,511,1,507
43525,498,384,514,483,525,384,514,483,512,401,530,510,1,507
43535,497,384,514,484,526,384,514,484,512,401,530,509,1,507
43545,497,384,514,484,526,384,514,484,512,401,530,509,1,507
43555,496,384,514,485,527,384,514,485,511,401,530,508,1,507
43565,496,385,514,485,527,385,514,485,511,402,530,508,1,507
43575,497,385,514,484,526,385,514,484,512,402,530,509,1,507
43585,498,385,514,483,525,385,514,483,512,402,530,510,1,507
43595,499,385,513,482,524,385,513,482,512,402,529,511,1,507
43605,499,384,513,481,524,384,513,481,512,401,529,512,1,507
43615,499,384,514,481,524,384,514,481,512,401,530,512,1,507
43625,498,384,514,481,525,384,514,481,512,401,530,512,1,507
43635,497,384,514,481,526,384,514,481,512,401,530,512,1,507
43645,496,384,515,483,527,384,515,483,511,401,531,510,1,507
43655,495,384,515,484,528,384,515,484,510,401,531,509,1,507
43665,496,384,515,486,527,384,515,486,511,401,531,507,1,507
43675,496,384,515,486,527,384,515,486,511,401,531,507,1,507
43685,496,384,515,485,527,384,515,485,511,401,531,508,1,507
49625,496,385,515,482,527,385,515,482,511,402,531,511,1,507
49626,495,604,512,482,528,604,512,482,510,623,528,511,1,507
49635,495,604,511,482,528,604,511,482,510,623,527,511,1,507
49645,495,604,511,482,528,604,511,482,510,623,527,511,1,507
49655,495,604,511,483,528,604,511,483,510,623,527,510,1,507
49665,495,603,510,482,528,603,510,482,510,622,526,511,1,507
49675,495,603,509,483,528,603,509,483,510,622,525,510,1,507
49685,495,604,510,483,528,604,510,483,510,623,526,510,1,507
49695,495,604,510,482,528,604,510,482,510,623,526,511,1,507
49705,495,604,512,482,528,604,512,482,510,623,528,511,1,507
49715,495,604,512,483,528,604,512,483,510,623,528,510,1,507
49725,495,604,512,482,528,604,512,482,510,623,528,511,1,507
49735,495,604,512,482,528,604,512,482,510,623,528,511,1,507
49745,495,604,511,482,528,604,511,482,510,623,527,511,1,507
49755,495,604,511,482,528,604,511,482,510,623,527,511,1,507
49765,495,604,511,482,528,604,511,482,510,623,527,511,1,507
49775,495,604,511,483,528,604,511,483,510,623,527,510,1,507
49785,495,604,511,482,528,604,511,482,510,623,527,511,1,507
49795,495,604,512,483,528,604,512,483,510,623,528,510,1,507
49805,495,604,512,483,528,604,512,483,510,623,528,510,1,507
49815,495,604,511,483,528,604,511,483,510,623,527,510,1,507
49825,496,603,510,483,527,603,510,483,511,622,526,510,1,507
49835,496,604,510,483,527,604,510,483,511,623,526,510,1,507
49845,496,604,510,483,527,604,510,483,511,623,526,510,1,507
49855,496,604,511,482,527,604,511,482,511,623,527,511,1,507
49865,496,604,512,483,527,604,512,483,511,623,528,510,1,507
49875,496,604,512,482,527,604,512,482,511,623,528,511,1,507
49885,495,604,512,482,528,604,512,482,510,623,528,511,1,507
49895,495,604,512,483,528,604,512,483,510,623,528,510,1,507
49905,495,604,511,483,528,604,511,483,510,623,527,510,1,507
49915,495,604,511,483,528,604,511,483,510,623,527,510,1,507
49925,495,603,511,483,528,603,511,483,510,622,527,510,1,507
49935,495,604,510,482,528,604,510,482,510,623,526,511,1,507
49945,495,604,510,483,528,604,510,483,510,623,526,510,1,507
49955,495,604,511,483,528,604,511,483,510,623,527,510,1,507
49965,495,604,511,483,528,604,511,483,510,623,527,510,1,507
49975,495,604,511,483,528,604,511,483,510,623,527,510,1,507
49985,495,604,511,483,528,604,511,483,510,623,527,510,1,507
49995,495,604,511,482,528,604,511,482,510,623,527,511,1,507
50005,495,604,511,483,528,604,511,483,510,623,527,510,1,507
50015,495,604,511,483,528,604,511,483,510,623,527,510,1,507
50025,495,604,511,483,528,604,511,483,510,623,527,510,1,507
50035,495,604,511,483,528,604,511,483,510,623,527,510,1,507
50045,495,604,511,483,528,604,511,483,510,623,527,510,1,507
50055,495,604,511,483,528,604,511,483,510,623,527,510,1,507
50065,495,604,510,482,528,604,510,482,510,623,526,511,1,507
50075,495,603,510,482,528,603,510,482,510,622,526,511,1,507
50085,495,603,509,482,528,603,509,482,510,622,525,511,1,507
50095,495,603,510,482,528,603,510,482,510,622,526,511,1,507
50105,495,603,511,483,528,603,511,483,510,622,527,510,1,507
50115,495,604,512,483,528,604,512,483,510,623,528,510,1,507
50125,495,604,512,483,528,604,512,483,510,623,528,510,1,507
50135,495,604,513,483,528,604,513,483,510,623,529,510,1,507
50145,495,604,513,482,528,604,513,482,510,623,529,511,1,507
50155,495,604,512,482,528,604,512,482,510,623,528,511,1,507
50165,495,604,512,483,528,604,512,483,510,623,528,510,1,507
50175,495,604,511,482,528,604,511,482,510,623,527,511,1,507
50185,495,603,511,483,528,603,511,483,510,622,527,510,1,507
50195,495,604,511,483,528,604,511,483,510,623,527,510,1,507
50205,495,604,511,482,528,604,511,482,510,623,527,511,1,507
50215,496,604,511,483,527,604,511,483,511,623,527,510,1,507
50225,495,604,512,483,528,604,512,483,510,623,528,510,1,507
50235,495,604,511,483,528,604,511,483,510,623,527,510,1,507
50245,495,604,512,483,528,604,512,483,510,623,528,510,1,507
50255,495,604,512,482,528,604,512,482,510,623,528,511,1,507
50265,495,604,511,483,528,604,511,483,510,623,527,510,1,507
50275,495,604,511,483,528,604,511,483,510,623,527,510,1,507
50285,495,603,510,483,528,603,510,483,510,622,526,510,1,507
50295,495,604,510,482,528,604,510,482,510,623,526,511,1,507
50305,495,604,511,483,528,604,511,483,510,623,527,510,1,507
50315,495,604,511,483,528,604,511,483,510,623,527,510,1,507
50325,495,604,511,483,528,604,511,483,510,623,527,510,1,507
50335,495,604,512,483,528,604,512,483,510,623,528,510,1,507
50345,495,604,512,482,528,604,512,482,510,623,528,511,1,507
50355,495,604,512,482,528,604,512,482,510,623,528,511,1,507
50365,495,604,512,482,528,604,512,482,510,623,528,511,1,507
50375,495,604,511,483,528,604,511,483,510,623,527,510,1,507
50385,495,603,510,482,528,603,510,482,510,622,526,511,1,507
50395,496,603,510,482,527,603,510,482,511,622,526,511,1,507
50405,495,604,510,483,528,604,510,483,510,623,526,510,1,507
50415,495,604,511,483,528,604,511,483,510,623,527,510,1,507
50425,495,604,512,483,528,604,512,483,510,623,528,510,1,507
50435,495,604,512,483,528,604,512,483,510,623,528,510,1,507
50445,495,604,512,483,528,604,512,483,510,623,528,510,1,507
50455,496,604,511,483,527,604,511,483,511,623,527,510,1,507
50465,496,604,511,483,527,604,511,483,511,623,527,510,1,507
50475,496,603,510,483,527,603,510,483,511,622,526,510,1,507
50485,496,603,511,482,527,603,511,482,511,622,527,511,1,507
50495,495,604,511,483,528,604,511,483,510,623,527,510,1,507
50505,495,604,511,483,528,604,511,483,510,623,527,510,1,507
50515,495,604,512,483,528,604,512,483,510,623,528,510,1,507
50525,495,604,512,483,528,604,512,483,510,623,528,510,1,507
50535,495,604,511,483,528,604,511,483,510,623,527,510,1,507
50545,495,604,511,482,528,604,511,482,510,623,527,511,1,507
50555,495,603,510,483,528,603,510,483,510,622,526,510,1,507
50565,496,603,510,483,527,603,510,483,511,622,526,510,1,507
50575,496,603,510,482,527,603,510,482,511,622,526,511,1,507
50585,496,604,511,482,527,604,511,482,511,623,527,511,1,507
50595,495,604,512,482,528,604,512,482,510,623,528,511,1,507
50605,495,604,512,482,528,604,512,482,510,623,528,511,1,507
50615,495,604,513,483,528,604,513,483,510,623,529,510,1,507
50625,495,604,512,482,528,604,512,482,510,623,528,511,1,507
50635,495,603,511,482,528,603,511,482,510,622,527,511,1,507
50645,495,603,511,483,528,603,511,483,510,622,527,510,1,507
50655,495,604,510,482,528,604,510,482,510,623,526,511,1,507
50665,495,603,510,483,528,603,510,483,510,622,526,510,1,507
50675,495,604,511,483,528,604,511,483,510,623,527,510,1,507
50685,495,604,512,483,528,604,512,483,510,623,528,510,1,507
50695,495,604,512,483,528,604,512,483,510,623,528,510,1,507
50705,495,604,512,483,528,604,512,483,510,623,528,510,1,507
50715,495,604,511,483,528,604,511,483,510,623,527,510,1,507
50725,495,603,510,483,528,603,510,483,510,622,526,510,1,507
50735,495,603,510,483,528,603,510,483,510,622,526,510,1,507
50745,495,604,510,483,528,604,510,483,510,623,526,510,1,507
50755,495,604,510,483,528,604,510,483,510,623,526,510,1,507
50765,495,604,511,483,528,604,511,483,510,623,527,510,1,507
50775,495,604,512,483,528,604,512,483,510,623,528,510,1,507
50785,495,604,512,483,528,604,512,483,510,623,528,510,1,507
50795,495,604,512,483,528,604,512,483,510,623,528,510,1,507
50805,495,604,511,482,528,604,511,482,510,623,527,511,1,507
50815,495,604,511,483,528,604,511,483,510,623,527,510,1,507
50825,495,604,510,483,528,604,510,483,510,623,526,510,1,507
50835,495,604,510,482,528,604,510,482,510,623,526,511,1,507
50845,495,604,511,482,528,604,511,482,510,623,527,511,1,507
50855,495,604,511,482,528,604,511,482,510,623,527,511,1,507
50865,495,604,510,482,528,604,510,482,510,623,526,511,1,507
50875,495,604,511,483,528,604,511,483,510,623,527,510,1,507
50885,495,604,511,483,528,604,511,483,510,623,527,510,1,507
50895,495,604,511,483,528,604,511,483,510,623,527,510,1,507
50905,495,604,512,483,528,604,512,483,510,623,528,510,1,507
50915,495,604,512,483,528,604,512,483,510,623,528,510,1,507
50925,496,604,512,483,527,604,512,483,511,623,528,510,1,507
50935,496,604,511,483,527,604,511,483,511,623,527,510,1,507
50945,495,604,511,483,528,604,511,483,510,623,527,510,1,507
50955,495,604,511,482,528,604,511,482,510,623,527,511,1,507
50965,495,604,512,483,528,604,512,483,510,623,528,510,1,507
50975,495,604,512,483,528,604,512,483,510,623,528,510,1,507
50985,494,604,511,482,529,604,511,482,509,623,527,511,1,507
50995,495,604,511,483,528,604,511,483,510,623,527,510,1,507
51005,495,603,510,483,528,603,510,483,510,622,526,510,1,507
51015,495,604,510,483,528,604,510,483,510,623,526,510,1,507
51025,495,603,510,482,528,603,510,482,510,622,526,511,1,507
51035,495,604,511,482,528,604,511,482,510,623,527,511,1,507
51045,495,604,511,483,528,604,511,483,510,623,527,510,1,507
51055,495,604,511,482,528,604,511,482,510,623,527,511,1,507
51065,495,604,511,483,528,604,511,483,510,623,527,510,1,507
51075,495,604,511,482,528,604,511,482,510,623,527,511,1,507
51085,495,603,510,483,528,603,510,483,510,622,526,510,1,507
51095,495,603,510,483,528,603,510,483,510,622,526,510,1,507
51105,495,604,510,483,528,604,510,483,510,623,526,510,1,507
51115,495,604,510,483,528,604,510,483,510,623,526,510,1,507
51125,495,604,511,483,528,604,511,483,510,623,527,510,1,507
51135,495,604,511,483,528,604,511,483,510,623,527,510,1,507
51145,495,604,512,483,528,604,512,483,510,623,528,510,1,507
51155,495,604,512,483,528,604,512,483,510,623,528,510,1,507
51165,495,604,512,483,528,604,512,483,510,623,528,510,1,507
51175,495,604,511,482,528,604,511,482,510,623,527,511,1,507
51185,495,603,510,483,528,603,510,483,510,622,526,510,1,507
51195,495,603,510,483,528,603,510,483,510,622,526,510,1,507
51205,496,604,510,482,527,604,510,482,511,623,526,511,1,507
51215,496,604,510,483,527,604,510,483,511,623,526,510,1,507
51225,496,604,511,483,527,604,511,483,511,623,527,510,1,507
51235,495,604,512,483,528,604,512,483,510,623,528,510,1,507
51245,495,604,511,483,528,604,511,483,510,623,527,510,1,507
51255,495,604,511,483,528,604,511,483,510,623,527,510,1,507
51265,495,604,511,483,528,604,511,483,510,623,527,510,1,507
51275,495,604,511,483,528,604,511,483,510,623,527,510,1,507
51285,495,604,510,482,528,604,510,482,510,623,526,511,1,507
51295,495,603,510,482,528,603,510,482,510,622,526,511,1,507
51305,495,604,510,483,528,604,510,483,510,623,526,510,1,507
51315,495,604,510,483,528,604,510,483,510,623,526,510,1,507
51325,495,604,511,483,528,604,511,483,510,623,527,510,1,507
51335,495,604,511,483,528,604,511,483,510,623,527,510,1,507
51345,495,604,511,483,528,604,511,483,510,623,527,510,1,507
51355,495,604,512,483,528,604,512,483,510,623,528,510,1,507
51365,495,604,512,483,528,604,512,483,510,623,528,510,1,507
51375,495,604,512,483,528,604,512,483,510,623,528,510,1,507
51385,495,604,511,483,528,604,511,483,510,623,527,510,1,507
51395,496,604,511,482,527,604,511,482,511,623,527,511,1,507
51405,496,604,511,483,527,604,511,483,511,623,527,510,1,507
51415,497,604,510,482,526,604,510,482,512,623,526,511,1,507
51425,497,604,511,482,526,604,511,482,512,623,527,511,1,507
51435,496,604,511,482,527,604,511,482,511,623,527,511,1,507
51445,495,604,511,483,528,604,511,483,510,623,527,510,1,507
51455,494,604,511,483,529,604,511,483,509,623,527,510,1,507
51465,494,604,510,482,529,604,510,482,509,623,526,511,1,507
51475,494,604,510,483,529,604,510,483,509,623,526,510,1,507
51485,494,604,509,483,529,604,509,483,509,623,525,510,1,507
51495,494,604,510,482,529,604,510,482,509,623,526,511,1,507
51505,495,604,510,482,528,604,510,482,510,623,526,511,1,507
51515,495,604,511,483,528,604,511,483,510,623,527,510,1,507
51525,495,604,511,483,528,604,511,483,510,623,527,510,1,507
51535,495,604,512,483,528,604,512,483,510,623,528,510,1,507
51545,495,604,512,483,528,604,512,483,510,623,528,510,1,507
51555,495,604,511,483,528,604,511,483,510,623,527,510,1,507
51565,495,604,511,483,528,604,511,483,510,623,527,510,1,507
51575,495,604,511,483,528,604,511,483,510,623,527,510,1,507
51585,495,604,510,483,528,604,510,483,510,623,526,510,1,507
51595,495,604,510,482,528,604,510,482,510,623,526,511,1,507
51605,495,604,511,483,528,604,511,483,510,623,527,510,1,507
51615,495,604,511,483,528,604,511,483,510,623,527,510,1,507
51625,495,604,511,483,528,604,511,483,510,623,527,510,1,507
51635,495,604,511,483,528,604,511,483,510,623,527,510,1,507
51645,495,604,511,483,528,604,511,483,510,623,527,510,1,507
51655,495,603,510,483,528,603,510,483,510,622,526,510,1,507
51665,495,604,510,483,528,604,510,483,510,623,526,510,1,507
51675,495,604,510,483,528,604,510,483,510,623,526,510,1,507
51685,495,604,510,483,528,604,510,483,510,623,526,510,1,507
51695,495,604,510,483,528,604,510,483,510,623,526,510,1,507
51705,495,604,511,482,528,604,511,482,510,623,527,511,1,507
51715,495,604,511,483,528,604,511,483,510,623,527,510,1,507
51725,495,604,512,483,528,604,512,483,510,623,528,510,1,507
51735,495,604,511,482,528,604,511,482,510,623,527,511,1,507
51745,495,604,511,483,528,604,511,483,510,623,527,510,1,507
51755,495,604,510,483,528,604,510,483,510,623,526,510,1,507
51765,495,603,510,483,528,603,510,483,510,622,526,510,1,507
51775,495,604,510,483,528,604,510,483,510,623,526,510,1,507
51785,495,604,510,483,528,604,510,483,510,623,526,510,1,507
51795,496,604,511,482,527,604,511,482,511,623,527,511,1,507
51805,496,604,511,483,527,604,511,483,511,623,527,510,1,507
51815,496,604,511,483,527,604,511,483,511,623,527,510,1,507
51825,496,604,511,483,527,604,511,483,511,623,527,510,1,507
51835,495,604,510,483,528,604,510,483,510,623,526,510,1,507
51845,495,603,510,483,528,603,510,483,510,622,526,510,1,507
51855,494,604,510,483,529,604,510,483,509,623,526,510,1,507
51865,494,603,510,482,529,603,510,482,509,622,526,511,1,507
51875,495,604,510,483,528,604,510,483,510,623,526,510,1,507
51885,495,604,510,483,528,604,510,483,510,623,526,510,1,507
51895,495,604,511,483,528,604,511,483,510,623,527,510,1,507
51905,495,604,512,483,528,604,512,483,510,623,528,510,1,507
51915,495,604,511,483,528,604,511,483,510,623,527,510,1,507
51925,495,604,511,483,528,604,511,483,510,623,527,510,1,507
51935,495,604,510,483,528,604,510,483,510,623,526,510,1,507
51945,495,604,510,483,528,604,510,483,510,623,526,510,1,507
51955,495,603,510,483,528,603,510,483,510,622,526,510,1,507
51965,495,604,510,483,528,604,510,483,510,623,526,510,1,507
51975,495,604,510,483,528,604,510,483,510,623,526,510,1,507
51985,495,604,511,482,528,604,511,482,510,623,527,511,1,507
51995,495,604,512,482,528,604,512,482,510,623,528,511,1,507
52005,495,604,512,483,528,604,512,483,510,623,528,510,1,507
52015,495,604,511,483,528,604,511,483,510,623,527,510,1,507
52025,495,604,511,483,528,604,511,483,510,623,527,510,1,507
52035,495,604,510,483,528,604,510,483,510,623,526,510,1,507
52045,495,603,510,483,528,603,510,483,510,622,526,510,1,507
52055,495,604,510,483,528,604,510,483,510,623,526,510,1,507
52065,495,604,510,482,528,604,510,482,510,623,526,511,1,507
52075,495,604,511,483,528,604,511,483,510,623,527,510,1,507
52085,495,604,512,483,528,604,512,483,510,623,528,510,1,507
52095,495,604,511,483,528,604,511,483,510,623,527,510,1,507
52105,495,604,511,483,528,604,511,483,510,623,527,510,1,507
52115,495,604,510,483,528,604,510,483,510,623,526,510,1,507
52125,496,604,510,483,527,604,510,483,511,623,526,510,1,507
63290,496,604,510,483,527,604,510,483,511,623,526,538,1,507
63292,496,506,397,480,527,506,397,480,511,524,410,538,1,507
63295,496,506,397,477,527,506,397,477,511,524,410,538,1,507
63305,496,504,396,477,527,504,396,477,511,522,409,538,1,507
63315,496,501,396,480,527,501,396,480,511,519,409,538,1,507
63325,496,499,396,483,527,499,396,483,511,517,409,538,1,507
63335,496,498,396,488,527,498,396,488,511,515,409,538,1,507
63345,496,498,396,491,527,498,396,491,511,515,409,538,1,507
63355,498,499,396,491,525,499,396,491,512,517,409,538,1,507
63365,498,502,396,490,525,502,396,490,512,520,409,538,1,507
63375,499,504,396,485,524,504,396,485,512,522,409,538,1,507
63385,499,506,395,480,524,506,395,480,512,524,408,538,1,507
63395,499,506,393,476,524,506,393,476,512,524,406,538,1,507
63405,499,505,391,476,524,505,391,476,512,523,404,538,1,507
63415,498,503,391,477,525,503,391,477,512,521,404,538,1,507
63425,497,502,391,480,526,502,391,480,512,520,404,538,1,507
63435,497,502,392,482,526,502,392,482,512,520,405,538,1,507
63445,496,502,394,482,527,502,394,482,511,520,407,538,1,507
63455,496,503,397,481,527,503,397,481,511,521,410,538,1,507
63465,495,504,400,479,528,504,400,479,510,522,413,538,1,507
63475,494,504,401,476,529,504,401,476,509,522,414,538,1,507
63485,493,503,401,473,530,503,401,473,508,521,414,538,1,507
63495,492,502,399,472,531,502,399,472,507,520,412,538,1,507
63505,492,500,396,472,531,500,396,472,507,518,409,538,1,507
63515,492,498,392,475,531,498,392,475,507,515,405,538,1,507
63525,492,497,388,480,531,497,388,480,507,514,401,538,1,507
63535,492,497,387,486,531,497,387,486,507,514,399,538,1,507
63545,493,498,388,490,530,498,388,490,508,515,401,538,1,507
63555,493,500,389,492,530,500,389,492,508,518,402,538,1,507
63565,494,502,392,491,529,502,392,491,509,520,405,538,1,507
63575,495,506,395,488,528,506,395,488,510,524,408,538,1,507
63585,496,510,398,480,527,510,398,480,511,528,411,538,1,507
63596,497,513,399,470,526,513,399,470,512,531,412,549,1,507
63605,497,515,399,458,526,515,399,458,512,533,412,561,1,507
63615,497,512,398,451,526,512,398,451,512,530,411,568,1,507
63625,494,502,393,459,529,502,393,459,509,520,406,560,1,507
63635,493,495,387,472,530,495,387,472,508,512,399,547,1,507
63645,492,494,381,483,531,494,381,483,507,512,393,536,1,507
63655,493,498,379,486,530,498,379,486,508,515,391,533,1,507
63665,495,503,381,483,528,503,381,483,510,521,393,536,1,507
63675,497,508,386,475,526,508,386,475,512,526,399,544,1,507
63685,498,511,393,466,525,511,393,466,512,529,406,553,1,507
63695,498,511,401,460,525,511,401,460,512,529,414,559,1,507
63705,497,509,408,456,526,509,408,456,512,527,421,563,1,507
63715,496,507,412,454,527,507,412,454,511,525,425,565,1,507
63725,495,505,414,453,528,505,414,453,510,523,428,566,1,507
63735,494,503,413,452,529,503,413,452,509,521,427,567,1,507
63745,493,500,408,454,530,500,408,454,508,518,421,565,1,507
63755,492,495,398,461,531,495,398,461,507,512,411,558,1,507
63765,492,490,388,472,531,490,388,472,507,509,401,547,1,507
63775,492,491,386,480,531,491,386,480,507,510,399,539,1,507
63785,493,495,388,483,530,495,388,483,508,512,401,536,1,507
63795,497,502,394,476,526,502,394,476,512,520,407,543,1,507
63805,500,507,396,468,523,507,396,468,513,525,409,551,1,507
63815,501,509,393,462,522,509,393,462,514,527,406,557,1,507
63825,500,511,388,455,523,511,388,455,513,529,401,564,1,507
63835,500,512,387,447,523,512,387,447,513,530,399,572,1,507
63845,500,512,389,439,523,512,389,439,513,530,402,580,1,507
63855,499,509,390,436,524,509,390,436,512,527,403,583,1,507
63865,499,500,393,446,524,500,393,446,512,518,406,573,1,507
63875,500,496,399,459,523,496,399,459,513,513,412,560,1,507
63885,502,498,404,467,521,498,404,467,515,515,417,552,1,507
63895,504,504,406,465,519,504,406,465,517,522,419,554,1,507
63905,503,507,404,458,520,507,404,458,516,525,417,561,1,507
63915,499,506,396,454,524,506,396,454,512,524,409,565,1,507
63925,496,504,386,454,527,504,386,454,511,522,399,565,1,507
63935,494,504,381,451,529,504,381,451,509,522,393,568,1,507
63945,492,505,383,446,531,505,383,446,507,523,395,573,1,507
63955,491,506,388,440,532,506,388,440,505,524,401,579,1,507
63965,490,505,394,437,533,505,394,437,504,523,407,582,1,507
63975,491,504,399,436,532,504,399,436,505,522,412,583,1,507
63985,493,503,402,437,530,503,402,437,508,521,415,582,1,507
63995,496,504,401,440,527,504,401,440,511,522,414,579,1,507
64005,498,504,393,442,525,504,393,442,512,522,406,577,1,507
64015,499,505,385,444,524,505,385,444,512,523,398,575,1,507
64025,499,503,383,447,524,503,383,447,512,521,395,572,1,507
64035,498,500,388,453,525,500,388,453,512,518,401,566,1,507
64045,496,499,394,459,527,499,394,459,511,517,407,560,1,507
64055,495,499,401,462,528,499,401,462,510,517,414,557,1,507
64065,495,503,402,460,528,503,402,460,510,521,415,559,1,507
64075,496,506,401,454,527,506,401,454,511,524,414,565,1,507
64085,496,508,399,448,527,508,399,448,511,526,412,571,1,507
64095,495,508,396,443,528,508,396,443,510,526,409,576,1,507
64106,494,507,393,440,529,507,393,440,509,525,406,579,1,507
64115,493,505,393,439,530,505,393,439,508,523,406,580,1,507
64125,493,504,395,438,530,504,395,438,508,522,408,581,1,507
64135,494,503,398,438,529,503,398,438,509,521,411,581,1,507
64145,494,504,399,435,529,504,399,435,509,522,412,584,1,507
64155,496,506,398,430,527,506,398,430,511,524,411,589,1,507
64165,497,507,394,424,526,507,394,424,512,525,407,595,1,507
64175,499,506,390,420,524,506,390,420,512,524,403,599,1,507
64186,500,506,387,419,523,506,387,419,513,524,399,600,1,507
64195,501,504,385,422,522,504,385,422,514,522,398,597,1,507
64206,501,502,387,425,522,502,387,425,514,520,399,594,1,507
64216,499,500,392,430,524,500,392,430,512,518,405,589,1,507
64225,498,500,397,434,525,500,397,434,512,518,410,585,1,507
64235,496,502,401,434,527,502,401,434,511,520,414,585,1,507
64245,495,503,402,433,528,503,402,433,510,521,415,586,1,507
64255,495,505,401,430,528,505,401,430,510,523,414,589,1,507
64265,495,506,396,426,528,506,396,426,510,524,409,593,1,507
64275,494,507,391,420,529,507,391,420,509,525,404,599,1,507
64285,494,506,389,415,529,506,389,415,509,524,402,604,1,507
64296,495,505,389,413,528,505,389,413,510,523,402,606,1,507
64305,496,503,393,412,527,503,393,412,511,521,406,607,1,507
64315,497,501,397,414,526,501,397,414,512,519,410,605,1,507
64325,498,501,401,416,525,501,401,416,512,519,414,603,1,507
64335,498,501,400,415,525,501,400,415,512,519,413,604,1,507
64345,498,502,396,414,525,502,396,414,512,520,409,605,1,507
64355,498,502,390,412,525,502,390,412,512,520,403,607,1,507
64365,498,503,386,412,525,503,386,412,512,521,399,607,1,507
64375,498,503,386,412,525,503,386,412,512,521,399,607,1,507
64385,498,503,390,415,525,503,390,415,512,521,403,604,1,507
64395,499,502,396,418,524,502,396,418,512,520,409,601,1,507
64405,499,502,403,422,524,502,403,422,512,520,416,597,1,507
64415,499,502,407,424,524,502,407,424,512,520,420,595,1,507
64425,499,502,406,424,524,502,406,424,512,520,419,595,1,507
64435,499,502,401,423,524,502,401,423,512,520,414,596,1,507
64445,499,502,396,421,524,502,396,421,512,520,409,598,1,507
64455,498,502,392,418,525,502,392,418,512,520,405,601,1,507
64465,498,502,388,415,525,502,388,415,512,520,401,604,1,507
64475,498,501,388,412,525,501,388,412,512,519,401,607,1,507
64485,498,500,392,410,525,500,392,410,512,518,405,609,1,507
64495,499,499,396,409,524,499,396,409,512,517,409,610,1,507
64505,499,498,399,411,524,498,399,411,512,515,412,608,1,507
64515,499,498,400,414,524,498,400,414,512,515,413,605,1,507
64525,498,498,400,416,525,498,400,416,512,515,413,603,1,507
64535,497,498,398,416,526,498,398,416,512,515,411,603,1,507
64545,496,498,393,415,527,498,393,415,511,515,406,604,1,507
64555,496,498,388,412,527,498,388,412,511,515,401,607,1,507
64565,497,497,387,408,526,497,387,408,512,514,399,611,1,507
64575,497,495,391,406,526,495,391,406,512,512,404,613,1,507
64585,498,495,396,405,525,495,396,405,512,512,409,614,1,507
64595,498,495,399,407,525,495,399,407,512,512,412,612,1,507
64605,498,496,400,409,525,496,400,409,512,513,413,610,1,507
64615,498,498,399,412,525,498,399,412,512,515,412,607,1,507
64625,498,499,396,415,525,499,396,415,512,517,409,604,1,507
64635,498,498,394,416,525,498,394,416,512,515,407,603,1,507
64645,499,498,393,415,524,498,393,415,512,515,406,604,1,507
64655,499,496,394,413,524,496,394,413,512,513,407,606,1,507
64665,499,496,396,408,524,496,396,408,512,513,409,611,1,507
64676,498,494,398,403,525,494,398,403,512,512,411,616,1,507
64685,497,493,401,400,526,493,401,400,512,512,414,619,1,507
64696,496,494,401,398,527,494,401,398,511,512,414,621,1,507
64706,494,494,400,398,529,494,400,398,509,512,413,621,1,507
64715,493,494,395,401,530,494,395,401,508,512,408,618,1,507
64726,493,493,388,406,530,493,388,406,508,512,401,613,1,507
64736,495,494,382,412,528,494,382,412,510,512,394,607,1,507
64746,496,494,385,419,527,494,385,419,511,512,398,600,1,507
64756,498,494,392,424,525,494,392,424,512,512,405,595,1,507
64765,500,495,400,426,523,495,400,426,513,512,413,593,1,507
64775,500,495,403,426,523,495,403,426,513,512,416,593,1,507
64785,499,496,401,424,524,496,401,424,512,513,414,595,1,507
64795,498,496,399,423,525,496,399,423,512,513,412,596,1,507
64805,496,495,395,423,527,495,395,423,511,512,408,596,1,507
64815,495,494,389,424,528,494,389,424,510,512,402,595,1,507
64826,496,494,383,426,527,494,383,426,511,512,395,593,1,507
64835,497,494,383,428,526,494,383,428,512,512,395,591,1,507
64846,498,494,389,430,525,494,389,430,512,512,402,589,1,507
64855,499,496,396,431,524,496,396,431,512,513,409,588,1,507
64865,499,496,399,431,524,496,399,431,512,513,412,588,1,507
64875,499,497,400,429,524,497,400,429,512,514,413,590,1,507
64885,499,497,398,427,524,497,398,427,512,514,411,592,1,507
64896,498,496,394,424,525,496,394,424,512,513,407,595,1,507
64905,498,496,390,422,525,496,390,422,512,513,403,597,1,507
64915,498,496,387,421,525,496,387,421,512,513,399,598,1,507
64926,498,495,387,421,525,495,387,421,512,512,399,598,1,507
64936,498,494,389,424,525,494,389,424,512,512,402,595,1,507
64945,499,495,393,427,524,495,393,427,512,512,406,592,1,507
64955,499,494,397,427,524,494,397,427,512,512,410,592,1,507
64965,500,495,398,426,523,495,398,426,513,512,411,593,1,507
64975,499,496,398,423,524,496,398,423,512,513,411,596,1,507
64985,500,497,397,416,523,497,397,416,513,514,410,603,1,507
64996,498,495,391,412,525,495,391,412,512,512,404,607,1,507
65005,496,494,386,411,527,494,386,411,511,512,399,608,1,507
65015,494,492,385,414,529,492,385,414,509,511,398,605,1,507
65025,494,491,387,421,529,491,387,421,509,510,399,598,1,507
65035,496,492,394,429,527,492,394,429,511,511,407,590,1,507
65045,496,493,401,436,527,493,401,436,511,512,414,583,1,507
65055,496,495,406,443,527,495,406,443,511,512,419,576,1,507
65065,496,496,408,447,527,496,408,447,511,513,421,572,1,507
65075,495,497,407,449,528,497,407,449,510,514,420,570,1,507
65085,494,497,403,448,529,497,403,448,509,514,416,571,1,507
65095,494,497,397,448,529,497,397,448,509,514,410,571,1,507
65105,497,499,397,443,526,499,397,443,512,517,410,576,1,507
65115,497,496,394,444,526,496,394,444,512,513,407,575,1,507
65125,498,494,394,447,525,494,394,447,512,512,407,572,1,507
65136,499,495,397,445,524,495,397,445,512,512,410,574,1,507
65146,498,495,397,442,525,495,397,442,512,512,410,577,1,507
65155,496,495,395,439,527,495,395,439,511,512,408,580,1,507
65166,496,496,391,436,527,496,391,436,511,513,404,583,1,507
65176,496,496,387,433,527,496,387,433,511,513,399,586,1,507
65185,498,496,385,435,525,496,385,435,512,513,398,584,1,507
65196,500,496,388,438,523,496,388,438,513,513,401,581,1,507
65206,500,496,392,441,523,496,392,441,513,513,405,578,1,507
65215,499,496,394,443,524,496,394,443,512,513,407,576,1,507
65226,497,496,394,445,526,496,394,445,512,513,407,574,1,507
65236,495,496,393,444,528,496,393,444,510,513,406,575,1,507
65246,493,496,391,441,530,496,391,441,508,513,404,578,1,507
65255,491,496,390,437,532,496,390,437,505,513,403,582,1,507
65266,493,497,393,430,530,497,393,430,508,514,406,589,1,507
65276,494,495,393,426,529,495,393,426,509,512,406,593,1,507
65285,497,494,392,425,526,494,392,425,512,512,405,594,1,507
65296,500,493,392,428,523,493,392,428,513,512,405,591,1,507
65306,500,494,393,430,523,494,393,430,513,512,406,589,1,507
65315,500,494,393,431,523,494,393,431,513,512,406,588,1,507
65326,499,495,393,430,524,495,393,430,512,512,406,589,1,507
65335,497,496,392,426,526,496,392,426,512,513,405,593,1,507
65345,495,496,392,421,528,496,392,421,510,513,405,598,1,507
65356,495,496,391,416,528,496,391,416,510,513,404,603,1,507
65366,496,497,393,410,527,497,393,410,511,514,406,609,1,507
65376,498,495,391,412,525,495,391,412,512,512,404,607,1,507
65385,500,494,392,414,523,494,392,414,513,512,405,605,1,507
65396,502,494,393,417,521,494,393,417,515,512,406,602,1,507
65406,501,494,394,417,522,494,394,417,514,512,407,602,1,507
65415,499,495,394,415,524,495,394,415,512,512,407,604,1,507
65425,497,496,396,412,526,496,396,412,512,513,409,607,1,507
65435,494,497,400,408,529,497,400,408,509,514,413,611,1,507
65445,492,496,399,411,531,496,399,411,507,513,412,608,1,507
65455,494,495,397,417,529,495,397,417,509,512,410,602,1,507
65465,497,493,394,425,526,493,394,425,512,512,407,594,1,507
65475,501,493,394,431,522,493,394,431,514,512,407,588,1,507
65486,503,493,396,434,520,493,396,434,516,512,409,585,1,507
65496,505,494,401,433,518,494,401,433,519,512,414,586,1,507
65506,502,493,400,429,521,493,400,429,515,512,413,590,1,507
65516,498,493,397,424,525,493,397,424,512,512,410,595,1,507
65526,496,493,393,422,527,493,393,422,511,512,406,597,1,507
65536,497,494,391,417,526,494,391,417,512,512,404,602,1,507
65546,498,493,388,417,525,493,388,417,512,512,401,602,1,507
65556,500,493,387,420,523,493,387,420,513,512,399,599,1,507
65565,502,492,390,425,521,492,390,425,515,511,403,594,1,507
65576,502,492,395,431,521,492,395,431,515,511,408,588,1,507
65586,501,493,397,437,522,493,397,437,514,512,410,582,1,507
65595,499,494,398,441,524,494,398,441,512,512,411,578,1,507
65606,497,494,396,442,526,494,396,442,512,512,409,577,1,507
65616,497,494,394,439,526,494,394,439,512,512,407,580,1,507
65626,498,494,393,435,525,494,393,435,512,512,406,584,1,507
65636,500,494,392,431,523,494,392,431,513,512,405,588,1,507
65645,504,494,393,430,519,494,393,430,517,512,406,589,1,507
65656,506,493,392,432,517,493,392,432,520,512,405,587,1,507
65666,507,493,394,436,516,493,394,436,521,512,407,583,1,507
65676,507,495,395,441,516,495,395,441,521,512,408,578,1,507
65685,505,495,393,444,518,495,393,444,519,512,406,575,1,507
65696,502,496,392,445,521,496,392,445,515,513,405,574,1,507
65706,500,495,393,445,523,495,393,445,513,512,406,574,1,507
65715,499,495,394,444,524,495,394,444,512,512,407,575,1,507
65725,501,494,394,445,522,494,394,445,514,512,407,574,1,507
65736,504,495,394,447,519,495,394,447,517,512,407,572,1,507
65746,506,495,394,450,517,495,394,450,520,512,407,569,1,507
65756,508,495,397,454,515,495,397,454,522,512,410,565,1,507
65766,508,495,398,456,515,495,398,456,522,512,411,563,1,507
65776,506,494,398,456,517,494,398,456,520,512,411,563,1,507
65786,503,494,396,453,520,494,396,453,516,512,409,566,1,507
65796,500,495,394,449,523,495,394,449,513,512,407,570,1,507
65806,499,494,392,447,524,494,392,447,512,512,405,572,1,507
65816,499,494,390,447,524,494,390,447,512,512,403,572,1,507
65825,501,494,390,448,522,494,390,448,514,512,403,571,1,507
65836,504,493,391,451,519,493,391,451,517,512,404,568,1,507
65846,506,493,394,452,517,493,394,452,520,512,407,567,1,507
65856,507,493,397,454,516,493,397,454,521,512,410,565,1,507
65866,507,494,399,454,516,494,399,454,521,512,412,565,1,507
65875,505,495,398,453,518,495,398,453,519,512,411,566,1,507
65886,502,495,396,452,521,495,396,452,515,512,409,567,1,507
65896,499,496,394,452,524,496,394,452,512,513,407,567,1,507
65906,498,496,393,452,525,496,393,452,512,513,406,567,1,507
65916,500,496,391,452,523,496,391,452,513,513,404,567,1,507
65926,504,496,391,452,519,496,391,452,517,513,404,567,1,507
65936,508,496,394,454,515,496,394,454,522,513,407,565,1,507
65946,510,495,399,455,513,495,399,455,524,512,412,564,1,507
65956,510,495,400,457,513,495,400,457,524,512,413,562,1,507
65966,507,495,398,457,516,495,398,457,521,512,411,562,1,507
65975,504,495,394,453,519,495,394,453,517,512,407,566,1,507
65986,500,495,391,448,523,495,391,448,513,512,404,571,1,507
65996,498,495,391,441,525,495,391,441,512,512,404,578,1,507
66006,498,495,392,439,525,495,392,439,512,512,405,580,1,507
66016,503,495,389,437,520,495,389,437,516,512,402,582,1,507
66026,507,496,388,437,516,496,388,437,521,513,401,582,1,507
66036,510,497,392,440,513,497,392,440,524,514,405,579,1,507
66046,512,498,397,441,511,498,397,441,526,515,410,578,1,507
66056,510,498,399,441,513,498,399,441,524,515,412,578,1,507
66066,507,499,397,438,516,499,397,438,521,517,410,581,1,507
66076,502,500,395,438,521,500,395,438,515,518,408,581,1,507
66086,500,499,395,437,523,499,395,437,513,517,408,582,1,507
66096,500,497,392,437,523,497,392,437,513,514,405,582,1,507
66106,502,497,392,442,521,497,392,442,515,514,405,577,1,507
66116,504,497,391,444,519,497,391,444,517,514,404,575,1,507
66126,507,497,394,449,516,497,394,449,521,514,407,570,1,507
66136,508,496,397,450,515,496,397,450,522,513,410,569,1,507
66146,507,496,398,453,516,496,398,453,521,513,411,566,1,507
66156,505,496,398,452,518,496,398,452,519,513,411,567,1,507
66166,502,496,395,448,521,496,395,448,515,513,408,571,1,507
66176,498,497,392,445,525,497,392,445,512,514,405,574,1,507
66186,497,497,391,447,526,497,391,447,512,514,404,572,1,507
66196,500,496,390,448,523,496,390,448,513,513,403,571,1,507
66206,503,495,390,450,520,495,390,450,516,512,403,569,1,507
66216,505,495,392,454,518,495,392,454,519,512,405,565,1,507
66226,507,496,396,458,516,496,396,458,521,513,409,561,1,507
66236,506,496,398,463,517,496,398,463,520,513,411,556,1,507
66246,505,496,399,466,518,496,399,466,519,513,412,553,1,507
66256,502,496,397,465,521,496,397,465,515,513,410,554,1,507
66266,500,497,395,464,523,497,395,464,513,514,408,555,1,507
66276,500,498,395,463,523,498,395,463,513,515,408,556,1,507
66286,502,498,394,466,521,498,394,466,515,515,407,553,1,507
66296,504,499,395,472,519,499,395,472,517,517,408,547,1,507
66306,506,499,398,477,517,499,398,477,520,517,411,542,1,507
66316,506,497,400,482,517,497,400,482,520,514,413,537,1,507
66326,505,496,400,483,518,496,400,483,519,513,413,536,1,507
66336,503,495,399,483,520,495,399,483,516,512,412,536,1,507
66346,500,495,396,479,523,495,396,479,513,512,409,540,1,507
66356,500,495,394,475,523,495,394,475,513,512,407,544,1,507
66366,501,496,394,473,522,496,394,473,514,513,407,546,1,507
66376,503,497,393,472,520,497,393,472,516,514,406,547,1,507
66386,506,499,393,475,517,499,393,475,520,517,406,544,1,507
66396,508,499,393,478,515,499,393,478,522,517,406,541,1,507
66406,507,498,396,482,516,498,396,482,521,515,409,537,1,507
66416,504,497,398,486,519,497,398,486,517,514,411,533,1,507
66426,501,496,397,488,522,496,397,488,514,513,410,531,1,507
66436,498,495,394,490,525,495,394,490,512,512,407,529,1,507
66446,498,495,390,493,525,495,390,493,512,512,403,526,1,507
66456,499,496,388,496,524,496,388,496,512,513,401,523,1,507
66466,500,496,388,500,523,496,388,500,513,513,401,519,1,507
66476,502,496,391,503,521,496,391,503,515,513,404,516,1,507
66486,504,496,394,506,519,496,394,506,517,513,407,513,1,507
66496,505,496,396,506,518,496,396,506,519,513,409,513,1,507
66506,504,496,395,504,519,496,395,504,517,513,408,515,1,507
66516,503,496,392,501,520,496,392,501,516,513,405,518,1,507
66526,503,496,390,498,520,496,390,498,516,513,403,521,1,507
66536,502,496,389,496,521,496,389,496,515,513,402,523,1,507
66546,501,495,389,496,522,495,389,496,514,512,402,523,1,507
66556,502,496,392,498,521,496,392,498,515,513,405,521,1,507
66566,505,496,396,500,518,496,396,500,519,513,409,519,1,507
66576,506,497,399,502,517,497,399,502,520,514,412,517,1,507
66586,505,498,400,502,518,498,400,502,519,515,413,517,1,507
66596,503,497,399,500,520,497,399,500,516,514,412,519,1,507
66606,501,496,397,497,522,496,397,497,514,513,410,522,1,507
66616,501,495,394,493,522,495,394,493,514,512,407,526,1,507
66626,501,495,391,491,522,495,391,491,514,512,404,528,1,507
66636,502,495,390,493,521,495,390,493,515,512,403,526,1,507
66646,502,496,392,496,521,496,392,496,515,513,405,523,1,507
66656,503,496,396,502,520,496,396,502,516,513,409,517,1,507
66666,503,497,399,507,520,497,399,507,516,514,412,512,1,507
66676,502,497,400,511,521,497,400,511,515,514,413,508,1,507
66686,501,497,399,513,522,497,399,513,514,514,412,506,1,507
66696,501,496,397,514,522,496,397,514,514,513,410,505,1,507
66706,500,495,394,514,523,495,394,514,513,512,407,505,1,507
66716,500,495,391,512,523,495,391,512,513,512,404,507,1,507
66726,501,495,391,511,522,495,391,511,514,512,404,508,1,507
66736,503,495,393,507,520,495,393,507,516,512,406,512,1,507
66746,506,496,396,502,517,496,396,502,520,513,409,517,1,507
66756,507,497,398,495,516,497,398,495,521,514,411,524,1,507
66766,506,496,398,487,517,496,398,487,520,513,411,532,1,507
66776,503,496,396,479,520,496,396,479,516,513,409,540,1,507
66786,501,495,394,473,522,495,394,473,514,512,407,546,1,507
66796,500,495,392,471,523,495,392,471,513,512,405,548,1,507
66806,501,496,391,471,522,496,391,471,514,513,404,548,1,507
66816,502,496,392,473,521,496,392,473,515,513,405,546,1,507
66826,503,496,394,475,520,496,394,475,516,513,407,544,1,507
66836,504,497,396,477,519,497,396,477,517,514,409,542,1,507
66846,503,497,397,478,520,497,397,478,516,514,410,541,1,507
66856,502,496,397,478,521,496,397,478,515,513,410,541,1,507
66866,501,496,396,477,522,496,396,477,514,513,409,542,1,507
66876,501,496,394,477,522,496,394,477,514,513,407,542,1,507
66886,503,496,391,477,520,496,391,477,516,513,404,542,1,507
66896,505,496,390,477,518,496,390,477,519,513,403,542,1,507
66906,505,495,392,477,518,495,392,477,519,512,405,542,1,507
66916,506,494,395,476,517,494,395,476,520,512,408,543,1,507
66926,505,494,397,474,518,494,397,474,519,512,410,545,1,507
66936,504,493,397,473,519,493,397,473,517,512,410,546,1,507
66946,502,493,396,472,521,493,396,472,515,512,409,547,1,507
66956,501,493,394,472,522,493,394,472,514,512,407,547,1,507
66966,500,493,393,473,523,493,393,473,513,512,406,546,1,507
66976,500,493,393,476,523,493,393,476,513,512,406,543,1,507
66986,500,493,392,479,523,493,392,479,513,512,405,540,1,507
66996,500,493,393,482,523,493,393,482,513,512,406,537,1,507
67006,500,493,395,485,523,493,395,485,513,512,408,534,1,507
67016,500,493,397,486,523,493,397,486,513,512,410,533,1,507
67026,501,493,397,488,522,493,397,488,514,512,410,531,1,507
67036,501,494,396,487,522,494,396,487,514,512,409,532,1,507
67046,502,495,394,487,521,495,394,487,515,512,407,532,1,507
67056,502,495,393,486,521,495,393,486,515,512,406,533,1,507
67066,502,494,391,484,521,494,391,484,515,512,404,535,1,507
67076,502,494,390,483,521,494,390,483,515,512,403,536,1,507
67086,502,494,391,482,521,494,391,482,515,512,404,537,1,507
67096,502,494,392,481,521,494,392,481,515,512,405,538,1,507
67106,504,495,395,480,519,495,395,480,517,512,408,539,1,507
67116,505,495,396,479,518,495,396,479,519,512,409,540,1,507
67126,505,496,396,477,518,496,396,477,519,513,409,542,1,507
67136,503,496,396,474,520,496,396,474,516,513,409,545,1,507
67146,502,495,395,472,521,495,395,472,515,512,408,547,1,507
67156,502,495,393,470,521,495,393,470,515,512,406,549,1,507
67166,502,496,391,470,521,496,391,470,515,513,404,549,1,507
67176,502,495,392,472,521,495,392,472,515,512,405,547,1,507
67186,502,495,394,476,521,495,394,476,515,512,407,543,1,507
67196,502,495,395,480,521,495,395,480,515,512,408,539,1,507
67206,501,495,396,486,522,495,396,486,514,512,409,533,1,507
67216,500,495,396,492,523,495,396,492,513,512,409,527,1,507
67226,499,495,396,496,524,495,396,496,512,512,409,523,1,507
67236,499,495,395,500,524,495,395,500,512,512,408,519,1,507
67246,499,494,394,503,524,494,394,503,512,512,407,516,1,507
67256,499,493,393,504,524,493,393,504,512,512,406,515,1,507
67266,499,493,390,506,524,493,390,506,512,512,403,513,1,507
67276,499,492,390,507,524,492,390,507,512,511,403,512,1,507
67286,498,491,392,509,525,491,392,509,512,510,405,510,1,507
67296,498,491,394,514,525,491,394,514,512,510,407,505,1,507
67306,497,490,396,521,526,490,396,521,512,509,409,498,1,507
67316,497,490,395,530,526,490,395,530,512,509,408,489,1,507
67326,498,492,392,538,525,492,392,538,512,511,405,481,1,507
67336,499,493,389,545,524,493,389,545,512,512,402,474,1,507
67346,498,493,389,551,525,493,389,551,512,512,402,468,1,507
67356,497,493,390,556,526,493,390,556,512,512,403,463,1,507
67366,496,492,391,560,527,492,391,560,511,511,404,459,1,507
67376,496,492,394,563,527,492,394,563,511,511,407,456,1,507
67386,497,492,396,566,526,492,396,566,512,511,409,453,1,507
67396,497,493,398,567,526,493,398,567,512,512,411,452,1,507
67406,498,494,398,568,525,494,398,568,512,512,411,451,1,507
67416,498,495,397,570,525,495,397,570,512,512,410,449,1,507
67426,497,495,394,571,526,495,394,571,512,512,407,448,1,507
67436,494,494,392,571,529,494,392,571,509,512,405,448,1,507
67446,492,493,393,571,531,493,393,571,507,512,406,448,1,507
67456,490,492,395,572,533,492,395,572,504,511,408,447,1,507
67466,490,493,398,576,533,493,398,576,504,512,411,443,1,507
67476,493,494,400,582,530,494,400,582,508,512,413,437,1,507
67486,497,495,401,586,526,495,401,586,512,512,414,433,1,507
67496,499,496,400,587,524,496,400,587,512,513,413,432,1,507
67506,498,495,398,584,525,495,398,584,512,512,411,435,1,507
67516,496,493,395,574,527,493,395,574,511,512,408,445,1,507
67526,493,493,393,566,530,493,393,566,508,512,406,453,1,507
67536,492,493,393,562,531,493,393,562,507,512,406,457,1,507
67546,492,493,392,561,531,493,392,561,507,512,405,458,1,507
67556,493,494,394,562,530,494,394,562,508,512,407,457,1,507
67566,494,495,398,563,529,495,398,563,509,512,411,456,1,507
67576,495,496,399,566,528,496,399,566,510,513,412,453,1,507
67586,495,496,398,568,528,496,398,568,510,513,411,451,1,507
67596,495,496,395,571,528,496,395,571,510,513,408,448,1,507
67606,494,495,391,573,529,495,391,573,509,512,404,446,1,507
67616,493,495,391,574,530,495,391,574,508,512,404,445,1,507
67626,493,496,394,572,530,496,394,572,508,513,407,447,1,507
67636,495,496,399,571,528,496,399,571,510,513,412,448,1,507
67646,498,497,400,571,525,497,400,571,512,514,413,448,1,507
67656,501,498,399,570,522,498,399,570,514,515,412,449,1,507
67666,501,498,396,570,522,498,396,570,514,515,409,449,1,507
67676,499,498,394,566,524,498,394,566,512,515,407,453,1,507
67686,497,497,391,561,526,497,391,561,512,514,404,458,1,507
67696,496,496,389,555,527,496,389,555,511,513,402,464,1,507
67706,495,495,388,550,528,495,388,550,510,512,401,469,1,507
67716,495,495,391,547,528,495,391,547,510,512,404,472,1,507
67726,497,495,394,547,526,495,394,547,512,512,407,472,1,507
67736,500,496,395,549,523,496,395,549,513,513,408,470,1,507
67746,502,497,396,550,521,497,396,550,515,514,409,469,1,507
67756,502,497,397,552,521,497,397,552,515,514,410,467,1,507
67766,501,497,397,551,522,497,397,551,514,514,410,468,1,507
67776,499,497,395,548,524,497,395,548,512,514,408,471,1,507
67786,497,497,395,545,526,497,395,545,512,514,408,474,1,507
67796,496,496,394,543,527,496,394,543,511,513,407,476,1,507
67806,497,496,394,544,526,496,394,544,512,513,407,475,1,507
67816,498,496,395,546,525,496,395,546,512,513,408,473,1,507
67826,499,497,396,548,524,497,396,548,512,514,409,471,1,507
67836,500,498,397,549,523,498,397,549,513,515,410,470,1,507
67846,500,498,397,548,523,498,397,548,513,515,410,471,1,507
67856,498,497,394,547,525,497,394,547,512,514,407,472,1,507
67866,498,497,390,547,525,497,390,547,512,514,403,472,1,507
67876,497,497,387,548,526,497,387,548,512,514,399,471,1,507
67886,497,498,388,549,526,498,388,549,512,515,401,470,1,507
67896,497,497,392,551,526,497,392,551,512,514,405,468,1,507
67906,498,497,396,555,525,497,396,555,512,514,409,464,1,507
67916,500,497,396,559,523,497,396,559,513,514,409,460,1,507
67926,502,497,396,562,521,497,396,562,515,514,409,457,1,507
67936,502,497,397,564,521,497,397,564,515,514,410,455,1,507
67946,502,496,397,565,521,496,397,565,515,513,410,454,1,507
67956,500,496,394,567,523,496,394,567,513,513,407,452,1,507
67966,498,497,390,568,525,497,390,568,512,514,403,451,1,507
67976,497,497,389,568,526,497,389,568,512,514,402,451,1,507
67986,497,496,392,569,526,496,392,569,512,513,405,450,1,507
67996,499,495,396,570,524,495,396,570,512,512,409,449,1,507
68006,501,496,398,570,522,496,398,570,514,513,411,449,1,507
68016,502,496,398,569,521,496,398,569,515,513,411,450,1,507
68026,501,496,397,569,522,496,397,569,514,513,410,450,1,507
68036,500,496,395,568,523,496,395,568,513,513,408,451,1,507
68046,500,496,391,569,523,496,391,569,513,513,404,450,1,507
68056,500,496,388,568,523,496,388,568,513,513,401,451,1,507
68066,500,496,389,566,523,496,389,566,513,513,402,453,1,507
68076,500,497,391,565,523,497,391,565,513,514,404,454,1,507
68086,501,496,394,563,522,496,394,563,514,513,407,456,1,507
68096,502,496,397,563,521,496,397,563,515,513,410,456,1,507
68106,502,495,399,563,521,495,399,563,515,512,412,456,1,507
68116,502,495,400,565,521,495,400,565,515,512,413,454,1,507
68126,501,495,398,568,522,495,398,568,514,512,411,451,1,507
68136,501,495,394,573,522,495,394,573,514,512,407,446,1,507
68146,500,495,391,577,523,495,391,577,513,512,404,442,1,507
68156,499,495,390,580,524,495,390,580,512,512,403,439,1,507
68166,499,496,390,579,524,496,390,579,512,513,403,440,1,507
68176,499,496,391,575,524,496,391,575,512,513,404,444,1,507
68186,501,495,392,572,522,495,392,572,514,512,405,447,1,507
68196,502,494,393,570,521,494,393,570,515,512,406,449,1,507
68206,502,495,394,567,521,495,394,567,515,512,407,452,1,507
68216,501,496,395,567,522,496,395,567,514,513,408,452,1,507
68226,501,497,394,568,522,497,394,568,514,514,407,451,1,507
68236,502,497,393,570,521,497,393,570,515,514,406,449,1,507
68246,504,497,393,572,519,497,393,572,517,514,406,447,1,507
68256,505,497,393,572,518,497,393,572,519,514,406,447,1,507
68266,505,497,395,570,518,497,395,570,519,514,408,449,1,507
68276,504,496,395,566,519,496,395,566,517,513,408,453,1,507
68286,504,496,396,560,519,496,396,560,517,513,409,459,1,507
68296,504,495,396,557,519,495,396,557,517,512,409,462,1,507
