t_ms,rawX,rawY,rawZ,rawG,sixX,sixY,sixZ,sixG,calX,calY,calZ,calG,calByte,zeroRef
2121,511,511,511,511,512,511,511,511,515,512,512,522,127,521
2122,504,495,400,358,519,495,400,358,510,498,399,675,127,521
2123,504,495,400,361,519,495,400,361,510,498,399,672,127,521
2133,504,495,401,361,519,495,401,361,510,498,401,672,127,521
2143,504,495,400,361,519,495,400,361,510,498,399,672,127,521
2153,504,495,400,361,519,495,400,361,510,498,399,672,127,521
2163,504,495,400,361,519,495,400,361,510,498,399,672,127,521
2173,504,495,400,361,519,495,400,361,510,498,399,672,127,521
2183,504,495,400,361,519,495,400,361,510,498,399,672,127,521
2193,505,495,400,361,518,495,400,361,511,498,399,672,127,521
2203,504,495,400,361,519,495,400,361,510,498,399,672,127,521
2213,504,495,400,361,519,495,400,361,510,498,399,672,127,521
2223,504,495,400,361,519,495,400,361,510,498,399,672,127,521
2233,504,495,400,361,519,495,400,361,510,498,399,672,127,521
2243,504,495,400,361,519,495,400,361,510,498,399,672,127,521
2253,504,495,400,361,519,495,400,361,510,498,399,672,127,521
2263,504,495,400,361,519,495,400,361,510,498,399,672,127,521
2273,504,495,400,361,519,495,400,361,510,498,399,672,127,521
2283,504,495,400,361,519,495,400,361,510,498,399,672,127,521
2293,505,495,400,361,518,495,400,361,511,498,399,672,127,521
2303,504,495,400,361,519,495,400,361,510,498,399,672,127,521
2313,504,495,400,361,519,495,400,361,510,498,399,672,127,521
2323,504,495,400,361,519,495,400,361,510,498,399,672,127,521
2333,504,495,400,361,519,495,400,361,510,498,399,672,127,521
2343,504,495,400,361,519,495,400,361,510,498,399,672,127,521
2353,504,495,400,361,519,495,400,361,510,498,399,672,127,521
2363,504,495,400,361,519,495,400,361,510,498,399,672,127,521
2373,504,495,400,361,519,495,400,361,510,498,399,672,127,521
2383,505,495,400,361,518,495,400,361,511,498,399,672,127,521
2393,504,495,400,361,519,495,400,361,510,498,399,672,127,521
2403,505,495,400,361,518,495,400,361,511,498,399,672,127,521
2413,504,495,400,361,519,495,400,361,510,498,399,672,127,521
2423,504,495,400,361,519,495,400,361,510,498,399,672,127,521
2433,504,495,400,361,519,495,400,361,510,498,399,672,127,521
2443,504,495,400,361,519,495,400,361,510,498,399,672,127,521
2453,504,495,400,361,519,495,400,361,510,498,399,672,127,521
2463,504,495,400,361,519,495,400,361,510,498,399,672,127,521
2473,504,495,400,361,519,495,400,361,510,498,399,672,127,521
2483,504,495,400,361,519,495,400,361,510,498,399,672,127,521
2493,504,495,400,361,519,495,400,361,510,498,399,672,127,521
2503,504,495,400,361,519,495,400,361,510,498,399,672,127,521
2513,504,495,400,361,519,495,400,361,510,498,399,672,127,521
2523,504,495,400,361,519,495,400,361,510,498,399,672,127,521
2533,504,495,400,361,519,495,400,361,510,498,399,672,127,521
2543,504,495,400,361,519,495,400,361,510,498,399,672,127,521
2553,504,495,400,361,519,495,400,361,510,498,399,672,127,521
2563,504,495,400,361,519,495,400,361,510,498,399,672,127,521
2573,504,495,400,361,519,495,400,361,510,498,399,672,127,521
2583,504,495,400,361,519,495,400,361,510,498,399,672,127,521
2593,504,495,400,361,519,495,400,361,510,498,399,672,127,521
2603,504,495,400,361,519,495,400,361,510,498,399,672,127,521
2613,504,495,400,361,519,495,400,361,510,498,399,672,127,521
2623,504,495,400,361,519,495,400,361,510,498,399,672,127,521
2634,505,495,400,361,518,495,400,361,511,498,399,672,127,521
2643,505,495,400,361,518,495,400,361,511,498,399,672,127,521
2653,504,495,400,361,519,495,400,361,510,498,399,672,127,521
2664,504,495,400,361,519,495,400,361,510,498,399,672,127,521
2674,504,495,400,361,519,495,400,361,510,498,399,672,127,521
2683,504,495,400,361,519,495,400,361,510,498,399,672,127,521
2693,504,495,400,361,519,495,400,361,510,498,399,672,127,521
2704,504,495,400,361,519,495,400,361,510,498,399,672,127,521
2714,504,495,400,361,519,495,400,361,510,498,399,672,127,521
2723,504,495,400,361,519,495,400,361,510,498,399,672,127,521
2733,504,495,400,361,519,495,400,361,510,498,399,672,127,521
2743,504,495,400,361,519,495,400,361,510,498,399,672,127,521
2754,504,495,400,361,519,495,400,361,510,498,399,672,127,521
2764,504,495,400,361,519,495,400,361,510,498,399,672,127,521
2773,504,495,400,361,519,495,400,361,510,498,399,672,127,521
2784,504,495,400,361,519,495,400,361,510,498,399,672,127,521
2794,504,495,400,361,519,495,400,361,510,498,399,672,127,521
2804,504,495,400,361,519,495,400,361,510,498,399,672,127,521
2814,504,495,400,361,519,495,400,361,510,498,399,672,127,521
2823,504,495,400,361,519,495,400,361,510,498,399,672,127,521
2834,504,495,400,361,519,495,400,361,510,498,399,672,127,521
2844,504,495,400,361,519,495,400,361,510,498,399,672,127,521
2854,504,495,400,361,519,495,400,361,510,498,399,672,127,521
2863,504,495,400,361,519,495,400,361,510,498,399,672,127,521
2874,504,495,400,361,519,495,400,361,510,498,399,672,127,521
2884,504,495,400,361,519,495,400,361,510,498,399,672,127,521
2894,504,495,400,361,519,495,400,361,510,498,399,672,127,521
2903,504,495,400,361,519,495,400,361,510,498,399,672,127,521
2914,504,495,400,361,519,495,400,361,510,498,399,672,127,521
2924,504,495,400,361,519,495,400,361,510,498,399,672,127,521
2934,504,495,400,361,519,495,400,361,510,498,399,672,127,521
2944,504,495,400,361,519,495,400,361,510,498,399,672,127,521
2954,504,495,400,361,519,495,400,361,510,498,399,672,127,521
2964,504,495,400,361,519,495,400,361,510,498,399,672,127,521
2974,505,495,400,361,518,495,400,361,511,498,399,672,127,521
2984,504,495,400,361,519,495,400,361,510,498,399,672,127,521
2994,504,495,400,361,519,495,400,361,510,498,399,672,127,521
3004,504,495,400,361,519,495,400,361,510,498,399,672,127,521
3014,504,495,400,361,519,495,400,361,510,498,399,672,127,521
3024,504,495,400,361,519,495,400,361,510,498,399,672,127,521
3034,504,495,400,361,519,495,400,361,510,498,399,672,127,521
3044,504,495,400,361,519,495,400,361,510,498,399,672,127,521
3054,504,495,400,361,519,495,400,361,510,498,399,672,127,521
3064,504,495,400,361,519,495,400,361,510,498,399,672,127,521
3074,504,495,400,361,519,495,400,361,510,498,399,672,127,521
3084,504,495,400,361,519,495,400,361,510,498,399,672,127,521
3094,504,495,400,361,519,495,400,361,510,498,399,672,127,521
3104,504,495,400,361,519,495,400,361,510,498,399,672,127,521
3114,504,495,400,361,519,495,400,361,510,498,399,672,127,521
3124,504,495,400,361,519,495,400,361,510,498,399,672,127,521
3134,504,495,400,361,519,495,400,361,510,498,399,672,127,521
3144,504,495,400,361,519,495,400,361,510,498,399,672,127,521
3154,504,495,400,361,519,495,400,361,510,498,399,672,127,521
3164,504,495,400,361,519,495,400,361,510,498,399,672,127,521
3174,504,495,400,361,519,495,400,361,510,498,399,672,127,521
3184,504,495,400,361,519,495,400,361,510,498,399,672,127,521
3194,504,495,400,361,519,495,400,361,510,498,399,672,127,521
3204,504,495,400,361,519,495,400,361,510,498,399,672,127,521
3214,504,495,400,361,519,495,400,361,510,498,399,672,127,521
3224,504,495,400,361,519,495,400,361,510,498,399,672,127,521
3234,504,495,400,361,519,495,400,361,510,498,399,672,127,521
3244,504,495,400,361,519,495,400,361,510,498,399,672,127,521
3254,504,495,400,361,519,495,400,361,510,498,399,672,127,521
3264,504,495,400,361,519,495,400,361,510,498,399,672,127,521
3274,504,495,400,361,519,495,400,361,510,498,399,672,127,521
3284,504,495,400,361,519,495,400,361,510,498,399,672,127,521
3294,504,495,400,361,519,495,400,361,510,498,399,672,127,521
3304,504,495,400,361,519,495,400,361,510,498,399,672,127,521
3314,504,495,400,361,519,495,400,361,510,498,399,672,127,521
3324,504,495,400,361,519,495,400,361,510,498,399,672,127,521
3334,504,495,400,361,519,495,400,361,510,498,399,672,127,521
3344,504,495,400,361,519,495,400,361,510,498,399,672,127,521
3354,504,495,400,361,519,495,400,361,510,498,399,672,127,521
3364,504,495,400,361,519,495,400,361,510,498,399,672,127,521
3374,504,495,400,361,519,495,400,361,510,498,399,672,127,521
3384,504,495,400,361,519,495,400,361,510,498,399,672,127,521
3394,504,495,400,361,519,495,400,361,510,498,399,672,127,521
3404,504,495,400,361,519,495,400,361,510,498,399,672,127,521
3414,504,495,400,361,519,495,400,361,510,498,399,672,127,521
3424,504,495,400,361,519,495,400,361,510,498,399,672,127,521
3434,504,495,400,361,519,495,400,361,510,498,399,672,127,521
3444,504,495,400,361,519,495,400,361,510,498,399,672,127,521
3454,504,495,400,361,519,495,400,361,510,498,399,672,127,521
3464,504,495,400,361,519,495,400,361,510,498,399,672,127,521
3474,504,495,400,361,519,495,400,361,510,498,399,672,127,521
3484,504,495,400,361,519,495,400,361,510,498,399,672,127,521
3494,504,495,400,361,519,495,400,361,510,498,399,672,127,521
3504,504,495,400,361,519,495,400,361,510,498,399,672,127,521
3514,504,495,400,361,519,495,400,361,510,498,399,672,127,521
3524,504,495,400,361,519,495,400,361,510,498,399,672,127,521
3534,504,495,400,361,519,495,400,361,510,498,399,672,127,521
3544,504,495,400,361,519,495,400,361,510,498,399,672,127,521
3554,504,495,400,361,519,495,400,361,510,498,399,672,127,521
3564,504,495,400,361,519,495,400,361,510,498,399,672,127,521
3574,504,495,400,361,519,495,400,361,510,498,399,672,127,521
3584,504,495,400,361,519,495,400,361,510,498,399,672,127,521
3594,504,495,400,361,519,495,400,361,510,498,399,672,127,521
3604,504,495,400,361,519,495,400,361,510,498,399,672,127,521
3614,504,495,400,361,519,495,400,361,510,498,399,672,127,521
3624,504,495,400,361,519,495,400,361,510,498,399,672,127,521
3634,504,495,400,361,519,495,400,361,510,498,399,672,127,521
3644,504,495,400,361,519,495,400,361,510,498,399,672,127,521
3654,504,495,400,361,519,495,400,361,510,498,399,672,127,521
3664,504,495,400,361,519,495,400,361,510,498,399,672,127,521
3674,504,495,400,361,519,495,400,361,510,498,399,672,127,521
3684,504,495,400,361,519,495,400,361,510,498,399,672,127,521
3694,504,495,400,361,519,495,400,361,510,498,399,672,127,521
3704,504,495,400,361,519,495,400,361,510,498,399,672,127,521
3714,504,495,400,361,519,495,400,361,510,498,399,672,127,521
3724,504,495,400,361,519,495,400,361,510,498,399,672,127,521
3734,504,495,400,361,519,495,400,361,510,498,399,672,127,521
3744,504,495,400,361,519,495,400,361,510,498,399,672,127,521
3754,504,495,400,361,519,495,400,361,510,498,399,672,127,521
3764,504,495,400,361,519,495,400,361,510,498,399,672,127,521
3774,504,495,400,361,519,495,400,361,510,498,399,672,127,521
3784,504,495,400,361,519,495,400,361,510,498,399,672,127,521
3794,504,495,400,361,519,495,400,361,510,498,399,672,127,521
3804,504,495,400,361,519,495,400,361,510,498,399,672,127,521
3814,504,495,400,361,519,495,400,361,510,498,399,672,127,521
3824,504,495,400,361,519,495,400,361,510,498,399,672,127,521
3834,504,495,400,361,519,495,400,361,510,498,399,672,127,521
3844,504,495,400,361,519,495,400,361,510,498,399,672,127,521
3854,504,495,400,361,519,495,400,361,510,498,399,672,127,521
3864,504,495,400,361,519,495,400,361,510,498,399,672,127,521
3874,504,495,400,361,519,495,400,361,510,498,399,672,127,521
3884,504,495,400,361,519,495,400,361,510,498,399,672,127,521
3894,504,495,400,361,519,495,400,361,510,498,399,672,127,521
3904,504,495,400,361,519,495,400,361,510,498,399,672,127,521
3914,504,495,400,361,519,495,400,361,510,498,399,672,127,521
3924,504,495,400,361,519,495,400,361,510,498,399,672,127,521
3934,504,495,400,361,519,495,400,361,510,498,399,672,127,521
3944,504,495,400,361,519,495,400,361,510,498,399,672,127,521
3954,504,495,400,361,519,495,400,361,510,498,399,672,127,521
3964,504,495,400,361,519,495,400,361,510,498,399,672,127,521
3974,504,495,400,361,519,495,400,361,510,498,399,672,127,521
3984,504,495,400,361,519,495,400,361,510,498,399,672,127,521
3994,504,495,400,361,519,495,400,361,510,498,399,672,127,521
4004,504,495,400,361,519,495,400,361,510,498,399,672,127,521
4014,504,495,400,361,519,495,400,361,510,498,399,672,127,521
4024,504,495,400,361,519,495,400,361,510,498,399,672,127,521
4034,504,495,400,361,519,495,400,361,510,498,399,672,127,521
4044,504,495,400,361,519,495,400,361,510,498,399,672,127,521
4054,504,495,400,361,519,495,400,361,510,498,399,672,127,521
4064,505,495,400,361,518,495,400,361,511,498,399,672,127,521
4074,504,495,400,361,519,495,400,361,510,498,399,672,127,521
4084,504,495,400,361,519,495,400,361,510,498,399,672,127,521
4094,504,495,400,361,519,495,400,361,510,498,399,672,127,521
4104,504,495,400,361,519,495,400,361,510,498,399,672,127,521
4114,504,495,400,361,519,495,400,361,510,498,399,672,127,521
4124,504,495,400,361,519,495,400,361,510,498,399,672,127,521
4134,504,495,400,361,519,495,400,361,510,498,399,672,127,521
4144,504,495,400,361,519,495,400,361,510,498,399,672,127,521
4154,504,495,400,361,519,495,400,361,510,498,399,672,127,521
4164,504,495,400,361,519,495,400,361,510,498,399,672,127,521
4174,504,495,400,361,519,495,400,361,510,498,399,672,127,521
4184,504,495,400,361,519,495,400,361,510,498,399,672,127,521
4194,505,495,400,361,518,495,400,361,511,498,399,672,127,521
4204,504,495,400,361,519,495,400,361,510,498,399,672,127,521
4214,504,495,400,361,519,495,400,361,510,498,399,672,127,521
4224,504,495,400,361,519,495,400,361,510,498,399,672,127,521
4234,504,495,400,361,519,495,400,361,510,498,399,672,127,521
4244,504,495,400,361,519,495,400,361,510,498,399,672,127,521
4254,504,495,400,361,519,495,400,361,510,498,399,672,127,521
4264,504,495,400,361,519,495,400,361,510,498,399,672,127,521
4274,504,495,400,361,519,495,400,361,510,498,399,672,127,521
4284,504,495,400,361,519,495,400,361,510,498,399,672,127,521
4294,504,495,400,361,519,495,400,361,510,498,399,672,127,521
4304,504,495,400,361,519,495,400,361,510,498,399,672,127,521
4314,504,495,400,361,519,495,400,361,510,498,399,672,127,521
4324,504,495,400,361,519,495,400,361,510,498,399,672,127,521
4334,504,495,400,361,519,495,400,361,510,498,399,672,127,521
4344,504,495,400,361,519,495,400,361,510,498,399,672,127,521
4354,504,495,400,361,519,495,400,361,510,498,399,672,127,521
4364,504,495,400,361,519,495,400,361,510,498,399,672,127,521
4374,504,495,400,361,519,495,400,361,510,498,399,672,127,521
4384,504,495,400,361,519,495,400,361,510,498,399,672,127,521
4394,504,495,400,361,519,495,400,361,510,498,399,672,127,521
4404,504,495,400,361,519,495,400,361,510,498,399,672,127,521
4414,504,495,400,361,519,495,400,361,510,498,399,672,127,521
4424,504,495,400,361,519,495,400,361,510,498,399,672,127,521
4434,504,495,400,361,519,495,400,361,510,498,399,672,127,521
4444,504,495,400,361,519,495,400,361,510,498,399,672,127,521
4454,504,495,400,361,519,495,400,361,510,498,399,672,127,521
4464,504,495,400,361,519,495,400,361,510,498,399,672,127,521
4474,504,495,400,361,519,495,400,361,510,498,399,672,127,521
4484,504,495,400,361,519,495,400,361,510,498,399,672,127,521
4494,504,495,400,361,519,495,400,361,510,498,399,672,127,521
4504,504,495,400,361,519,495,400,361,510,498,399,672,127,521
4514,504,495,400,361,519,495,400,361,510,498,399,672,127,521
4524,504,495,400,361,519,495,400,361,510,498,399,672,127,521
4534,504,495,400,361,519,495,400,361,510,498,399,672,127,521
4544,504,495,400,361,519,495,400,361,510,498,399,672,127,521
4554,504,495,400,361,519,495,400,361,510,498,399,672,127,521
4564,504,495,400,361,519,495,400,361,510,498,399,672,127,521
4574,504,495,400,361,519,495,400,361,510,498,399,672,127,521
4584,504,495,400,361,519,495,400,361,510,498,399,672,127,521
4594,504,495,400,361,519,495,400,361,510,498,399,672,127,521
4604,504,495,400,361,519,495,400,361,510,498,399,672,127,521
4614,504,495,400,361,519,495,400,361,510,498,399,672,127,521
4624,504,495,400,361,519,495,400,361,510,498,399,672,127,521
9667,504,495,400,361,519,495,400,361,510,498,399,672,127,521
9668,504,495,400,361,519,495,400,361,510,498,399,672,127,521
9674,505,484,619,361,518,484,619,361,511,487,621,672,127,521
9684,505,484,619,361,518,484,619,361,511,487,621,672,127,521
9694,505,484,619,361,518,484,619,361,511,487,621,672,127,521
9704,505,485,619,361,518,485,619,361,511,488,621,672,127,521
9714,506,485,619,361,517,485,619,361,512,488,621,672,127,521
9724,505,484,619,361,518,484,619,361,511,487,621,672,127,521
9734,505,485,619,361,518,485,619,361,511,488,621,672,127,521
9744,505,485,619,361,518,485,619,361,511,488,621,672,127,521
9754,505,485,619,361,518,485,619,361,511,488,621,672,127,521
9764,505,484,619,361,518,484,619,361,511,487,621,672,127,521
9774,506,484,619,361,517,484,619,361,512,487,621,672,127,521
9784,506,484,619,361,517,484,619,361,512,487,621,672,127,521
9794,505,484,619,361,518,484,619,361,511,487,621,672,127,521
9804,505,484,619,361,518,484,619,361,511,487,621,672,127,521
9814,505,484,619,361,518,484,619,361,511,487,621,672,127,521
9824,505,484,619,361,518,484,619,361,511,487,621,672,127,521
9834,505,484,619,361,518,484,619,361,511,487,621,672,127,521
9844,505,484,619,361,518,484,619,361,511,487,621,672,127,521
9854,505,484,619,361,518,484,619,361,511,487,621,672,127,521
9864,505,484,619,361,518,484,619,361,511,487,621,672,127,521
9874,505,484,619,361,518,484,619,361,511,487,621,672,127,521
9884,505,484,619,361,518,484,619,361,511,487,621,672,127,521
9894,505,484,619,361,518,484,619,361,511,487,621,672,127,521
9904,506,484,619,361,517,484,619,361,512,487,621,672,127,521
9914,505,484,619,361,518,484,619,361,511,487,621,672,127,521
9924,506,484,619,361,517,484,619,361,512,487,621,672,127,521
9934,506,484,619,361,517,484,619,361,512,487,621,672,127,521
9944,505,484,619,361,518,484,619,361,511,487,621,672,127,521
9954,505,484,619,361,518,484,619,361,511,487,621,672,127,521
9964,505,484,619,361,518,484,619,361,511,487,621,672,127,521
9974,505,484,619,361,518,484,619,361,511,487,621,672,127,521
9984,505,484,619,361,518,484,619,361,511,487,621,672,127,521
9994,506,484,619,361,517,484,619,361,512,487,621,672,127,521
10004,506,484,619,361,517,484,619,361,512,487,621,672,127,521
10014,505,484,619,361,518,484,619,361,511,487,621,672,127,521
10024,506,484,619,361,517,484,619,361,512,487,621,672,127,521
10034,506,484,619,361,517,484,619,361,512,487,621,672,127,521
10044,506,485,619,361,517,485,619,361,512,488,621,672,127,521
10054,506,484,619,361,517,484,619,361,512,487,621,672,127,521
10064,505,484,619,361,518,484,619,361,511,487,621,672,127,521
10074,505,484,619,361,518,484,619,361,511,487,621,672,127,521
10084,505,484,619,361,518,484,619,361,511,487,621,672,127,521
10094,505,484,619,361,518,484,619,361,511,487,621,672,127,521
10104,505,484,619,361,518,484,619,361,511,487,621,672,127,521
10114,505,484,619,361,518,484,619,361,511,487,621,672,127,521
10124,505,485,619,361,518,485,619,361,511,488,621,672,127,521
10134,506,484,619,361,517,484,619,361,512,487,621,672,127,521
10144,505,484,619,361,518,484,619,361,511,487,621,672,127,521
10154,505,484,619,361,518,484,619,361,511,487,621,672,127,521
10164,505,484,619,361,518,484,619,361,511,487,621,672,127,521
10174,505,484,619,361,518,484,619,361,511,487,621,672,127,521
10184,505,485,619,361,518,485,619,361,511,488,621,672,127,521
10194,505,484,619,361,518,484,619,361,511,487,621,672,127,521
10204,505,484,619,361,518,484,619,361,511,487,621,672,127,521
10214,505,484,619,361,518,484,619,361,511,487,621,672,127,521
10224,505,484,619,361,518,484,619,361,511,487,621,672,127,521
10234,505,485,619,361,518,485,619,361,511,488,621,672,127,521
10244,505,484,619,361,518,484,619,361,511,487,621,672,127,521
10254,505,485,619,361,518,485,619,361,511,488,621,672,127,521
10264,506,484,619,361,517,484,619,361,512,487,621,672,127,521
10274,506,484,619,361,517,484,619,361,512,487,621,672,127,521
10284,505,484,619,361,518,484,619,361,511,487,621,672,127,521
10294,505,484,619,361,518,484,619,361,511,487,621,672,127,521
10304,505,484,619,361,518,484,619,361,511,487,621,672,127,521
10314,505,484,619,361,518,484,619,361,511,487,621,672,127,521
10324,505,484,619,361,518,484,619,361,511,487,621,672,127,521
10334,505,484,619,361,518,484,619,361,511,487,621,672,127,521
10344,505,484,619,361,518,484,619,361,511,487,621,672,127,521
10354,505,484,619,361,518,484,619,361,511,487,621,672,127,521
10364,506,484,619,361,517,484,619,361,512,487,621,672,127,521
10374,506,484,619,361,517,484,619,361,512,487,621,672,127,521
10384,506,484,619,361,517,484,619,361,512,487,621,672,127,521
10394,506,484,619,361,517,484,619,361,512,487,621,672,127,521
10404,505,484,619,361,518,484,619,361,511,487,621,672,127,521
10414,505,484,619,362,518,484,619,362,511,487,621,671,127,521
10424,505,484,619,362,518,484,619,362,511,487,621,671,127,521
10434,505,484,619,362,518,484,619,362,511,487,621,671,127,521
10444,505,484,619,361,518,484,619,361,511,487,621,672,127,521
10454,506,484,619,361,517,484,619,361,512,487,621,672,127,521
10464,505,484,619,361,518,484,619,361,511,487,621,672,127,521
10474,505,484,619,361,518,484,619,361,511,487,621,672,127,521
10484,505,485,619,361,518,485,619,361,511,488,621,672,127,521
10494,505,484,619,361,518,484,619,361,511,487,621,672,127,521
10504,505,484,619,361,518,484,619,361,511,487,621,672,127,521
10514,505,484,619,361,518,484,619,361,511,487,621,672,127,521
10524,505,484,619,361,518,484,619,361,511,487,621,672,127,521
10534,505,484,619,361,518,484,619,361,511,487,621,672,127,521
10544,505,484,619,361,518,484,619,361,511,487,621,672,127,521
10554,505,484,619,361,518,484,619,361,511,487,621,672,127,521
10564,505,484,619,361,518,484,619,361,511,487,621,672,127,521
10574,505,484,619,361,518,484,619,361,511,487,621,672,127,521
10584,505,484,619,361,518,484,619,361,511,487,621,672,127,521
10594,505,484,619,361,518,484,619,361,511,487,621,672,127,521
10604,505,484,619,361,518,484,619,361,511,487,621,672,127,521
10614,505,484,619,362,518,484,619,362,511,487,621,671,127,521
10624,505,484,619,361,518,484,619,361,511,487,621,672,127,521
10634,505,484,619,362,518,484,619,362,511,487,621,671,127,521
10644,505,484,619,361,518,484,619,361,511,487,621,672,127,521
10654,505,484,619,362,518,484,619,362,511,487,621,671,127,521
10664,505,484,619,361,518,484,619,361,511,487,621,672,127,521
10674,505,484,619,361,518,484,619,361,511,487,621,672,127,521
10684,506,484,619,361,517,484,619,361,512,487,621,672,127,521
10694,506,484,619,361,517,484,619,361,512,487,621,672,127,521
10704,506,484,619,361,517,484,619,361,512,487,621,672,127,521
10714,505,484,619,361,518,484,619,361,511,487,621,672,127,521
10724,505,484,619,361,518,484,619,361,511,487,621,672,127,521
10734,505,484,619,361,518,484,619,361,511,487,621,672,127,521
10744,506,484,619,361,517,484,619,361,512,487,621,672,127,521
10754,506,484,619,361,517,484,619,361,512,487,621,672,127,521
10764,506,484,619,361,517,484,619,361,512,487,621,672,127,521
10774,505,484,619,361,518,484,619,361,511,487,621,672,127,521
10784,506,484,619,361,517,484,619,361,512,487,621,672,127,521
10794,506,484,619,361,517,484,619,361,512,487,621,672,127,521
10804,505,484,619,361,518,484,619,361,511,487,621,672,127,521
10814,506,484,619,361,517,484,619,361,512,487,621,672,127,521
10824,505,484,619,361,518,484,619,361,511,487,621,672,127,521
10834,505,484,619,361,518,484,619,361,511,487,621,672,127,521
10844,505,484,619,361,518,484,619,361,511,487,621,672,127,521
10854,505,484,619,361,518,484,619,361,511,487,621,672,127,521
10864,505,484,619,361,518,484,619,361,511,487,621,672,127,521
10874,506,484,619,361,517,484,619,361,512,487,621,672,127,521
10884,506,484,619,361,517,484,619,361,512,487,621,672,127,521
10894,506,484,619,361,517,484,619,361,512,487,621,672,127,521
10904,506,484,619,361,517,484,619,361,512,487,621,672,127,521
10914,506,484,619,361,517,484,619,361,512,487,621,672,127,521
10924,505,484,619,361,518,484,619,361,511,487,621,672,127,521
10934,505,484,619,361,518,484,619,361,511,487,621,672,127,521
10944,505,484,619,361,518,484,619,361,511,487,621,672,127,521
10954,505,484,619,361,518,484,619,361,511,487,621,672,127,521
10964,506,484,619,361,517,484,619,361,512,487,621,672,127,521
10974,506,484,619,361,517,484,619,361,512,487,621,672,127,521
10985,505,484,619,361,518,484,619,361,511,487,621,672,127,521
10994,505,484,619,361,518,484,619,361,511,487,621,672,127,521
11004,506,484,619,361,517,484,619,361,512,487,621,672,127,521
11014,506,484,619,361,517,484,619,361,512,487,621,672,127,521
11024,506,484,619,361,517,484,619,361,512,487,621,672,127,521
11034,505,484,619,361,518,484,619,361,511,487,621,672,127,521
11044,506,484,619,361,517,484,619,361,512,487,621,672,127,521
11054,505,484,619,361,518,484,619,361,511,487,621,672,127,521
11064,505,484,619,361,518,484,619,361,511,487,621,672,127,521
11074,506,484,619,361,517,484,619,361,512,487,621,672,127,521
11084,505,484,619,362,518,484,619,362,511,487,621,671,127,521
11094,505,484,619,361,518,484,619,361,511,487,621,672,127,521
11104,505,484,619,361,518,484,619,361,511,487,621,672,127,521
11114,505,484,619,361,518,484,619,361,511,487,621,672,127,521
11124,506,484,619,361,517,484,619,361,512,487,621,672,127,521
11134,506,484,619,361,517,484,619,361,512,487,621,672,127,521
11144,506,484,619,361,517,484,619,361,512,487,621,672,127,521
11154,506,484,619,361,517,484,619,361,512,487,621,672,127,521
11164,506,484,619,361,517,484,619,361,512,487,621,672,127,521
11174,506,484,619,361,517,484,619,361,512,487,621,672,127,521
11184,506,484,619,361,517,484,619,361,512,487,621,672,127,521
11194,505,484,619,361,518,484,619,361,511,487,621,672,127,521
11204,506,484,619,361,517,484,619,361,512,487,621,672,127,521
11214,506,484,619,361,517,484,619,361,512,487,621,672,127,521
11224,505,484,619,361,518,484,619,361,511,487,621,672,127,521
11234,506,484,619,361,517,484,619,361,512,487,621,672,127,521
11244,506,484,619,361,517,484,619,361,512,487,621,672,127,521
11254,506,484,619,361,517,484,619,361,512,487,621,672,127,521
11264,505,484,619,361,518,484,619,361,511,487,621,672,127,521
11274,505,484,619,361,518,484,619,361,511,487,621,672,127,521
11284,506,484,619,361,517,484,619,361,512,487,621,672,127,521
11294,505,484,619,361,518,484,619,361,511,487,621,672,127,521
11304,506,484,619,361,517,484,619,361,512,487,621,672,127,521
11314,506,484,619,361,517,484,619,361,512,487,621,672,127,521
11324,505,484,619,361,518,484,619,361,511,487,621,672,127,521
11334,505,484,619,361,518,484,619,361,511,487,621,672,127,521
11344,505,484,619,361,518,484,619,361,511,487,621,672,127,521
11354,505,484,619,361,518,484,619,361,511,487,621,672,127,521
11364,506,484,619,361,517,484,619,361,512,487,621,672,127,521
11374,506,484,619,361,517,484,619,361,512,487,621,672,127,521
11384,505,484,619,361,518,484,619,361,511,487,621,672,127,521
11394,505,484,619,361,518,484,619,361,511,487,621,672,127,521
11405,506,484,619,361,517,484,619,361,512,487,621,672,127,521
11414,506,484,619,361,517,484,619,361,512,487,621,672,127,521
11424,506,484,619,361,517,484,619,361,512,487,621,672,127,521
11434,506,484,619,361,517,484,619,361,512,487,621,672,127,521
11444,506,484,619,361,517,484,619,361,512,487,621,672,127,521
11454,505,484,619,361,518,484,619,361,511,487,621,672,127,521
11464,505,484,619,361,518,484,619,361,511,487,621,672,127,521
11474,506,484,619,361,517,484,619,361,512,487,621,672,127,521
11484,506,484,619,361,517,484,619,361,512,487,621,672,127,521
11494,506,484,619,361,517,484,619,361,512,487,621,672,127,521
11504,506,484,619,361,517,484,619,361,512,487,621,672,127,521
11514,506,484,619,361,517,484,619,361,512,487,621,672,127,521
11524,505,484,619,361,518,484,619,361,511,487,621,672,127,521
11535,505,484,619,361,518,484,619,361,511,487,621,672,127,521
11544,506,484,619,361,517,484,619,361,512,487,621,672,127,521
11554,506,484,619,361,517,484,619,361,512,487,621,672,127,521
11564,505,484,619,361,518,484,619,361,511,487,621,672,127,521
11574,506,484,619,361,517,484,619,361,512,487,621,672,127,521
11584,506,484,619,361,517,484,619,361,512,487,621,672,127,521
11594,505,484,619,361,518,484,619,361,511,487,621,672,127,521
11604,506,484,619,361,517,484,619,361,512,487,621,672,127,521
11614,506,484,619,361,517,484,619,361,512,487,621,672,127,521
11624,506,484,619,361,517,484,619,361,512,487,621,672,127,521
11634,506,485,619,361,517,485,619,361,512,488,621,672,127,521
11644,506,484,619,361,517,484,619,361,512,487,621,672,127,521
11654,505,484,619,361,518,484,619,361,511,487,621,672,127,521
11664,505,484,619,361,518,484,619,361,511,487,621,672,127,521
11674,505,484,619,361,518,484,619,361,511,487,621,672,127,521
11684,506,484,619,361,517,484,619,361,512,487,621,672,127,521
11694,506,484,619,361,517,484,619,361,512,487,621,672,127,521
11704,506,484,619,361,517,484,619,361,512,487,621,672,127,521
11714,506,484,619,361,517,484,619,361,512,487,621,672,127,521
11724,505,484,619,361,518,484,619,361,511,487,621,672,127,521
11734,505,485,619,361,518,485,619,361,511,488,621,672,127,521
11744,506,484,619,361,517,484,619,361,512,487,621,672,127,521
11754,506,484,619,361,517,484,619,361,512,487,621,672,127,521
11764,506,485,619,361,517,485,619,361,512,488,621,672,127,521
11774,506,484,619,361,517,484,619,361,512,487,621,672,127,521
11784,505,484,619,361,518,484,619,361,511,487,621,672,127,521
11794,505,484,619,361,518,484,619,361,511,487,621,672,127,521
11804,505,484,619,361,518,484,619,361,511,487,621,672,127,521
11814,505,484,619,361,518,484,619,361,511,487,621,672,127,521
11824,506,484,619,362,517,484,619,362,512,487,621,671,127,521
11834,505,484,619,362,518,484,619,362,511,487,621,671,127,521
11844,505,484,619,361,518,484,619,361,511,487,621,672,127,521
11854,505,484,619,362,518,484,619,362,511,487,621,671,127,521
11864,506,484,619,361,517,484,619,361,512,487,621,672,127,521
11874,505,484,619,361,518,484,619,361,511,487,621,672,127,521
11884,506,484,619,362,517,484,619,362,512,487,621,671,127,521
11894,505,484,619,362,518,484,619,362,511,487,621,671,127,521
11904,505,484,619,362,518,484,619,362,511,487,621,671,127,521
11914,506,484,619,361,517,484,619,361,512,487,621,672,127,521
11924,505,484,619,361,518,484,619,361,511,487,621,672,127,521
11934,506,484,619,361,517,484,619,361,512,487,621,672,127,521
11945,506,484,619,361,517,484,619,361,512,487,621,672,127,521
11954,505,484,619,361,518,484,619,361,511,487,621,672,127,521
11964,506,484,619,361,517,484,619,361,512,487,621,672,127,521
11975,506,484,619,361,517,484,619,361,512,487,621,672,127,521
11984,505,485,619,361,518,485,619,361,511,488,621,672,127,521
11995,505,484,619,361,518,484,619,361,511,487,621,672,127,521
12005,506,484,619,361,517,484,619,361,512,487,621,672,127,521
12014,506,484,619,361,517,484,619,361,512,487,621,672,127,521
12024,506,484,619,361,517,484,619,361,512,487,621,672,127,521
12034,506,484,619,361,517,484,619,361,512,487,621,672,127,521
12044,506,484,619,361,517,484,619,361,512,487,621,672,127,521
12055,506,485,619,361,517,485,619,361,512,488,621,672,127,521
12064,506,484,619,361,517,484,619,361,512,487,621,672,127,521
12074,506,484,619,361,517,484,619,361,512,487,621,672,127,521
12085,505,484,619,361,518,484,619,361,511,487,621,672,127,521
12094,505,485,619,361,518,485,619,361,511,488,621,672,127,521
12104,505,485,620,361,518,485,620,361,511,488,622,672,127,521
12114,505,484,619,361,518,484,619,361,511,487,621,672,127,521
12124,506,484,619,361,517,484,619,361,512,487,621,672,127,521
12134,506,484,619,361,517,484,619,361,512,487,621,672,127,521
12145,505,485,619,361,518,485,619,361,511,488,621,672,127,521
12154,506,484,619,361,517,484,619,361,512,487,621,672,127,521
12164,505,484,619,361,518,484,619,361,511,487,621,672,127,521
12174,506,484,619,361,517,484,619,361,512,487,621,672,127,521
16714,506,484,619,361,517,484,619,361,512,487,621,672,127,521
16715,506,484,619,361,517,484,619,361,512,487,621,672,127,521
16725,617,522,503,355,406,522,503,355,622,523,504,678,127,521
16735,617,523,503,356,406,523,503,356,622,524,504,677,127,521
16745,617,524,504,357,406,524,504,357,622,525,505,676,127,521
16755,617,525,505,360,406,525,505,360,622,526,506,673,127,521
16765,617,525,505,363,406,525,505,363,622,526,506,670,127,521
16775,617,525,506,365,406,525,506,365,622,526,507,668,127,521
16785,617,525,506,366,406,525,506,366,622,526,507,667,127,521
16795,617,524,505,366,406,524,505,366,622,525,506,667,127,521
16805,617,524,505,365,406,524,505,365,622,525,506,668,127,521
16815,617,524,505,365,406,524,505,365,622,525,506,668,127,521
16825,617,523,504,364,406,523,504,364,622,524,505,669,127,521
16835,617,523,504,363,406,523,504,363,622,524,505,670,127,521
16845,617,522,503,362,406,522,503,362,622,523,504,671,127,521
16855,617,522,503,361,406,522,503,361,622,523,504,672,127,521
16865,617,523,503,361,406,523,503,361,622,524,504,672,127,521
16875,617,523,504,361,406,523,504,361,622,524,505,672,127,521
16885,617,523,504,360,406,523,504,360,622,524,505,673,127,521
16895,618,523,505,360,405,523,505,360,623,524,506,673,127,521
16905,618,523,505,360,405,523,505,360,623,524,506,673,127,521
16915,618,523,506,360,405,523,506,360,623,524,507,673,127,521
16925,618,523,505,361,405,523,505,361,623,524,506,672,127,521
16935,617,523,505,363,406,523,505,363,622,524,506,670,127,521
16945,617,524,505,363,406,524,505,363,622,525,506,670,127,521
16955,618,524,505,362,405,524,505,362,623,525,506,671,127,521
16965,618,524,506,360,405,524,506,360,623,525,507,673,127,521
16975,618,524,506,360,405,524,506,360,623,525,507,673,127,521
16985,617,524,506,361,406,524,506,361,622,525,507,672,127,521
16995,617,524,506,362,406,524,506,362,622,525,507,671,127,521
17005,617,524,505,364,406,524,505,364,622,525,506,669,127,521
17015,617,524,504,365,406,524,504,365,622,525,505,668,127,521
17025,617,523,503,364,406,523,503,364,622,524,504,669,127,521
17035,617,523,503,363,406,523,503,363,622,524,504,670,127,521
17045,617,523,502,362,406,523,502,362,622,524,503,671,127,521
17055,617,522,502,361,406,522,502,361,622,523,503,672,127,521
17065,617,522,502,360,406,522,502,360,622,523,503,673,127,521
17075,617,522,503,360,406,522,503,360,622,523,504,673,127,521
17085,617,522,503,359,406,522,503,359,622,523,504,674,127,521
17095,617,523,503,359,406,523,503,359,622,524,504,674,127,521
17105,617,523,503,360,406,523,503,360,622,524,504,673,127,521
17115,617,523,504,361,406,523,504,361,622,524,505,672,127,521
17125,617,524,505,363,406,524,505,363,622,525,506,670,127,521
17135,617,524,505,364,406,524,505,364,622,525,506,669,127,521
17145,617,524,505,365,406,524,505,365,622,525,506,668,127,521
17155,617,523,505,365,406,523,505,365,622,524,506,668,127,521
17165,617,523,505,365,406,523,505,365,622,524,506,668,127,521
17175,617,523,504,365,406,523,504,365,622,524,505,668,127,521
17185,617,523,503,364,406,523,503,364,622,524,504,669,127,521
17195,618,522,503,362,405,522,503,362,623,523,504,671,127,521
17205,618,522,502,360,405,522,502,360,623,523,503,673,127,521
17215,618,522,502,358,405,522,502,358,623,523,503,675,127,521
17225,618,522,502,357,405,522,502,357,623,523,503,676,127,521
17235,618,522,503,356,405,522,503,356,623,523,504,677,127,521
17245,618,523,504,355,405,523,504,355,623,524,505,678,127,521
17255,618,523,505,355,405,523,505,355,623,524,506,678,127,521
17265,618,523,506,357,405,523,506,357,623,524,507,676,127,521
17275,618,523,506,358,405,523,506,358,623,524,507,675,127,521
17285,618,523,507,359,405,523,507,359,623,524,509,674,127,521
17295,618,524,507,361,405,524,507,361,623,525,509,672,127,521
17305,617,524,507,362,406,524,507,362,622,525,509,671,127,521
17315,617,524,507,364,406,524,507,364,622,525,509,669,127,521
17325,617,524,507,366,406,524,507,366,622,525,509,667,127,521
17335,617,524,506,366,406,524,506,366,622,525,507,667,127,521
17345,617,524,506,366,406,524,506,366,622,525,507,667,127,521
17355,617,524,505,366,406,524,505,366,622,525,506,667,127,521
17365,617,523,504,365,406,523,504,365,622,524,505,668,127,521
17375,617,523,504,364,406,523,504,364,622,524,505,669,127,521
17385,617,524,504,364,406,524,504,364,622,525,505,669,127,521
17395,617,524,504,365,406,524,504,365,622,525,505,668,127,521
17405,617,524,505,365,406,524,505,365,622,525,506,668,127,521
17415,617,524,505,366,406,524,505,366,622,525,506,667,127,521
17425,617,525,505,367,406,525,505,367,622,526,506,666,127,521
17435,617,524,505,368,406,524,505,368,622,525,506,665,127,521
17445,617,523,504,368,406,523,504,368,622,524,505,665,127,521
17455,617,523,504,368,406,523,504,368,622,524,505,665,127,521
17465,617,523,504,367,406,523,504,367,622,524,505,666,127,521
17475,618,522,504,366,405,522,504,366,623,523,505,667,127,521
17485,618,522,505,366,405,522,505,366,623,523,506,667,127,521
17495,618,522,505,367,405,522,505,367,623,523,506,666,127,521
17505,617,522,505,368,406,522,505,368,622,523,506,665,127,521
17515,617,522,505,368,406,522,505,368,622,523,506,665,127,521
17525,618,522,504,367,405,522,504,367,623,523,505,666,127,521
17535,618,521,503,364,405,521,503,364,623,522,504,669,127,521
17545,618,520,502,361,405,520,502,361,623,521,503,672,127,521
17555,618,520,503,359,405,520,503,359,623,521,504,674,127,521
17565,618,520,503,357,405,520,503,357,623,521,504,676,127,521
17575,618,521,503,357,405,521,503,357,623,522,504,676,127,521
17585,618,521,504,357,405,521,504,357,623,522,505,676,127,521
17595,617,522,504,358,406,522,504,358,622,523,505,675,127,521
17605,617,522,504,360,406,522,504,360,622,523,505,673,127,521
17615,617,522,504,361,406,522,504,361,622,523,505,672,127,521
17625,617,523,505,361,406,523,505,361,622,524,506,672,127,521
17635,617,523,505,361,406,523,505,361,622,524,506,672,127,521
17645,617,523,505,361,406,523,505,361,622,524,506,672,127,521
17655,617,523,505,362,406,523,505,362,622,524,506,671,127,521
17665,617,524,505,363,406,524,505,363,622,525,506,670,127,521
17675,617,524,505,365,406,524,505,365,622,525,506,668,127,521
17685,617,524,504,366,406,524,504,366,622,525,505,667,127,521
17695,617,523,503,366,406,523,503,366,622,524,504,667,127,521
17705,617,522,502,364,406,522,502,364,622,523,503,669,127,521
17715,617,522,501,361,406,522,501,361,622,523,502,672,127,521
17725,617,521,501,358,406,521,501,358,622,522,502,675,127,521
17735,617,521,501,356,406,521,501,356,622,522,502,677,127,521
17745,617,521,502,354,406,521,502,354,622,522,503,679,127,521
17755,617,522,503,354,406,522,503,354,622,523,504,679,127,521
17765,617,522,505,355,406,522,505,355,622,523,506,678,127,521
17775,617,523,506,357,406,523,506,357,622,524,507,676,127,521
17785,618,523,507,359,405,523,507,359,623,524,509,674,127,521
17795,618,523,507,361,405,523,507,361,623,524,509,672,127,521
17805,617,523,507,362,406,523,507,362,622,524,509,671,127,521
17815,617,523,507,363,406,523,507,363,622,524,509,670,127,521
17825,618,523,506,362,405,523,506,362,623,524,507,671,127,521
17835,618,522,505,362,405,522,505,362,623,523,506,671,127,521
17845,618,523,504,360,405,523,504,360,623,524,505,673,127,521
17855,618,523,504,358,405,523,504,358,623,524,505,675,127,521
17865,618,523,505,357,405,523,505,357,623,524,506,676,127,521
17875,617,523,505,357,406,523,505,357,622,524,506,676,127,521
17885,617,523,505,357,406,523,505,357,622,524,506,676,127,521
17895,617,523,505,357,406,523,505,357,622,524,506,676,127,521
17905,617,523,505,357,406,523,505,357,622,524,506,676,127,521
17915,618,524,505,357,405,524,505,357,623,525,506,676,127,521
17925,617,524,506,358,406,524,506,358,622,525,507,675,127,521
17935,617,524,506,360,406,524,506,360,622,525,507,673,127,521
17945,617,524,507,361,406,524,507,361,622,525,509,672,127,521
17955,617,524,508,362,406,524,508,362,622,525,510,671,127,521
17965,618,524,508,362,405,524,508,362,623,525,510,671,127,521
17975,618,524,507,362,405,524,507,362,623,525,509,671,127,521
17985,618,523,507,362,405,523,507,362,623,524,509,671,127,521
17995,618,523,506,362,405,523,506,362,623,524,507,671,127,521
18005,618,522,504,361,405,522,504,361,623,523,505,672,127,521
18015,618,522,502,358,405,522,502,358,623,523,503,675,127,521
18025,618,522,501,355,405,522,501,355,623,523,502,678,127,521
18035,617,522,501,353,406,522,501,353,622,523,502,680,127,521
18045,617,522,501,351,406,522,501,351,622,523,502,682,127,521
18055,617,523,501,351,406,523,501,351,622,524,502,682,127,521
18065,617,523,503,352,406,523,503,352,622,524,504,681,127,521
18075,617,524,504,354,406,524,504,354,622,525,505,679,127,521
18085,617,525,506,357,406,525,506,357,622,526,507,676,127,521
18095,617,525,507,359,406,525,507,359,622,526,509,674,127,521
18105,617,526,508,361,406,526,508,361,622,527,510,672,127,521
18115,617,526,509,363,406,526,509,363,622,527,511,670,127,521
18125,618,525,509,364,405,525,509,364,623,526,511,669,127,521
18135,617,525,509,364,406,525,509,364,622,526,511,669,127,521
18145,618,524,508,362,405,524,508,362,623,525,510,671,127,521
18155,618,523,506,360,405,523,506,360,623,524,507,673,127,521
18165,617,523,505,358,406,523,505,358,622,524,506,675,127,521
18175,617,523,504,356,406,523,504,356,622,524,505,677,127,521
18185,617,523,504,355,406,523,504,355,622,524,505,678,127,521
18195,617,523,504,354,406,523,504,354,622,524,505,679,127,521
18205,617,523,505,353,406,523,505,353,622,524,506,680,127,521
18215,617,524,506,354,406,524,506,354,622,525,507,679,127,521
18225,617,524,507,355,406,524,507,355,622,525,509,678,127,521
18235,617,525,509,358,406,525,509,358,622,526,511,675,127,521
18245,617,526,510,361,406,526,510,361,622,527,512,672,127,521
18255,617,526,510,364,406,526,510,364,622,527,512,669,127,521
18265,617,526,511,366,406,526,511,366,622,527,512,667,127,521
18275,617,526,511,368,406,526,511,368,622,527,512,665,127,521
18285,617,526,510,369,406,526,510,369,622,527,512,664,127,521
18295,617,525,510,370,406,525,510,370,622,526,512,663,127,521
18305,617,525,509,370,406,525,509,370,622,526,511,663,127,521
18315,617,525,509,371,406,525,509,371,622,526,511,662,127,521
18325,617,525,508,371,406,525,508,371,622,526,510,662,127,521
18335,617,525,507,370,406,525,507,370,622,526,509,663,127,521
18345,617,524,507,369,406,524,507,369,622,525,509,664,127,521
18355,618,524,506,368,405,524,506,368,623,525,507,665,127,521
18365,618,523,505,366,405,523,505,366,623,524,506,667,127,521
18375,618,522,505,364,405,522,505,364,623,523,506,669,127,521
18385,618,522,505,362,405,522,505,362,623,523,506,671,127,521
18395,618,522,505,361,405,522,505,361,623,523,506,672,127,521
18405,617,523,506,361,406,523,506,361,622,524,507,672,127,521
18415,617,523,507,362,406,523,507,362,622,524,509,671,127,521
18425,617,524,508,363,406,524,508,363,622,525,510,670,127,521
18435,617,524,509,365,406,524,509,365,622,525,511,668,127,521
18445,617,524,509,366,406,524,509,366,622,525,511,667,127,521
18455,617,524,509,367,406,524,509,367,622,525,511,666,127,521
18465,618,524,508,367,405,524,508,367,623,525,510,666,127,521
18475,618,523,507,365,405,523,507,365,623,524,509,668,127,521
18485,618,522,506,362,405,522,506,362,623,523,507,671,127,521
18495,618,522,505,358,405,522,505,358,623,523,506,675,127,521
18505,618,522,505,355,405,522,505,355,623,523,506,678,127,521
18515,618,522,505,354,405,522,505,354,623,523,506,679,127,521
18525,617,523,506,355,406,523,506,355,622,524,507,678,127,521
18535,617,523,506,357,406,523,506,357,622,524,507,676,127,521
18545,617,524,507,359,406,524,507,359,622,525,509,674,127,521
18555,617,524,508,361,406,524,508,361,622,525,510,672,127,521
18565,617,525,508,362,406,525,508,362,622,526,510,671,127,521
18575,617,524,508,362,406,524,508,362,622,525,510,671,127,521
18585,618,524,508,362,405,524,508,362,623,525,510,671,127,521
18595,618,524,508,362,405,524,508,362,623,525,510,671,127,521
18605,617,524,508,362,406,524,508,362,622,525,510,671,127,521
18615,617,524,508,362,406,524,508,362,622,525,510,671,127,521
18625,617,524,508,362,406,524,508,362,622,525,510,671,127,521
18635,617,523,507,363,406,523,507,363,622,524,509,670,127,521
18645,617,524,507,362,406,524,507,362,622,525,509,671,127,521
18655,617,524,507,362,406,524,507,362,622,525,509,671,127,521
18665,617,524,507,362,406,524,507,362,622,525,509,671,127,521
18675,617,524,507,363,406,524,507,363,622,525,509,670,127,521
18685,617,524,507,363,406,524,507,363,622,525,509,670,127,521
18695,618,524,507,362,405,524,507,362,623,525,509,671,127,521
18705,618,523,506,361,405,523,506,361,623,524,507,672,127,521
18715,618,522,506,358,405,522,506,358,623,523,507,675,127,521
18725,618,522,506,356,405,522,506,356,623,523,507,677,127,521
18735,618,522,506,353,405,522,506,353,623,523,507,680,127,521
18745,618,523,506,353,405,523,506,353,623,524,507,680,127,521
18755,617,523,507,354,406,523,507,354,622,524,509,679,127,521
18765,617,525,508,357,406,525,508,357,622,526,510,676,127,521
18775,616,525,509,361,407,525,509,361,621,526,511,672,127,521
18785,616,526,510,365,407,526,510,365,621,527,512,668,127,521
18795,616,526,511,368,407,526,511,368,621,527,512,665,127,521
18805,617,526,511,370,406,526,511,370,622,527,512,663,127,521
18815,617,525,510,370,406,525,510,370,622,526,512,663,127,521
18825,618,524,509,368,405,524,509,368,623,525,511,665,127,521
18835,618,522,507,365,405,522,507,365,623,523,509,668,127,521
18845,618,522,506,361,405,522,506,361,623,523,507,672,127,521
18855,618,521,505,357,405,521,505,357,623,522,506,676,127,521
18865,618,522,505,355,405,522,505,355,623,523,506,678,127,521
18875,617,523,505,355,406,523,505,355,622,524,506,678,127,521
18885,617,523,506,357,406,523,506,357,622,524,507,676,127,521
18895,617,524,507,358,406,524,507,358,622,525,509,675,127,521
18905,617,524,507,360,406,524,507,360,622,525,509,673,127,521
18915,617,524,507,361,406,524,507,361,622,525,509,672,127,521
18925,617,524,507,361,406,524,507,361,622,525,509,672,127,521
18935,617,524,507,361,406,524,507,361,622,525,509,672,127,521
18945,617,524,507,361,406,524,507,361,622,525,509,672,127,521
18955,617,524,508,361,406,524,508,361,622,525,510,672,127,521
18965,617,525,508,363,406,525,508,363,622,526,510,670,127,521
18975,617,525,509,365,406,525,509,365,622,526,511,668,127,521
18985,617,525,509,366,406,525,509,366,622,526,511,667,127,521
18995,617,524,508,366,406,524,508,366,622,525,510,667,127,521
19005,617,524,507,365,406,524,507,365,622,525,509,668,127,521
19015,617,523,507,363,406,523,507,363,622,524,509,670,127,521
19025,617,523,506,362,406,523,506,362,622,524,507,671,127,521
19035,617,523,506,361,406,523,506,361,622,524,507,672,127,521
19045,617,524,506,360,406,524,506,360,622,525,507,673,127,521
19055,617,524,507,360,406,524,507,360,622,525,509,673,127,521
19065,617,525,507,361,406,525,507,361,622,526,509,672,127,521
19075,617,525,507,362,406,525,507,362,622,526,509,671,127,521
19085,617,524,507,362,406,524,507,362,622,525,509,671,127,521
19095,618,524,508,362,405,524,508,362,623,525,510,671,127,521
19105,618,524,508,361,405,524,508,361,623,525,510,672,127,521
19115,618,523,509,360,405,523,509,360,623,524,511,673,127,521
19125,618,523,510,359,405,523,510,359,623,524,512,674,127,521
19135,618,523,510,359,405,523,510,359,623,524,512,674,127,521
19145,618,523,510,358,405,523,510,358,623,524,512,675,127,521
19155,618,523,509,358,405,523,509,358,623,524,511,675,127,521
19165,618,523,509,358,405,523,509,358,623,524,511,675,127,521
19175,617,524,508,358,406,524,508,358,622,525,510,675,127,521
19185,617,524,508,359,406,524,508,359,622,525,510,674,127,521
19195,617,525,508,360,406,525,508,360,622,526,510,673,127,521
19205,617,525,508,361,406,525,508,361,622,526,510,672,127,521
19215,617,525,509,363,406,525,509,363,622,526,511,670,127,521
22572,617,525,509,364,406,525,509,364,622,526,511,669,127,521
22573,617,525,510,365,406,525,510,365,622,526,512,668,127,521
22575,392,524,510,359,631,524,510,359,397,525,512,674,127,521
22585,392,524,512,361,631,524,512,361,397,525,512,672,127,521
22595,392,523,513,362,631,523,513,362,397,524,513,671,127,521
22605,391,524,514,363,632,524,514,363,396,525,514,670,127,521
22615,392,524,515,363,631,524,515,363,397,525,515,670,127,521
22625,392,524,515,363,631,524,515,363,397,525,515,670,127,521
22635,392,525,515,362,631,525,515,362,397,526,515,671,127,521
22645,393,526,515,361,630,526,515,361,398,527,515,672,127,521
22655,393,526,514,359,630,526,514,359,398,527,514,674,127,521
22665,393,526,513,358,630,526,513,358,398,527,513,675,127,521
22675,393,526,513,358,630,526,513,358,398,527,513,675,127,521
22685,393,525,512,359,630,525,512,359,398,526,512,674,127,521
22695,392,525,510,359,631,525,510,359,397,526,512,674,127,521
22705,392,524,509,360,631,524,509,360,397,525,511,673,127,521
22715,392,524,508,360,631,524,508,360,397,525,510,673,127,521
22725,392,524,508,361,631,524,508,361,397,525,510,672,127,521
22735,393,524,508,362,630,524,508,362,398,525,510,671,127,521
22745,393,524,508,362,630,524,508,362,398,525,510,671,127,521
22755,393,524,508,362,630,524,508,362,398,525,510,671,127,521
22765,393,524,508,361,630,524,508,361,398,525,510,672,127,521
22775,393,524,508,361,630,524,508,361,398,525,510,672,127,521
22785,393,524,508,361,630,524,508,361,398,525,510,672,127,521
22795,392,524,509,361,631,524,509,361,397,525,511,672,127,521
22805,392,524,509,362,631,524,509,362,397,525,511,671,127,521
22815,392,524,510,363,631,524,510,363,397,525,512,670,127,521
22825,392,524,511,363,631,524,511,363,397,525,512,670,127,521
22835,392,525,512,362,631,525,512,362,397,526,512,671,127,521
22845,393,525,513,361,630,525,513,361,398,526,513,672,127,521
22855,393,526,513,361,630,526,513,361,398,527,513,672,127,521
22865,393,525,512,360,630,525,512,360,398,526,512,673,127,521
22875,393,525,511,360,630,525,511,360,398,526,512,673,127,521
22885,392,524,510,361,631,524,510,361,397,525,512,672,127,521
22895,392,524,509,361,631,524,509,361,397,525,511,672,127,521
22905,392,524,509,362,631,524,509,362,397,525,511,671,127,521
22915,392,524,509,362,631,524,509,362,397,525,511,671,127,521
22925,392,524,510,363,631,524,510,363,397,525,512,670,127,521
22935,392,524,510,362,631,524,510,362,397,525,512,671,127,521
22945,393,525,510,362,630,525,510,362,398,526,512,671,127,521
22955,393,525,510,361,630,525,510,361,398,526,512,672,127,521
22965,393,525,510,361,630,525,510,361,398,526,512,672,127,521
22975,393,525,510,360,630,525,510,360,398,526,512,673,127,521
22985,393,525,510,359,630,525,510,359,398,526,512,674,127,521
22995,393,525,509,359,630,525,509,359,398,526,511,674,127,521
23005,393,524,509,359,630,524,509,359,398,525,511,674,127,521
23015,393,524,509,359,630,524,509,359,398,525,511,674,127,521
23025,393,524,510,360,630,524,510,360,398,525,512,673,127,521
23035,392,525,511,360,631,525,511,360,397,526,512,673,127,521
23045,393,524,511,361,630,524,511,361,398,525,512,672,127,521
23055,393,524,512,361,630,524,512,361,398,525,512,672,127,521
23065,392,524,511,362,631,524,511,362,397,525,512,671,127,521
23075,393,524,510,362,630,524,510,362,398,525,512,671,127,521
23085,393,524,510,361,630,524,510,361,398,525,512,672,127,521
23095,393,524,509,362,630,524,509,362,398,525,511,671,127,521
23105,392,523,508,362,631,523,508,362,397,524,510,671,127,521
23115,392,523,508,363,631,523,508,363,397,524,510,670,127,521
23125,392,523,508,364,631,523,508,364,397,524,510,669,127,521
23135,392,523,508,364,631,523,508,364,397,524,510,669,127,521
23145,393,524,508,363,630,524,508,363,398,525,510,670,127,521
23155,393,524,509,363,630,524,509,363,398,525,511,670,127,521
23165,393,525,510,361,630,525,510,361,398,526,512,672,127,521
23175,393,525,511,361,630,525,511,361,398,526,512,672,127,521
23185,393,525,511,360,630,525,511,360,398,526,512,673,127,521
23195,393,525,511,360,630,525,511,360,398,526,512,673,127,521
23205,393,525,510,359,630,525,510,359,398,526,512,674,127,521
23215,393,525,509,359,630,525,509,359,398,526,511,674,127,521
23225,393,524,509,359,630,524,509,359,398,525,511,674,127,521
23235,392,524,509,360,631,524,509,360,397,525,511,673,127,521
23245,392,523,509,361,631,523,509,361,397,524,511,672,127,521
23255,392,522,510,363,631,522,510,363,397,523,512,670,127,521
23265,392,523,510,365,631,523,510,365,397,524,512,668,127,521
23275,392,524,510,365,631,524,510,365,397,525,512,668,127,521
23285,393,525,510,365,630,525,510,365,398,526,512,668,127,521
23295,393,526,509,362,630,526,509,362,398,527,511,671,127,521
23305,393,526,508,360,630,526,508,360,398,527,510,673,127,521
23315,393,526,507,359,630,526,507,359,398,527,509,674,127,521
23325,393,525,507,359,630,525,507,359,398,526,509,674,127,521
23335,392,524,507,359,631,524,507,359,397,525,509,674,127,521
23345,392,523,508,361,631,523,508,361,397,524,510,672,127,521
23355,392,523,509,362,631,523,509,362,397,524,511,671,127,521
23365,392,523,511,363,631,523,511,363,397,524,512,670,127,521
23375,392,524,512,364,631,524,512,364,397,525,512,669,127,521
23385,392,524,513,364,631,524,513,364,397,525,513,669,127,521
23395,392,525,512,363,631,525,512,363,397,526,512,670,127,521
23405,393,525,511,362,630,525,511,362,398,526,512,671,127,521
23415,393,525,509,361,630,525,509,361,398,526,511,672,127,521
23425,393,524,508,361,630,524,508,361,398,525,510,672,127,521
23435,393,524,507,361,630,524,507,361,398,525,509,672,127,521
23445,393,524,506,362,630,524,506,362,398,525,507,671,127,521
23455,393,524,506,363,630,524,506,363,398,525,507,670,127,521
23465,392,524,506,364,631,524,506,364,397,525,507,669,127,521
23475,392,524,505,364,631,524,505,364,397,525,506,669,127,521
23485,393,524,505,364,630,524,505,364,398,525,506,669,127,521
23495,393,525,506,363,630,525,506,363,398,526,507,670,127,521
23505,393,526,506,362,630,526,506,362,398,527,507,671,127,521
23515,394,527,507,359,629,527,507,359,399,528,509,674,127,521
23525,394,527,508,357,629,527,508,357,399,528,510,676,127,521
23535,394,527,509,355,629,527,509,355,399,528,511,678,127,521
23545,393,526,510,355,630,526,510,355,398,527,512,678,127,521
23555,393,525,511,356,630,525,511,356,398,526,512,677,127,521
23565,392,524,512,358,631,524,512,358,397,525,512,675,127,521
23575,392,524,513,359,631,524,513,359,397,525,513,674,127,521
23585,392,524,512,360,631,524,512,360,397,525,512,673,127,521
23595,392,524,511,360,631,524,511,360,397,525,512,673,127,521
23605,392,524,510,359,631,524,510,359,397,525,512,674,127,521
23615,392,524,509,360,631,524,509,360,397,525,511,673,127,521
23625,392,523,508,360,631,523,508,360,397,524,510,673,127,521
23635,392,523,506,361,631,523,506,361,397,524,507,672,127,521
23645,392,522,505,363,631,522,505,363,397,523,506,670,127,521
23655,392,522,504,364,631,522,504,364,397,523,505,669,127,521
23665,392,522,503,365,631,522,503,365,397,523,504,668,127,521
23675,393,523,502,365,630,523,502,365,398,524,503,668,127,521
23685,393,523,503,365,630,523,503,365,398,524,504,668,127,521
23695,393,523,504,365,630,523,504,365,398,524,505,668,127,521
23705,393,524,506,365,630,524,506,365,398,525,507,668,127,521
23715,393,524,508,365,630,524,508,365,398,525,510,668,127,521
23725,392,524,509,365,631,524,509,365,397,525,511,668,127,521
23735,392,524,510,365,631,524,510,365,397,525,512,668,127,521
23745,392,525,509,366,631,525,509,366,397,526,511,667,127,521
23755,393,525,509,365,630,525,509,365,398,526,511,668,127,521
23765,393,526,508,364,630,526,508,364,398,527,510,669,127,521
23775,393,526,508,362,630,526,508,362,398,527,510,671,127,521
23785,393,526,508,361,630,526,508,361,398,527,510,672,127,521
23795,393,526,508,361,630,526,508,361,398,527,510,672,127,521
23805,393,525,508,361,630,525,508,361,398,526,510,672,127,521
23815,393,525,508,361,630,525,508,361,398,526,510,672,127,521
23825,393,525,509,361,630,525,509,361,398,526,511,672,127,521
23835,393,525,509,362,630,525,509,362,398,526,511,671,127,521
23845,393,525,510,362,630,525,510,362,398,526,512,671,127,521
23855,392,525,509,362,631,525,509,362,397,526,511,671,127,521
23865,392,524,508,362,631,524,508,362,397,525,510,671,127,521
23875,392,524,507,362,631,524,507,362,397,525,509,671,127,521
23885,392,523,506,363,631,523,506,363,397,524,507,670,127,521
23895,392,523,506,364,631,523,506,364,397,524,507,669,127,521
23905,392,524,506,365,631,524,506,365,397,525,507,668,127,521
23915,393,524,506,364,630,524,506,364,398,525,507,669,127,521
23925,393,525,505,363,630,525,505,363,398,526,506,670,127,521
23935,394,526,505,361,629,526,505,361,399,527,506,672,127,521
23945,394,527,506,360,629,527,506,360,399,528,507,673,127,521
23955,394,526,505,359,629,526,505,359,399,527,506,674,127,521
23965,393,526,506,360,630,526,506,360,398,527,507,673,127,521
23975,393,525,506,361,630,525,506,361,398,526,507,672,127,521
23985,393,525,506,361,630,525,506,361,398,526,507,672,127,521
23995,392,525,505,361,631,525,505,361,397,526,506,672,127,521
24005,392,524,505,361,631,524,505,361,397,525,506,672,127,521
24015,392,524,505,361,631,524,505,361,397,525,506,672,127,521
24025,392,524,505,362,631,524,505,362,397,525,506,671,127,521
24035,392,524,506,362,631,524,506,362,397,525,507,671,127,521
24045,392,524,507,363,631,524,507,363,397,525,509,670,127,521
24055,392,524,508,364,631,524,508,364,397,525,510,669,127,521
24065,392,525,509,364,631,525,509,364,397,526,511,669,127,521
24075,393,526,509,363,630,526,509,363,398,527,511,670,127,521
24085,393,526,508,361,630,526,508,361,398,527,510,672,127,521
24095,393,526,508,360,630,526,508,360,398,527,510,673,127,521
24105,393,526,507,359,630,526,507,359,398,527,509,674,127,521
24115,393,525,507,360,630,525,507,360,398,526,509,673,127,521
24125,392,524,507,361,631,524,507,361,397,525,509,672,127,521
24135,392,523,507,363,631,523,507,363,397,524,509,670,127,521
24145,392,523,507,364,631,523,507,364,397,524,509,669,127,521
24155,392,523,507,365,631,523,507,365,397,524,509,668,127,521
24165,392,525,508,365,631,525,508,365,397,526,510,668,127,521
24175,392,526,508,363,631,526,508,363,397,527,510,670,127,521
24185,393,526,508,362,630,526,508,362,398,527,510,671,127,521
24195,393,526,508,361,630,526,508,361,398,527,510,672,127,521
24205,393,526,508,361,630,526,508,361,398,527,510,672,127,521
24215,393,526,508,360,630,526,508,360,398,527,510,673,127,521
24225,393,526,508,360,630,526,508,360,398,527,510,673,127,521
24235,393,525,508,360,630,525,508,360,398,526,510,673,127,521
24245,393,525,509,360,630,525,509,360,398,526,511,673,127,521
24255,392,525,508,360,631,525,508,360,397,526,510,673,127,521
24265,392,525,508,360,631,525,508,360,397,526,510,673,127,521
24275,393,525,507,360,630,525,507,360,398,526,509,673,127,521
24285,393,525,506,361,630,525,506,361,398,526,507,672,127,521
24295,393,525,505,361,630,525,505,361,398,526,506,672,127,521
24305,393,525,504,361,630,525,504,361,398,526,505,672,127,521
24315,393,525,504,360,630,525,504,360,398,526,505,673,127,521
24325,393,525,505,360,630,525,505,360,398,526,506,673,127,521
24335,393,525,505,359,630,525,505,359,398,526,506,674,127,521
24345,393,525,506,359,630,525,506,359,398,526,507,674,127,521
24355,393,524,506,359,630,524,506,359,398,525,507,674,127,521
24365,392,524,507,360,631,524,507,360,397,525,509,673,127,521
24375,392,523,507,361,631,523,507,361,397,524,509,672,127,521
24385,392,523,508,363,631,523,508,363,397,524,510,670,127,521
24395,392,524,508,364,631,524,508,364,397,525,510,669,127,521
24405,392,524,508,364,631,524,508,364,397,525,510,669,127,521
24415,392,525,508,363,631,525,508,363,397,526,510,670,127,521
24425,393,525,507,362,630,525,507,362,398,526,509,671,127,521
24435,393,525,507,362,630,525,507,362,398,526,509,671,127,521
24445,393,525,506,361,630,525,506,361,398,526,507,672,127,521
24455,392,524,505,362,631,524,505,362,397,525,506,671,127,521
24465,393,525,505,362,630,525,505,362,398,526,506,671,127,521
24475,393,525,505,362,630,525,505,362,398,526,506,671,127,521
24485,393,525,505,361,630,525,505,361,398,526,506,672,127,521
24495,393,526,505,361,630,526,505,361,398,527,506,672,127,521
24505,394,526,505,359,629,526,505,359,399,527,506,674,127,521
24515,393,526,504,359,630,526,504,359,398,527,505,674,127,521
24525,393,525,504,359,630,525,504,359,398,526,505,674,127,521
24535,393,524,504,360,630,524,504,360,398,525,505,673,127,521
24545,392,524,505,362,631,524,505,362,397,525,506,671,127,521
24555,392,524,506,363,631,524,506,363,397,525,507,670,127,521
24565,392,524,507,363,631,524,507,363,397,525,509,670,127,521
24575,392,525,507,362,631,525,507,362,397,526,509,671,127,521
24585,393,526,507,361,630,526,507,361,398,527,509,672,127,521
24595,393,526,507,360,630,526,507,360,398,527,509,673,127,521
24605,393,526,508,359,630,526,508,359,398,527,510,674,127,521
24615,392,525,508,360,631,525,508,360,397,526,510,673,127,521
24625,392,524,509,361,631,524,509,361,397,525,511,672,127,521
24635,392,524,508,362,631,524,508,362,397,525,510,671,127,521
24645,392,524,508,363,631,524,508,363,397,525,510,670,127,521
24655,392,524,507,364,631,524,507,364,397,525,509,669,127,521
24665,393,525,507,363,630,525,507,363,398,526,509,670,127,521
24675,393,526,506,362,630,526,506,362,398,527,507,671,127,521
24685,393,526,505,360,630,526,505,360,398,527,506,673,127,521
24695,393,526,505,360,630,526,505,360,398,527,506,673,127,521
24705,393,525,505,360,630,525,505,360,398,526,506,673,127,521
24715,393,524,505,361,630,524,505,361,398,525,506,672,127,521
24725,392,524,505,362,631,524,505,362,397,525,506,671,127,521
24735,392,524,505,362,631,524,505,362,397,525,506,671,127,521
24745,392,524,506,362,631,524,506,362,397,525,507,671,127,521
24755,393,525,507,362,630,525,507,362,398,526,509,671,127,521
24765,393,525,509,361,630,525,509,361,398,526,511,672,127,521
24775,393,526,510,360,630,526,510,360,398,527,512,673,127,521
24785,393,525,509,359,630,525,509,359,398,526,511,674,127,521
24795,393,525,509,359,630,525,509,359,398,526,511,674,127,521
24805,393,525,507,359,630,525,507,359,398,526,509,674,127,521
24815,392,525,506,360,631,525,506,360,397,526,507,673,127,521
24825,393,524,504,361,630,524,504,361,398,525,505,672,127,521
24835,393,524,503,362,630,524,503,362,398,525,504,671,127,521
24845,393,524,502,361,630,524,502,361,398,525,503,672,127,521
24855,393,525,501,361,630,525,501,361,398,526,502,672,127,521
24865,393,524,501,361,630,524,501,361,398,525,502,672,127,521
24875,393,524,502,362,630,524,502,362,398,525,503,671,127,521
24885,392,524,503,363,631,524,503,363,397,525,504,670,127,521
24895,392,523,504,365,631,523,504,365,397,524,505,668,127,521
24905,392,524,505,366,631,524,505,366,397,525,506,667,127,521
24915,393,525,506,364,630,525,506,364,398,526,507,669,127,521
24925,393,526,506,362,630,526,506,362,398,527,507,671,127,521
24935,394,526,506,360,629,526,506,360,399,527,507,673,127,521
24945,394,527,506,358,629,527,506,358,399,528,507,675,127,521
24955,393,526,506,357,630,526,506,357,398,527,507,676,127,521
24965,393,525,506,358,630,525,506,358,398,526,507,675,127,521
24975,392,524,505,359,631,524,505,359,397,525,506,674,127,521
24985,392,523,504,361,631,523,504,361,397,524,505,672,127,521
24995,392,523,503,362,631,523,503,362,397,524,504,671,127,521
25005,393,524,503,363,630,524,503,363,398,525,504,670,127,521
25015,393,524,503,362,630,524,503,362,398,525,504,671,127,521
25025,393,524,503,362,630,524,503,362,398,525,504,671,127,521
25035,393,525,505,361,630,525,505,361,398,526,506,672,127,521
25045,393,525,506,360,630,525,506,360,398,526,507,673,127,521
25055,393,525,507,360,630,525,507,360,398,526,509,673,127,521
25065,393,525,507,360,630,525,507,360,398,526,509,673,127,521
25075,392,525,507,360,631,525,507,360,397,526,509,673,127,521
32621,393,524,506,361,630,524,506,361,398,525,507,672,127,521
32622,393,524,505,361,630,524,505,361,398,525,506,672,127,521
32625,505,403,500,342,518,403,500,342,511,406,501,691,127,521
32635,504,403,501,343,519,403,501,343,510,406,502,690,127,521
32645,505,402,501,346,518,402,501,346,511,405,502,687,127,521
32655,506,401,501,352,517,401,501,352,512,404,502,681,127,521
32665,508,400,500,359,515,400,500,359,512,403,501,674,127,521
32675,508,399,499,365,515,399,499,365,512,402,500,668,127,521
32685,508,399,499,368,515,399,499,368,512,402,500,665,127,521
32695,507,400,498,366,516,400,498,366,512,403,499,667,127,521
32705,507,401,499,361,516,401,499,361,512,404,500,672,127,521
32715,507,402,499,357,516,402,499,357,512,405,500,676,127,521
32725,507,403,500,353,516,403,500,353,512,406,501,680,127,521
32735,508,403,500,351,515,403,500,351,512,406,501,682,127,521
32745,508,403,500,351,515,403,500,351,512,406,501,682,127,521
32755,507,402,499,353,516,402,499,353,512,405,500,680,127,521
32765,506,402,499,355,517,402,499,355,512,405,500,678,127,521
32775,505,402,499,357,518,402,499,357,511,405,500,676,127,521
32785,505,401,500,361,518,401,500,361,511,404,501,672,127,521
32795,504,400,501,367,519,400,501,367,510,403,502,666,127,521
32805,505,399,502,373,518,399,502,373,511,402,503,660,127,521
32815,506,399,501,379,517,399,501,379,512,402,502,654,127,521
32825,507,400,501,381,516,400,501,381,512,403,502,652,127,521
32835,508,401,500,378,515,401,500,378,512,404,501,655,127,521
32845,507,403,499,370,516,403,499,370,512,406,500,663,127,521
32855,506,403,499,361,517,403,499,361,512,406,500,672,127,521
32865,506,404,500,354,517,404,500,354,512,407,501,679,127,521
32875,505,404,502,351,518,404,502,351,511,407,503,682,127,521
32885,505,403,502,351,518,403,502,351,511,406,503,682,127,521
32895,507,403,502,354,516,403,502,354,512,406,503,679,127,521
32905,508,403,501,356,515,403,501,356,512,406,502,677,127,521
32915,509,402,500,360,514,402,500,360,513,405,501,673,127,521
32925,510,401,500,367,513,401,500,367,514,404,501,666,127,521
32935,513,396,503,391,510,396,503,391,517,399,504,642,127,521
32945,511,393,501,417,512,393,501,417,515,396,502,616,127,521
32955,509,393,495,432,514,393,495,432,513,396,496,601,127,521
32965,509,396,493,431,514,396,493,431,513,399,494,602,127,521
32975,510,401,495,417,513,401,495,417,514,404,496,616,127,521
32985,509,404,498,398,514,404,498,398,513,407,499,635,127,521
32995,506,406,499,378,517,406,499,378,512,409,500,655,127,521
33005,504,406,501,359,519,406,501,359,510,409,502,674,127,521
33015,503,407,501,341,520,407,501,341,509,410,502,692,127,521
33025,503,407,500,329,520,407,500,329,509,410,501,704,127,521
33035,503,406,499,330,520,406,499,330,509,409,500,703,127,521
33045,503,404,500,338,520,404,500,338,509,407,501,695,127,521
33055,502,403,502,349,521,403,502,349,508,406,503,684,127,521
33065,501,402,505,358,522,402,505,358,507,405,506,675,127,521
33075,501,402,505,362,522,402,505,362,507,405,506,671,127,521
33085,502,403,503,359,521,403,503,359,508,406,504,674,127,521
33095,503,404,500,353,520,404,500,353,509,407,501,680,127,521
33105,504,405,498,347,519,405,498,347,510,408,499,686,127,521
33115,504,405,498,345,519,405,498,345,510,408,499,688,127,521
33125,504,404,499,347,519,404,499,347,510,407,500,686,127,521
33135,502,402,501,355,521,402,501,355,508,405,502,678,127,521
33145,501,400,503,363,522,400,503,363,507,403,504,670,127,521
33155,500,399,504,369,523,399,504,369,505,402,505,664,127,521
33165,501,398,503,372,522,398,503,372,507,401,504,661,127,521
33175,502,398,501,371,521,398,501,371,508,401,502,662,127,521
33185,505,400,499,366,518,400,499,366,511,403,500,667,127,521
33195,506,403,498,357,517,403,498,357,512,406,499,676,127,521
33205,508,405,497,349,515,405,497,349,512,408,498,684,127,521
33215,508,405,497,345,515,405,497,345,512,408,498,688,127,521
33225,508,405,498,346,515,405,498,346,512,408,499,687,127,521
33235,506,403,501,350,517,403,501,350,512,406,502,683,127,521
33245,504,402,502,352,519,402,502,352,510,405,503,681,127,521
33255,503,401,502,353,520,401,502,353,509,404,503,680,127,521
33265,503,401,502,354,520,401,502,354,509,404,503,679,127,521
33275,504,401,501,355,519,401,501,355,510,404,502,678,127,521
33285,505,402,501,355,518,402,501,355,511,405,502,678,127,521
33295,506,403,500,356,517,403,500,356,512,406,501,677,127,521
33305,507,404,499,357,516,404,499,357,512,407,500,676,127,521
33315,508,404,500,358,515,404,500,358,512,407,501,675,127,521
33325,507,402,501,360,516,402,501,360,512,405,502,673,127,521
33335,506,401,502,362,517,401,502,362,512,404,503,671,127,521
33345,505,400,501,361,518,400,501,361,511,403,502,672,127,521
33355,505,400,501,361,518,400,501,361,511,403,502,672,127,521
33365,505,400,500,359,518,400,500,359,511,403,501,674,127,521
33375,506,401,500,357,517,401,500,357,512,404,501,676,127,521
33385,508,402,500,355,515,402,500,355,512,405,501,678,127,521
33395,509,403,499,352,514,403,499,352,513,406,500,681,127,521
33405,510,403,498,350,513,403,498,350,514,406,499,683,127,521
33415,510,402,498,349,513,402,498,349,514,405,499,684,127,521
33425,508,402,499,348,515,402,499,348,512,405,500,685,127,521
33435,507,401,499,350,516,401,499,350,512,404,500,683,127,521
33445,506,400,499,354,517,400,499,354,512,403,500,679,127,521
33455,507,400,499,357,516,400,499,357,512,403,500,676,127,521
33465,507,402,499,358,516,402,499,358,512,405,500,675,127,521
33475,508,404,500,357,515,404,500,357,512,407,501,676,127,521
33485,509,405,501,356,514,405,501,356,513,408,502,677,127,521
33495,509,404,501,356,514,404,501,356,513,407,502,677,127,521
33505,508,402,501,357,515,402,501,357,512,405,502,676,127,521
33515,507,401,501,357,516,401,501,357,512,404,502,676,127,521
33525,506,400,501,360,517,400,501,360,512,403,502,673,127,521
33535,506,400,500,363,517,400,500,363,512,403,501,670,127,521
33545,506,401,499,365,517,401,499,365,512,404,500,668,127,521
33555,507,402,499,365,516,402,499,365,512,405,500,668,127,521
33565,509,403,499,364,514,403,499,364,513,406,500,669,127,521
33575,510,404,499,362,513,404,499,362,514,407,500,671,127,521
33585,510,404,499,361,513,404,499,361,514,407,500,672,127,521
33595,508,402,500,361,515,402,500,361,512,405,501,672,127,521
33605,506,401,501,361,517,401,501,361,512,404,502,672,127,521
33615,505,400,501,363,518,400,501,363,511,403,502,670,127,521
33625,505,400,500,365,518,400,500,365,511,403,501,668,127,521
33635,506,401,499,366,517,401,499,366,512,404,500,667,127,521
33645,508,402,498,365,515,402,498,365,512,405,499,668,127,521
33655,510,404,498,363,513,404,498,363,514,407,499,670,127,521
33665,510,403,498,361,513,403,498,361,514,406,499,672,127,521
33675,509,403,499,360,514,403,499,360,513,406,500,673,127,521
33685,508,402,500,360,515,402,500,360,512,405,501,673,127,521
33695,506,401,501,362,517,401,501,362,512,404,502,671,127,521
33705,505,401,501,363,518,401,501,363,511,404,502,670,127,521
33715,505,401,501,364,518,401,501,364,511,404,502,669,127,521
33725,506,402,500,364,517,402,500,364,512,405,501,669,127,521
33735,508,403,499,364,515,403,499,364,512,406,500,669,127,521
33745,510,403,498,363,513,403,498,363,514,406,499,670,127,521
33755,511,404,497,361,512,404,497,361,515,407,498,672,127,521
33765,510,403,498,360,513,403,498,360,514,406,499,673,127,521
33775,509,402,499,361,514,402,499,361,513,405,500,672,127,521
33785,506,401,501,363,517,401,501,363,512,404,502,670,127,521
33795,505,401,501,365,518,401,501,365,511,404,502,668,127,521
33805,506,401,500,366,517,401,500,366,512,404,501,667,127,521
33815,507,402,499,366,516,402,499,366,512,405,500,667,127,521
33825,508,402,499,365,515,402,499,365,512,405,500,668,127,521
33835,509,402,499,363,514,402,499,363,513,405,500,670,127,521
33845,509,403,498,360,514,403,498,360,513,406,499,673,127,521
33855,508,402,499,359,515,402,499,359,512,405,500,674,127,521
33865,507,402,500,359,516,402,500,359,512,405,501,674,127,521
33875,506,402,501,361,517,402,501,361,512,405,502,672,127,521
33885,505,401,502,364,518,401,502,364,511,404,503,669,127,521
33895,505,402,502,366,518,402,502,366,511,405,503,667,127,521
33905,507,402,501,367,516,402,501,367,512,405,502,666,127,521
33915,508,402,499,367,515,402,499,367,512,405,500,666,127,521
33925,508,403,499,367,515,403,499,367,512,406,500,666,127,521
33935,507,403,498,365,516,403,498,365,512,406,499,668,127,521
33945,507,403,498,363,516,403,498,363,512,406,499,670,127,521
33955,507,404,498,361,516,404,498,361,512,407,499,672,127,521
33965,507,404,498,360,516,404,498,360,512,407,499,673,127,521
33975,507,403,499,359,516,403,499,359,512,406,500,674,127,521
33985,507,403,500,359,516,403,500,359,512,406,501,674,127,521
33995,507,401,499,359,516,401,499,359,512,404,500,674,127,521
34005,507,401,499,360,516,401,499,360,512,404,500,673,127,521
34015,507,400,499,362,516,400,499,362,512,403,500,671,127,521
34025,507,400,498,363,516,400,498,363,512,403,499,670,127,521
34035,507,402,498,363,516,402,498,363,512,405,499,670,127,521
34045,508,403,498,361,515,403,498,361,512,406,499,672,127,521
34055,509,404,499,359,514,404,499,359,513,407,500,674,127,521
34065,509,404,499,359,514,404,499,359,513,407,500,674,127,521
34075,508,402,500,361,515,402,500,361,512,405,501,672,127,521
34085,506,401,501,362,517,401,501,362,512,404,502,671,127,521
34095,505,400,501,363,518,400,501,363,511,403,502,670,127,521
34105,505,400,501,364,518,400,501,364,511,403,502,669,127,521
34115,506,401,500,365,517,401,500,365,512,404,501,668,127,521
34125,507,402,500,365,516,402,500,365,512,405,501,668,127,521
34135,509,403,499,362,514,403,499,362,513,406,500,671,127,521
34145,510,404,499,359,513,404,499,359,514,407,500,674,127,521
34155,510,404,499,357,513,404,499,357,514,407,500,676,127,521
34165,509,403,500,358,514,403,500,358,513,406,501,675,127,521
34175,506,401,501,361,517,401,501,361,512,404,502,672,127,521
34185,505,400,501,364,518,400,501,364,511,403,502,669,127,521
34195,505,399,500,367,518,399,500,367,511,402,501,666,127,521
34205,506,400,499,372,517,400,499,372,512,403,500,661,127,521
34215,508,401,499,372,515,401,499,372,512,404,500,661,127,521
34225,509,403,498,367,514,403,498,367,513,406,499,666,127,521
34235,509,404,498,362,514,404,498,362,513,407,499,671,127,521
34245,509,404,499,359,514,404,499,359,513,407,500,674,127,521
34255,509,404,499,356,514,404,499,356,513,407,500,677,127,521
34265,508,404,500,355,515,404,500,355,512,407,501,678,127,521
34275,506,403,500,354,517,403,500,354,512,406,501,679,127,521
34285,506,403,501,355,517,403,501,355,512,406,502,678,127,521
34295,506,403,501,357,517,403,501,357,512,406,502,676,127,521
34305,507,403,500,358,516,403,500,358,512,406,501,675,127,521
34315,508,403,499,359,515,403,499,359,512,406,500,674,127,521
34325,508,402,499,361,515,402,499,361,512,405,500,672,127,521
34335,508,402,498,361,515,402,498,361,512,405,499,672,127,521
34345,508,403,499,358,515,403,499,358,512,406,500,675,127,521
34355,507,403,499,356,516,403,499,356,512,406,500,677,127,521
34365,507,403,500,355,516,403,500,355,512,406,501,678,127,521
34375,506,402,500,356,517,402,500,356,512,405,501,677,127,521
34385,506,402,500,358,517,402,500,358,512,405,501,675,127,521
34395,507,401,499,361,516,401,499,361,512,404,500,672,127,521
34405,508,401,498,361,515,401,498,361,512,404,499,672,127,521
34415,508,402,498,358,515,402,498,358,512,405,499,675,127,521
34425,509,403,498,355,514,403,498,355,513,406,499,678,127,521
34435,509,403,498,352,514,403,498,352,513,406,499,681,127,521
34445,509,403,499,352,514,403,499,352,513,406,500,681,127,521
34455,508,402,500,354,515,402,500,354,512,405,501,679,127,521
34465,507,401,501,358,516,401,501,358,512,404,502,675,127,521
34475,506,401,501,362,517,401,501,362,512,404,502,671,127,521
34485,506,401,501,365,517,401,501,365,512,404,502,668,127,521
34495,507,402,500,365,516,402,500,365,512,405,501,668,127,521
34505,509,402,499,364,514,402,499,364,513,405,500,669,127,521
34515,510,402,499,361,513,402,499,361,514,405,500,672,127,521
34525,510,403,499,358,513,403,499,358,514,406,500,675,127,521
34535,511,403,498,356,512,403,498,356,515,406,499,677,127,521
34545,510,403,499,355,513,403,499,355,514,406,500,678,127,521
34555,509,403,500,356,514,403,500,356,513,406,501,677,127,521
34565,508,403,501,357,515,403,501,357,512,406,502,676,127,521
34575,508,402,501,358,515,402,501,358,512,405,502,675,127,521
34585,508,402,499,360,515,402,499,360,512,405,500,673,127,521
34595,509,401,499,360,514,401,499,360,513,404,500,673,127,521
34605,509,401,499,360,514,401,499,360,513,404,500,673,127,521
34615,509,401,499,359,514,401,499,359,513,404,500,674,127,521
34625,509,401,499,358,514,401,499,358,513,404,500,675,127,521
34635,508,401,499,359,515,401,499,359,512,404,500,674,127,521
34645,506,401,501,361,517,401,501,361,512,404,502,672,127,521
34655,505,400,502,364,518,400,502,364,511,403,503,669,127,521
34665,505,401,502,365,518,401,502,365,511,404,503,668,127,521
34675,507,401,501,366,516,401,501,366,512,404,502,667,127,521
34685,509,402,499,365,514,402,499,365,513,405,500,668,127,521
34695,510,403,498,362,513,403,498,362,514,406,499,671,127,521
34705,510,403,498,359,513,403,498,359,514,406,499,674,127,521
34715,510,403,498,358,513,403,498,358,514,406,499,675,127,521
34725,509,404,498,357,514,404,498,357,513,407,499,676,127,521
34735,509,404,499,357,514,404,499,357,513,407,500,676,127,521
34745,507,403,501,358,516,403,501,358,512,406,502,675,127,521
34755,507,402,501,360,516,402,501,360,512,405,502,673,127,521
34765,507,401,501,362,516,401,501,362,512,404,502,671,127,521
34775,508,401,500,364,515,401,500,364,512,404,501,669,127,521
34785,509,401,498,365,514,401,498,365,513,404,499,668,127,521
34795,509,402,498,364,514,402,498,364,513,405,499,669,127,521
34805,509,403,498,363,514,403,498,363,513,406,499,670,127,521
34815,509,403,499,362,514,403,499,362,513,406,500,671,127,521
34825,510,404,499,362,513,404,499,362,514,407,500,671,127,521
34835,510,403,499,362,513,403,499,362,514,406,500,671,127,521
34845,510,403,500,363,513,403,500,363,514,406,501,670,127,521
34855,509,402,500,363,514,402,500,363,513,405,501,670,127,521
34865,509,401,499,364,514,401,499,364,513,404,500,669,127,521
34875,509,400,499,364,514,400,499,364,513,403,500,669,127,521
34885,509,400,499,364,514,400,499,364,513,403,500,669,127,521
34895,508,401,498,365,515,401,498,365,512,404,499,668,127,521
34905,508,402,499,364,515,402,499,364,512,405,500,669,127,521
34915,509,403,499,363,514,403,499,363,513,406,500,670,127,521
34925,510,404,499,362,513,404,499,362,514,407,500,671,127,521
34935,510,404,500,361,513,404,500,361,514,407,501,672,127,521
34945,510,402,500,360,513,402,500,360,514,405,501,673,127,521
34955,509,401,500,358,514,401,500,358,513,404,501,675,127,521
34965,508,400,499,359,515,400,499,359,512,403,500,674,127,521
34975,508,400,499,360,515,400,499,360,512,403,500,673,127,521
34985,508,401,499,361,515,401,499,361,512,404,500,672,127,521
34995,508,402,499,363,515,402,499,363,512,405,500,670,127,521
35005,508,403,499,364,515,403,499,364,512,406,500,669,127,521
35015,508,404,500,364,515,404,500,364,512,407,501,669,127,521
35025,509,404,500,363,514,404,500,363,513,407,501,670,127,521
35035,510,404,500,362,513,404,500,362,514,407,501,671,127,521
35045,510,403,500,361,513,403,500,361,514,406,501,672,127,521
35055,511,402,499,360,512,402,499,360,515,405,500,673,127,521
35065,511,401,499,359,512,401,499,359,515,404,500,674,127,521
35075,510,401,499,358,513,401,499,358,514,404,500,675,127,521
35085,510,401,498,357,513,401,498,357,514,404,499,676,127,521
35095,510,402,498,355,513,402,498,355,514,405,499,678,127,521
35105,510,402,499,356,513,402,499,356,514,405,500,677,127,521
35115,509,402,499,356,514,402,499,356,513,405,500,677,127,521
35125,508,402,500,357,515,402,500,357,512,405,501,676,127,521
38591,507,402,500,359,516,402,500,359,512,405,501,674,127,521
38592,507,401,499,361,516,401,499,361,512,404,500,672,127,521
38595,508,627,511,353,515,627,511,353,512,628,512,680,127,521
38605,507,625,511,356,516,625,511,356,512,626,512,677,127,521
38615,506,625,510,359,517,625,510,359,512,626,512,674,127,521
38625,505,625,510,362,518,625,510,362,511,626,512,671,127,521
38635,505,625,510,363,518,625,510,363,511,626,512,670,127,521
38645,505,626,510,365,518,626,510,365,511,627,512,668,127,521
38655,505,626,510,367,518,626,510,367,511,627,512,666,127,521
38665,505,625,510,370,518,625,510,370,511,626,512,663,127,521
38675,505,626,510,372,518,626,510,372,511,627,512,661,127,521
38685,506,626,510,372,517,626,510,372,512,627,512,661,127,521
38695,507,627,511,370,516,627,511,370,512,628,512,663,127,521
38705,508,628,511,366,515,628,511,366,512,629,512,667,127,521
38715,509,628,511,362,514,628,511,362,513,629,512,671,127,521
38725,509,629,511,358,514,629,511,358,513,630,512,675,127,521
38735,509,629,511,356,514,629,511,356,513,630,512,677,127,521
38745,509,629,511,355,514,629,511,355,513,630,512,678,127,521
38755,508,629,511,356,515,629,511,356,512,630,512,677,127,521
38765,508,628,511,358,515,628,511,358,512,629,512,675,127,521
38775,508,628,511,361,515,628,511,361,512,629,512,672,127,521
38785,508,627,511,365,515,627,511,365,512,628,512,668,127,521
38795,509,626,511,369,514,626,511,369,513,627,512,664,127,521
38805,509,626,511,371,514,626,511,371,513,627,512,662,127,521
38815,509,626,511,371,514,626,511,371,513,627,512,662,127,521
38825,509,626,512,369,514,626,512,369,513,627,512,664,127,521
38835,509,626,512,365,514,626,512,365,513,627,512,668,127,521
38845,509,627,512,362,514,627,512,362,513,628,512,671,127,521
38855,509,627,512,360,514,627,512,360,513,628,512,673,127,521
38865,508,627,511,359,515,627,511,359,512,628,512,674,127,521
38875,508,627,511,358,515,627,511,358,512,628,512,675,127,521
38885,508,627,511,358,515,627,511,358,512,628,512,675,127,521
38895,507,627,511,357,516,627,511,357,512,628,512,676,127,521
38905,507,627,511,358,516,627,511,358,512,628,512,675,127,521
38915,507,627,511,360,516,627,511,360,512,628,512,673,127,521
38925,507,627,511,361,516,627,511,361,512,628,512,672,127,521
38935,507,627,510,361,516,627,510,361,512,628,512,672,127,521
38945,507,627,511,362,516,627,511,362,512,628,512,671,127,521
38955,506,627,510,362,517,627,510,362,512,628,512,671,127,521
38965,506,628,510,362,517,628,510,362,512,629,512,671,127,521
38975,506,628,509,362,517,628,509,362,512,629,511,671,127,521
38985,506,628,509,360,517,628,509,360,512,629,511,673,127,521
38995,506,629,509,358,517,629,509,358,512,630,511,675,127,521
39005,507,629,510,357,516,629,510,357,512,630,512,676,127,521
39015,507,628,510,356,516,628,510,356,512,629,512,677,127,521
39025,506,627,510,358,517,627,510,358,512,628,512,675,127,521
39035,505,626,510,362,518,626,510,362,511,627,512,671,127,521
39045,504,625,510,365,519,625,510,365,510,626,512,668,127,521
39055,505,625,511,366,518,625,511,366,511,626,512,667,127,521
39065,505,626,511,366,518,626,511,366,511,627,512,667,127,521
39075,506,627,511,364,517,627,511,364,512,628,512,669,127,521
39085,507,628,510,362,516,628,510,362,512,629,512,671,127,521
39095,507,628,511,360,516,628,511,360,512,629,512,673,127,521
39105,507,628,510,359,516,628,510,359,512,629,512,674,127,521
39115,506,627,509,359,517,627,509,359,512,628,511,674,127,521
39125,506,627,510,358,517,627,510,358,512,628,512,675,127,521
39135,506,627,510,358,517,627,510,358,512,628,512,675,127,521
39145,506,627,510,358,517,627,510,358,512,628,512,675,127,521
39155,506,626,511,360,517,626,511,360,512,627,512,673,127,521
39165,507,625,511,362,516,625,511,362,512,626,512,671,127,521
39175,508,625,512,365,515,625,512,365,512,626,512,668,127,521
39185,509,625,512,365,514,625,512,365,513,626,512,668,127,521
39195,509,626,511,365,514,626,511,365,513,627,512,668,127,521
39205,509,626,511,363,514,626,511,363,513,627,512,670,127,521
39215,508,627,510,361,515,627,510,361,512,628,512,672,127,521
39225,507,627,510,359,516,627,510,359,512,628,512,674,127,521
39235,506,627,510,360,517,627,510,360,512,628,512,673,127,521
39245,505,627,510,361,518,627,510,361,511,628,512,672,127,521
39255,506,626,511,363,517,626,511,363,512,627,512,670,127,521
39265,506,625,512,365,517,625,512,365,512,626,512,668,127,521
39275,508,625,512,366,515,625,512,366,512,626,512,667,127,521
39285,509,626,512,365,514,626,512,365,513,627,512,668,127,521
39295,509,627,512,363,514,627,512,363,513,628,512,670,127,521
39305,509,628,511,361,514,628,511,361,513,629,512,672,127,521
39315,508,628,510,359,515,628,510,359,512,629,512,674,127,521
39325,506,628,510,359,517,628,510,359,512,629,512,674,127,521
39335,505,627,510,360,518,627,510,360,511,628,512,673,127,521
39345,505,627,510,362,518,627,510,362,511,628,512,671,127,521
39355,506,626,511,364,517,626,511,364,512,627,512,669,127,521
39365,507,626,511,364,516,626,511,364,512,627,512,669,127,521
39375,507,626,512,363,516,626,512,363,512,627,512,670,127,521
39385,507,627,511,362,516,627,511,362,512,628,512,671,127,521
39395,506,627,511,361,517,627,511,361,512,628,512,672,127,521
39405,505,627,510,362,518,627,510,362,511,628,512,671,127,521
39415,505,626,510,364,518,626,510,364,511,627,512,669,127,521
39425,505,626,509,365,518,626,509,365,511,627,511,668,127,521
39435,506,627,510,366,517,627,510,366,512,628,512,667,127,521
39445,507,627,510,365,516,627,510,365,512,628,512,668,127,521
39455,508,627,511,363,515,627,511,363,512,628,512,670,127,521
39465,509,627,511,360,514,627,511,360,513,628,512,673,127,521
39475,509,627,512,359,514,627,512,359,513,628,512,674,127,521
39485,509,626,511,359,514,626,511,359,513,627,512,674,127,521
39495,508,626,510,361,515,626,510,361,512,627,512,672,127,521
39505,507,626,510,363,516,626,510,363,512,627,512,670,127,521
39515,507,626,510,365,516,626,510,365,512,627,512,668,127,521
39525,508,627,510,365,515,627,510,365,512,628,512,668,127,521
39535,508,627,511,363,515,627,511,363,512,628,512,670,127,521
39545,509,627,511,360,514,627,511,360,513,628,512,673,127,521
39555,509,627,511,359,514,627,511,359,513,628,512,674,127,521
39565,508,627,510,360,515,627,510,360,512,628,512,673,127,521
39575,508,626,510,362,515,626,510,362,512,627,512,671,127,521
39585,508,627,510,363,515,627,510,363,512,628,512,670,127,521
39595,509,628,511,362,514,628,511,362,513,629,512,671,127,521
39605,509,629,511,360,514,629,511,360,513,630,512,673,127,521
39615,508,628,511,359,515,628,511,359,512,629,512,674,127,521
39625,507,628,511,359,516,628,511,359,512,629,512,674,127,521
39635,506,627,511,359,517,627,511,359,512,628,512,674,127,521
39645,506,627,511,360,517,627,511,360,512,628,512,673,127,521
39655,506,627,511,360,517,627,511,360,512,628,512,673,127,521
39665,506,628,511,359,517,628,511,359,512,629,512,674,127,521
39675,506,628,511,359,517,628,511,359,512,629,512,674,127,521
39685,506,628,510,359,517,628,510,359,512,629,512,674,127,521
39695,505,627,510,360,518,627,510,360,511,628,512,673,127,521
39705,505,627,509,361,518,627,509,361,511,628,511,672,127,521
39715,505,627,509,361,518,627,509,361,511,628,511,672,127,521
39725,505,626,509,362,518,626,509,362,511,627,511,671,127,521
39735,506,626,510,364,517,626,510,364,512,627,512,669,127,521
39745,507,626,510,364,516,626,510,364,512,627,512,669,127,521
39755,509,626,511,363,514,626,511,363,513,627,512,670,127,521
39765,509,626,511,361,514,626,511,361,513,627,512,672,127,521
39775,509,626,510,360,514,626,510,360,513,627,512,673,127,521
39785,508,626,509,359,515,626,509,359,512,627,511,674,127,521
39795,507,627,509,360,516,627,509,360,512,628,511,673,127,521
39805,506,627,508,361,517,627,508,361,512,628,510,672,127,521
39815,506,627,508,362,517,627,508,362,512,628,510,671,127,521
39825,506,627,509,362,517,627,509,362,512,628,511,671,127,521
39835,507,627,509,362,516,627,509,362,512,628,511,671,127,521
39845,507,626,510,362,516,626,510,362,512,627,512,671,127,521
39855,507,626,510,363,516,626,510,363,512,627,512,670,127,521
39865,506,626,510,364,517,626,510,364,512,627,512,669,127,521
39875,505,626,509,365,518,626,509,365,511,627,511,668,127,521
39885,505,626,509,365,518,626,509,365,511,627,511,668,127,521
39895,506,627,509,364,517,627,509,364,512,628,511,669,127,521
39905,507,627,510,363,516,627,510,363,512,628,512,670,127,521
39915,508,627,511,361,515,627,511,361,512,628,512,672,127,521
39925,508,627,511,360,515,627,511,360,512,628,512,673,127,521
39935,507,627,511,359,516,627,511,359,512,628,512,674,127,521
39945,506,627,510,360,517,627,510,360,512,628,512,673,127,521
39955,505,627,509,362,518,627,509,362,511,628,511,671,127,521
39965,504,627,509,363,519,627,509,363,510,628,511,670,127,521
39975,506,627,509,364,517,627,509,364,512,628,511,669,127,521
39985,507,628,509,363,516,628,509,363,512,629,511,670,127,521
39995,508,628,510,362,515,628,510,362,512,629,512,671,127,521
40005,509,628,510,360,514,628,510,360,513,629,512,673,127,521
40015,508,627,510,360,515,627,510,360,512,628,512,673,127,521
40025,507,627,510,362,516,627,510,362,512,628,512,671,127,521
40035,505,626,510,366,518,626,510,366,511,627,512,667,127,521
40045,505,625,509,370,518,625,509,370,511,626,511,663,127,521
40055,505,625,509,372,518,625,509,372,511,626,511,661,127,521
40065,506,625,510,372,517,625,510,372,512,626,512,661,127,521
40075,507,626,511,369,516,626,511,369,512,627,512,664,127,521
40085,509,626,511,364,514,626,511,364,513,627,512,669,127,521
40095,509,627,511,360,514,627,511,360,513,628,512,673,127,521
40105,509,627,511,356,514,627,511,356,513,628,512,677,127,521
40115,508,627,510,355,515,627,510,355,512,628,512,678,127,521
40125,507,627,509,357,516,627,509,357,512,628,511,676,127,521
40135,506,627,509,360,517,627,509,360,512,628,511,673,127,521
40145,505,628,509,363,518,628,509,363,511,629,511,670,127,521
40155,505,627,509,366,518,627,509,366,511,628,511,667,127,521
40165,506,627,509,368,517,627,509,368,512,628,511,665,127,521
40175,507,627,510,368,516,627,510,368,512,628,512,665,127,521
40185,508,627,510,367,515,627,510,367,512,628,512,666,127,521
40195,509,627,510,365,514,627,510,365,513,628,512,668,127,521
40205,509,627,510,363,514,627,510,363,513,628,512,670,127,521
40215,508,627,509,363,515,627,509,363,512,628,511,670,127,521
40225,508,627,509,361,515,627,509,361,512,628,511,672,127,521
40235,508,627,509,360,515,627,509,360,512,628,511,673,127,521
40245,508,627,510,359,515,627,510,359,512,628,512,674,127,521
40255,507,626,510,359,516,626,510,359,512,627,512,674,127,521
40265,507,625,510,360,516,625,510,360,512,626,512,673,127,521
40275,507,625,510,361,516,625,510,361,512,626,512,672,127,521
40285,508,625,510,363,515,625,510,363,512,626,512,670,127,521
40295,508,626,510,364,515,626,510,364,512,627,512,669,127,521
40305,509,627,510,364,514,627,510,364,513,628,512,669,127,521
40315,509,628,510,363,514,628,510,363,513,629,512,670,127,521
40325,508,628,510,362,515,628,510,362,512,629,512,671,127,521
40335,508,628,510,361,515,628,510,361,512,629,512,672,127,521
40345,506,628,510,361,517,628,510,361,512,629,512,672,127,521
40355,505,627,510,362,518,627,510,362,511,628,512,671,127,521
40365,505,626,510,364,518,626,510,364,511,627,512,669,127,521
40375,506,626,510,365,517,626,510,365,512,627,512,668,127,521
40385,507,627,510,365,516,627,510,365,512,628,512,668,127,521
40395,509,627,510,363,514,627,510,363,513,628,512,670,127,521
40405,509,628,510,361,514,628,510,361,513,629,512,672,127,521
40415,509,628,510,358,514,628,510,358,513,629,512,675,127,521
40425,508,627,510,357,515,627,510,357,512,628,512,676,127,521
40435,506,626,509,358,517,626,509,358,512,627,511,675,127,521
40445,506,626,509,359,517,626,509,359,512,627,511,674,127,521
40455,505,626,508,360,518,626,508,360,511,627,510,673,127,521
40465,506,626,509,359,517,626,509,359,512,627,511,674,127,521
40475,506,627,509,359,517,627,509,359,512,628,511,674,127,521
40485,505,627,509,360,518,627,509,360,511,628,511,673,127,521
40495,505,626,509,363,518,626,509,363,511,627,511,670,127,521
40505,505,625,510,369,518,625,510,369,511,626,512,664,127,521
40515,505,624,510,374,518,624,510,374,511,625,512,659,127,521
40525,506,624,510,377,517,624,510,377,512,625,512,656,127,521
40535,507,625,510,376,516,625,510,376,512,626,512,657,127,521
40545,508,627,511,372,515,627,511,372,512,628,512,661,127,521
40555,509,628,511,367,514,628,511,367,513,629,512,666,127,521
40565,510,628,511,363,513,628,511,363,514,629,512,670,127,521
40575,510,628,511,359,513,628,511,359,514,629,512,674,127,521
40585,509,628,511,357,514,628,511,357,513,629,512,676,127,521
40595,509,628,511,356,514,628,511,356,513,629,512,677,127,521
40605,509,629,511,356,514,629,511,356,513,630,512,677,127,521
40615,509,628,511,357,514,628,511,357,513,629,512,676,127,521
40625,509,628,511,360,514,628,511,360,513,629,512,673,127,521
40635,509,627,511,363,514,627,511,363,513,628,512,670,127,521
40645,509,627,511,367,514,627,511,367,513,628,512,666,127,521
40655,509,627,510,368,514,627,510,368,513,628,512,665,127,521
40665,508,627,510,368,515,627,510,368,512,628,512,665,127,521
40675,508,628,510,365,515,628,510,365,512,629,512,668,127,521
40685,508,627,510,361,515,627,510,361,512,628,512,672,127,521
40695,508,627,510,358,515,627,510,358,512,628,512,675,127,521
40705,508,626,510,356,515,626,510,356,512,627,512,677,127,521
40715,508,625,510,356,515,625,510,356,512,626,512,677,127,521
40725,508,625,510,358,515,625,510,358,512,626,512,675,127,521
40735,507,624,510,361,516,624,510,361,512,625,512,672,127,521
40745,505,624,509,364,518,624,509,364,511,625,511,669,127,521
40755,505,625,508,366,518,625,508,366,511,626,510,667,127,521
40765,505,626,508,366,518,626,508,366,511,627,510,667,127,521
40775,505,627,509,363,518,627,509,363,511,628,511,670,127,521
40785,506,628,509,359,517,628,509,359,512,629,511,674,127,521
40795,507,628,510,356,516,628,510,356,512,629,512,677,127,521
40805,507,628,510,355,516,628,510,355,512,629,512,678,127,521
40815,507,627,511,356,516,627,511,356,512,628,512,677,127,521
40825,506,627,510,359,517,627,510,359,512,628,512,674,127,521
40835,506,626,510,363,517,626,510,363,512,627,512,670,127,521
40845,506,626,510,365,517,626,510,365,512,627,512,668,127,521
40855,506,626,510,365,517,626,510,365,512,627,512,668,127,521
40865,507,627,510,364,516,627,510,364,512,628,512,669,127,521
40875,509,628,511,362,514,628,511,362,513,629,512,671,127,521
40885,510,628,511,361,513,628,511,361,514,629,512,672,127,521
40895,510,627,511,360,513,627,511,360,514,628,512,673,127,521
40905,510,627,511,360,513,627,511,360,514,628,512,673,127,521
40915,509,627,511,361,514,627,511,361,513,628,512,672,127,521
40925,508,627,510,362,515,627,510,362,512,628,512,671,127,521
40935,508,627,509,363,515,627,509,363,512,628,511,670,127,521
40945,507,627,509,364,516,627,509,364,512,628,511,669,127,521
40955,508,627,509,363,515,627,509,363,512,628,511,670,127,521
40965,508,627,510,362,515,627,510,362,512,628,512,671,127,521
40975,509,627,511,360,514,627,511,360,513,628,512,673,127,521
40985,510,626,511,358,513,626,511,358,514,627,512,675,127,521
40995,510,626,511,358,513,626,511,358,514,627,512,675,127,521
41005,509,626,510,360,514,626,510,360,513,627,512,673,127,521
41015,507,626,509,362,516,626,509,362,512,627,511,671,127,521
41025,506,626,509,365,517,626,509,365,512,627,511,668,127,521
41035,506,627,509,367,517,627,509,367,512,628,511,666,127,521
41045,505,627,509,366,518,627,509,366,511,628,511,667,127,521
41055,506,628,509,364,517,628,509,364,512,629,511,669,127,521
41065,507,628,510,361,516,628,510,361,512,629,512,672,127,521
41075,507,627,511,358,516,627,511,358,512,628,512,675,127,521
41085,508,627,511,356,515,627,511,356,512,628,512,677,127,521
41095,508,627,511,356,515,627,511,356,512,628,512,677,127,521
45078,507,626,510,359,516,626,510,359,512,627,512,512,127,521
45081,507,626,509,362,516,626,509,362,512,627,511,512,127,521
45085,508,506,396,367,515,506,396,367,512,509,396,512,127,521
45095,508,505,398,370,515,505,398,370,512,508,398,512,127,521
45105,508,504,399,374,515,504,399,374,512,507,399,512,127,521
45115,507,502,401,380,516,502,401,380,512,505,401,512,127,521
45125,507,500,402,388,516,500,402,388,512,503,402,512,127,521
45135,507,498,403,397,516,498,403,397,512,501,403,512,127,521
45145,508,499,403,404,515,499,403,404,512,502,403,512,127,521
45155,510,502,403,405,513,502,403,405,514,505,403,512,127,521
45165,515,509,402,396,508,509,402,396,520,512,402,512,127,521
45175,519,518,400,377,504,518,400,377,524,519,399,512,127,521
45185,521,526,399,353,502,526,399,353,526,527,399,512,127,521
45195,522,530,398,333,501,530,398,333,527,531,398,512,127,521
45205,519,529,398,323,504,529,398,323,524,530,398,512,127,521
45215,516,524,398,321,507,524,398,321,521,525,398,512,127,521
45225,512,517,399,327,511,517,399,327,516,518,399,512,127,521
45235,508,509,401,338,515,509,401,338,512,512,401,512,127,521
45245,505,502,403,354,518,502,403,354,511,505,403,512,127,521
45255,503,497,406,370,520,497,406,370,509,500,406,512,127,521
45265,502,495,408,383,521,495,408,383,508,498,408,512,127,521
45275,503,498,408,390,520,498,408,390,509,501,408,512,127,521
45285,505,503,406,392,518,503,406,392,511,506,406,512,127,521
45295,507,510,401,388,516,510,401,388,512,512,401,512,127,521
45305,509,517,397,381,514,517,397,381,513,518,397,512,127,521
45315,512,521,394,372,511,521,394,372,516,522,393,512,127,521
45325,514,522,393,364,509,522,393,364,519,523,392,512,127,521
45335,515,520,394,359,508,520,394,359,520,521,393,512,127,521
45345,516,514,393,362,507,514,393,362,521,515,392,512,127,521
45355,515,506,389,371,508,506,389,371,520,509,388,512,127,521
45365,515,504,388,378,508,504,388,378,520,507,387,512,127,521
45375,517,508,388,378,506,508,388,378,522,511,387,512,127,521
45386,520,514,389,372,503,514,389,372,525,515,388,661,127,521
45395,522,520,391,364,501,520,391,364,527,521,390,669,127,521
45405,521,521,395,359,502,521,395,359,526,522,394,674,127,521
45415,518,520,399,357,505,520,399,357,523,521,399,676,127,521
45425,516,517,402,358,507,517,402,358,521,518,402,675,127,521
45435,513,516,404,359,510,516,404,359,517,517,404,674,127,521
45445,511,516,405,359,512,516,405,359,515,517,405,674,127,521
45455,512,518,406,355,511,518,406,355,516,519,406,678,127,521
45465,514,523,409,344,509,523,409,344,519,524,409,689,127,521
45475,516,525,407,334,507,525,407,334,521,526,407,699,127,521
45485,517,522,403,331,506,522,403,331,522,523,403,702,127,521
45495,516,518,400,332,507,518,400,332,521,519,399,701,127,521
45505,515,517,397,332,508,517,397,332,520,518,397,701,127,521
45515,515,519,393,330,508,519,393,330,520,520,392,703,127,521
45525,517,521,390,328,506,521,390,328,522,522,389,705,127,521
45535,518,522,389,325,505,522,389,325,523,523,388,708,127,521
45545,519,522,389,324,504,522,389,324,524,523,388,709,127,521
45555,518,520,390,323,505,520,390,323,523,521,389,710,127,521
45565,518,518,389,323,505,518,389,323,523,519,388,710,127,521
45575,518,517,386,320,505,517,386,320,523,518,385,713,127,521
45585,517,518,385,314,506,518,385,314,522,519,384,719,127,521
45595,516,520,390,307,507,520,390,307,521,521,389,726,127,521
45605,515,521,397,301,508,521,397,301,520,522,397,732,127,521
45615,515,523,403,297,508,523,403,297,520,524,403,736,127,521
45625,516,525,406,295,507,525,406,295,521,526,406,738,127,521
45635,517,527,407,294,506,527,407,294,522,528,407,739,127,521
45645,518,528,406,295,505,528,406,295,523,529,406,738,127,521
45655,518,527,403,298,505,527,403,298,523,528,403,735,127,521
45665,515,524,400,301,508,524,400,301,520,525,399,732,127,521
45675,513,521,399,303,510,521,399,303,517,522,399,730,127,521
45685,511,519,400,303,512,519,400,303,515,520,399,730,127,521
45695,510,518,402,300,513,518,402,300,514,519,402,733,127,521
45705,511,519,403,296,512,519,403,296,515,520,403,737,127,521
45715,512,523,405,290,511,523,405,290,516,524,405,743,127,521
45725,515,526,407,283,508,526,407,283,520,527,407,750,127,521
45735,517,528,405,279,506,528,405,279,522,529,405,754,127,521
45745,518,527,399,280,505,527,399,280,523,528,399,753,127,521
45755,517,526,395,283,506,526,395,283,522,527,394,750,127,521
45765,516,524,396,287,507,524,396,287,521,525,396,746,127,521
45775,515,523,398,293,508,523,398,293,520,524,398,740,127,521
45785,515,521,400,297,508,521,400,297,520,522,399,736,127,521
45795,516,521,401,299,507,521,401,299,521,522,401,734,127,521
45805,517,523,402,297,506,523,402,297,522,524,402,736,127,521
45815,519,524,401,293,504,524,401,293,524,525,401,740,127,521
45825,519,525,402,288,504,525,402,288,524,526,402,745,127,521
45835,517,526,403,285,506,526,403,285,522,527,403,748,127,521
45845,515,525,402,285,508,525,402,285,520,526,402,748,127,521
45855,513,523,400,287,510,523,400,287,517,524,399,746,127,521
45865,511,522,397,290,512,522,397,290,515,523,397,743,127,521
45875,510,521,396,291,513,521,396,291,514,522,396,742,127,521
45885,510,522,398,288,513,522,398,288,514,523,398,745,127,521
45895,512,523,402,283,511,523,402,283,516,524,402,750,127,521
45905,514,526,406,275,509,526,406,275,519,527,406,758,127,521
45915,517,528,407,266,506,528,407,266,522,529,407,767,127,521
45925,518,527,405,257,505,527,405,257,523,528,405,776,127,521
45935,518,526,402,252,505,526,402,252,523,527,402,781,127,521
45945,517,524,399,249,506,524,399,249,522,525,399,784,127,521
45955,515,522,398,250,508,522,398,250,520,523,398,783,127,521
45965,513,520,398,254,510,520,398,254,517,521,398,779,127,521
45975,514,520,399,257,509,520,399,257,519,521,399,776,127,521
45985,517,521,402,260,506,521,402,260,522,522,402,773,127,521
45995,520,522,405,260,503,522,405,260,525,523,405,773,127,521
46005,521,524,407,258,502,524,407,258,526,525,407,775,127,521
46015,519,524,407,255,504,524,407,255,524,525,407,778,127,521
46025,514,522,403,253,509,522,403,253,519,523,403,780,127,521
46035,508,520,400,251,515,520,400,251,512,521,399,782,127,521
46045,505,518,399,252,518,518,399,252,511,519,399,781,127,521
46055,504,517,401,254,519,517,401,254,510,518,401,779,127,521
46065,507,517,403,257,516,517,403,257,512,518,403,776,127,521
46075,511,517,404,259,512,517,404,259,515,518,404,774,127,521
46085,515,518,404,261,508,518,404,261,520,519,404,772,127,521
46095,516,520,404,261,507,520,404,261,521,521,404,772,127,521
46105,515,519,402,262,508,519,402,262,520,520,402,771,127,521
46115,512,518,399,264,511,518,399,264,516,519,399,769,127,521
46125,510,516,397,265,513,516,397,265,514,517,397,768,127,521
46135,510,516,397,265,513,516,397,265,514,517,397,768,127,521
46145,513,516,399,263,510,516,399,263,517,517,399,770,127,521
46155,517,518,401,259,506,518,401,259,522,519,401,774,127,521
46165,521,519,403,254,502,519,403,254,526,520,403,779,127,521
46175,523,520,403,249,500,520,403,249,528,521,403,784,127,521
46185,522,518,401,244,501,518,401,244,527,519,401,789,127,521
46195,518,515,396,241,505,515,396,241,523,516,396,792,127,521
46205,515,511,391,239,508,511,391,239,520,512,390,794,127,521
46215,513,510,389,237,510,510,389,237,517,512,388,796,127,521
46225,512,510,389,234,511,510,389,234,516,512,388,799,127,521
46235,514,512,390,229,509,512,390,229,519,513,389,804,127,521
46245,515,513,393,225,508,513,393,225,520,514,392,808,127,521
46255,517,513,397,221,506,513,397,221,522,514,397,812,127,521
46265,518,513,399,216,505,513,399,216,523,514,399,817,127,521
46275,515,513,397,213,508,513,397,213,520,514,397,820,127,521
46285,510,512,394,214,513,512,394,214,514,513,393,819,127,521
46295,507,509,394,218,516,509,394,218,512,512,393,815,127,521
46305,507,508,397,220,516,508,397,220,512,511,397,813,127,521
46315,508,508,401,223,515,508,401,223,512,511,401,810,127,521
46325,511,509,404,225,512,509,404,225,515,512,404,808,127,521
46335,513,510,403,229,510,510,403,229,517,512,403,804,127,521
46345,514,509,399,233,509,509,399,233,519,512,399,800,127,521
46355,513,509,395,236,510,509,395,236,517,512,394,797,127,521
46365,512,509,394,241,511,509,394,241,516,512,393,792,127,521
46375,511,509,397,244,512,509,397,244,515,512,397,789,127,521
46385,511,509,401,248,512,509,401,248,515,512,401,785,127,521
46395,513,510,404,250,510,510,404,250,517,512,404,783,127,521
46405,516,509,403,253,507,509,403,253,521,512,403,780,127,521
46415,517,513,401,255,506,513,401,255,522,514,401,778,127,521
46425,518,512,397,261,505,512,397,261,523,513,397,772,127,521
46435,516,511,392,267,507,511,392,267,521,512,391,766,127,521
46445,513,511,392,271,510,511,392,271,517,512,391,762,127,521
46455,511,510,394,272,512,510,394,272,515,512,393,761,127,521
46465,511,510,395,274,512,510,395,274,515,512,394,759,127,521
46475,513,509,397,281,510,509,397,281,517,512,397,752,127,521
46485,517,507,399,287,506,507,399,287,522,510,399,746,127,521
46495,516,510,401,288,507,510,401,288,521,512,401,745,127,521
46505,513,515,403,285,510,515,403,285,517,516,403,748,127,521
46515,512,514,401,288,511,514,401,288,516,515,401,745,127,521
46525,513,511,395,292,510,511,395,292,517,512,394,741,127,521
46535,514,511,390,300,509,511,390,300,519,512,389,733,127,521
46545,516,511,392,306,507,511,392,306,521,512,391,727,127,521
46555,517,511,399,310,506,511,399,310,522,512,399,723,127,521
46565,518,512,407,313,505,512,407,313,523,513,407,720,127,521
46575,521,513,412,312,502,513,412,312,526,514,412,721,127,521
46585,522,514,411,309,501,514,411,309,527,515,411,724,127,521
46595,521,513,405,304,502,513,405,304,526,514,405,729,127,521
46605,519,511,397,303,504,511,397,303,524,512,397,730,127,521
46615,516,511,389,310,507,511,389,310,521,512,388,723,127,521
46625,515,513,388,321,508,513,388,321,520,514,387,712,127,521
46635,515,515,392,333,508,515,392,333,520,516,391,700,127,521
46645,517,516,398,341,506,516,398,341,522,517,398,692,127,521
46655,521,516,402,340,502,516,402,340,526,517,402,693,127,521
46665,527,514,404,327,496,514,404,327,532,515,404,706,127,521
46675,533,513,405,307,490,513,405,307,538,514,405,726,127,521
46685,534,514,406,295,489,514,406,295,539,515,406,738,127,521
46695,531,517,404,295,492,517,404,295,536,518,404,738,127,521
46705,528,518,400,301,495,518,400,301,533,519,399,732,127,521
46715,527,518,397,305,496,518,397,305,532,519,397,728,127,521
46725,528,517,397,302,495,517,397,302,533,518,397,731,127,521
46735,528,516,399,295,495,516,399,295,533,517,399,738,127,521
46745,527,515,401,290,496,515,401,290,532,516,401,743,127,521
46755,526,516,405,288,497,516,405,288,531,517,405,745,127,521
46765,525,516,407,288,498,516,407,288,530,517,407,745,127,521
46775,522,516,406,289,501,516,406,289,527,517,406,744,127,521
46785,517,515,401,293,506,515,401,293,522,516,401,740,127,521
46795,512,515,397,302,511,515,397,302,516,516,397,731,127,521
46805,511,516,395,310,512,516,395,310,515,517,394,723,127,521
46815,513,516,395,314,510,516,395,314,517,517,394,719,127,521
46825,515,516,397,319,508,516,397,319,520,517,397,714,127,521
46835,516,516,400,322,507,516,400,322,521,517,399,711,127,521
46845,517,515,400,324,506,515,400,324,522,516,399,709,127,521
46855,518,514,398,323,505,514,398,323,523,515,398,710,127,521
46865,518,513,397,321,505,513,397,321,523,514,397,712,127,521
46875,516,513,395,323,507,513,395,323,521,514,394,710,127,521
46885,514,512,394,329,509,512,394,329,519,513,393,704,127,521
46895,511,512,393,336,512,512,393,336,515,513,392,697,127,521
46905,511,512,393,342,512,512,393,342,515,513,392,691,127,521
46915,513,513,395,347,510,513,395,347,517,514,394,686,127,521
46925,515,514,399,348,508,514,399,348,520,515,399,685,127,521
46935,517,514,402,346,506,514,402,346,522,515,402,687,127,521
46945,517,514,404,343,506,514,404,343,522,515,404,690,127,521
46955,517,514,403,340,506,514,403,340,522,515,403,693,127,521
46965,518,513,400,337,505,513,400,337,523,514,399,696,127,521
46975,518,513,397,337,505,513,397,337,523,514,397,696,127,521
46985,518,513,394,339,505,513,394,339,523,514,393,694,127,521
46995,519,514,393,340,504,514,393,340,524,515,392,693,127,521
47005,519,515,394,341,504,515,394,341,524,516,393,692,127,521
47015,519,515,395,341,504,515,395,341,524,516,394,692,127,521
47025,518,515,398,341,505,515,398,341,523,516,398,692,127,521
47035,518,515,400,339,505,515,400,339,523,516,399,694,127,521
47045,517,516,402,339,506,516,402,339,522,517,402,694,127,521
47055,518,517,401,338,505,517,401,338,523,518,401,695,127,521
47065,520,516,398,335,503,516,398,335,525,517,398,698,127,521
47075,520,515,398,334,503,515,398,334,525,516,398,699,127,521
47085,520,515,399,333,503,515,399,333,525,516,399,700,127,521
47095,520,516,401,335,503,516,401,335,525,517,401,698,127,521
47105,519,515,402,338,504,515,402,338,524,516,402,695,127,521
47115,517,515,402,342,506,515,402,342,522,516,402,691,127,521
47125,515,515,402,345,508,515,402,345,520,516,402,688,127,521
47135,513,515,402,347,510,515,402,347,517,516,402,686,127,521
47145,513,515,401,350,510,515,401,350,517,516,401,683,127,521
47155,515,515,397,353,508,515,397,353,520,516,397,680,127,521
47165,517,515,394,352,506,515,394,352,522,516,393,681,127,521
47175,518,515,394,351,505,515,394,351,523,516,393,682,127,521
47185,518,516,397,353,505,516,397,353,523,517,397,680,127,521
47195,518,517,400,354,505,517,400,354,523,518,399,679,127,521
47205,516,517,402,355,507,517,402,355,521,518,402,678,127,521
47215,515,517,402,357,508,517,402,357,520,518,402,676,127,521
47225,514,516,401,359,509,516,401,359,519,517,401,674,127,521
47235,514,515,401,360,509,515,401,360,519,516,401,673,127,521
47245,514,514,399,361,509,514,399,361,519,515,399,672,127,521
47255,515,514,396,362,508,514,396,362,520,515,396,671,127,521
47265,515,513,396,363,508,513,396,363,520,514,396,670,127,521
47275,516,514,398,364,507,514,398,364,521,515,398,669,127,521
47285,515,515,400,364,508,515,400,364,520,516,399,669,127,521
47295,515,517,402,365,508,517,402,365,520,518,402,668,127,521
47305,515,517,404,366,508,517,404,366,520,518,404,667,127,521
47315,516,517,403,367,507,517,403,367,521,518,403,666,127,521
47325,517,516,399,365,506,516,399,365,522,517,399,668,127,521
47335,517,515,396,363,506,515,396,363,522,516,396,670,127,521
47345,517,515,396,364,506,515,396,364,522,516,396,669,127,521
47355,517,515,397,364,506,515,397,364,522,516,397,669,127,521
47365,516,516,400,364,507,516,400,364,521,517,399,669,127,521
47375,516,517,403,364,507,517,403,364,521,518,403,669,127,521
47385,517,518,405,364,506,518,405,364,522,519,405,669,127,521
47395,517,518,405,363,506,518,405,363,522,519,405,670,127,521
47405,517,517,402,363,506,517,402,363,522,518,402,670,127,521
47415,518,516,399,362,505,516,399,362,523,517,399,671,127,521
47425,518,515,397,360,505,515,397,360,523,516,397,673,127,521
47435,518,514,396,360,505,514,396,360,523,515,396,673,127,521
47445,518,514,396,361,505,514,396,361,523,515,396,672,127,521
47455,517,515,397,362,506,515,397,362,522,516,397,671,127,521
47465,517,516,399,362,506,516,399,362,522,517,399,671,127,521
47475,518,517,400,361,505,517,400,361,523,518,399,672,127,521
47485,519,516,398,359,504,516,398,359,524,517,398,674,127,521
47495,519,515,397,357,504,515,397,357,524,516,397,676,127,521
47505,518,514,398,357,505,514,398,357,523,515,398,676,127,521
47515,517,514,398,358,506,514,398,358,522,515,398,675,127,521
47525,515,515,398,360,508,515,398,360,520,516,398,673,127,521
47535,514,515,399,364,509,515,399,364,519,516,399,669,127,521
47545,514,517,400,367,509,517,400,367,519,518,399,666,127,521
47555,515,517,400,369,508,517,400,369,520,518,399,664,127,521
47565,516,517,399,369,507,517,399,369,521,518,399,664,127,521
47575,518,516,398,367,505,516,398,367,523,517,398,666,127,521
47585,519,515,398,363,504,515,398,363,524,516,398,670,127,521
47595,519,515,399,360,504,515,399,360,524,516,399,673,127,521
47605,518,515,399,358,505,515,399,358,523,516,399,675,127,521
47615,517,516,400,358,506,516,400,358,522,517,399,675,127,521
47625,515,516,400,360,508,516,400,360,520,517,399,673,127,521
47635,515,516,400,361,508,516,400,361,520,517,399,672,127,521
47645,516,515,399,362,507,515,399,362,521,516,399,671,127,521
47655,517,514,398,360,506,514,398,360,522,515,398,673,127,521
47665,517,514,398,359,506,514,398,359,522,515,398,674,127,521
47675,516,515,399,359,507,515,399,359,521,516,399,674,127,521
47685,515,516,400,360,508,516,400,360,520,517,399,673,127,521
47695,514,517,401,362,509,517,401,362,519,518,401,671,127,521
47705,513,517,402,363,510,517,402,363,517,518,402,670,127,521
47715,512,517,402,367,511,517,402,367,516,518,402,666,127,521
47725,513,516,400,370,510,516,400,370,517,517,399,663,127,521
47735,515,515,397,371,508,515,397,371,520,516,397,662,127,521
47745,518,514,395,368,505,514,395,368,523,515,394,665,127,521
47755,519,514,396,364,504,514,396,364,524,515,396,669,127,521
47765,520,515,398,360,503,515,398,360,525,516,398,673,127,521
47775,518,516,399,358,505,516,399,358,523,517,399,675,127,521
47785,517,517,401,359,506,517,401,359,522,518,401,674,127,521
47795,515,518,402,360,508,518,402,360,520,519,402,673,127,521
47805,515,518,402,361,508,518,402,361,520,519,402,672,127,521
47815,516,517,400,361,507,517,400,361,521,518,399,672,127,521
47825,516,516,397,360,507,516,397,360,521,517,397,673,127,521
47835,517,516,397,360,506,516,397,360,522,517,397,673,127,521
47845,517,516,398,359,506,516,398,359,522,517,398,674,127,521
47855,517,516,399,359,506,516,399,359,522,517,399,674,127,521
47865,516,517,400,359,507,517,400,359,521,518,399,674,127,521
47875,516,517,401,360,507,517,401,360,521,518,401,673,127,521
47885,515,517,402,361,508,517,402,361,520,518,402,672,127,521
47895,516,517,401,361,507,517,401,361,521,518,401,672,127,521
47905,518,516,399,359,505,516,399,359,523,517,399,674,127,521
47915,519,515,397,357,504,515,397,357,524,516,397,676,127,521
47925,519,514,396,354,504,514,396,354,524,515,396,679,127,521
47935,519,515,396,353,504,515,396,353,524,516,396,680,127,521
47945,518,515,397,354,505,515,397,354,523,516,397,679,127,521
47955,516,516,399,356,507,516,399,356,521,517,399,677,127,521
47965,515,516,400,359,508,516,400,359,520,517,399,674,127,521
47975,514,517,401,362,509,517,401,362,519,518,401,671,127,521
47985,514,516,400,365,509,516,400,365,519,517,399,668,127,521
47995,513,515,399,367,510,515,399,367,517,516,399,666,127,521
48005,514,514,397,370,509,514,397,370,519,515,397,663,127,521
48015,514,513,396,372,509,513,396,372,519,514,396,661,127,521
48025,514,513,396,374,509,513,396,374,519,514,396,659,127,521
48035,514,513,397,376,509,513,397,376,519,514,397,657,127,521
48045,514,514,398,378,509,514,398,378,519,515,398,655,127,521
48055,514,515,400,380,509,515,400,380,519,516,399,653,127,521
48065,514,515,401,383,509,515,401,383,519,516,401,650,127,521
48075,514,515,400,386,509,515,400,386,519,516,399,647,127,521
48085,515,515,399,390,508,515,399,390,520,516,399,643,127,521
48095,515,514,398,394,508,514,398,394,520,515,398,639,127,521
48105,515,514,397,397,508,514,397,397,520,515,397,636,127,521
48115,515,513,397,401,508,513,397,401,520,514,397,632,127,521
48125,514,513,397,405,509,513,397,405,519,514,397,628,127,521
48135,513,513,398,410,510,513,398,410,517,514,398,623,127,521
48145,513,514,399,416,510,514,399,416,517,515,399,617,127,521
48155,514,515,399,422,509,515,399,422,519,516,399,611,127,521
48165,514,515,400,426,509,515,400,426,519,516,399,607,127,521
48175,515,514,400,429,508,514,400,429,520,515,399,604,127,521
48185,515,513,398,431,508,513,398,431,520,514,398,602,127,521
48195,515,511,395,434,508,511,395,434,520,512,394,599,127,521
48205,514,511,394,437,509,511,394,437,519,512,393,596,127,521
48215,513,511,396,440,510,511,396,440,517,512,396,593,127,521
48225,513,512,399,441,510,512,399,441,517,513,399,592,127,521
48235,513,513,401,442,510,513,401,442,517,514,401,591,127,521
48245,515,513,402,443,508,513,402,443,520,514,402,590,127,521
48255,516,513,401,443,507,513,401,443,521,514,401,590,127,521
48265,515,512,401,443,508,512,401,443,520,513,401,590,127,521
48275,513,512,400,445,510,512,400,445,517,513,399,588,127,521
48285,512,512,398,447,511,512,398,447,516,513,398,586,127,521
48295,513,511,397,449,510,511,397,449,517,512,397,584,127,521
48305,514,512,399,449,509,512,399,449,519,513,399,584,127,521
48315,515,513,402,450,508,513,402,450,520,514,402,583,127,521
48325,518,513,402,449,505,513,402,449,523,514,402,584,127,521
48335,521,514,399,445,502,514,399,445,526,515,399,588,127,521
48345,521,515,398,442,502,515,398,442,526,516,398,591,127,521
48355,519,515,399,442,504,515,399,442,524,516,399,591,127,521
48365,516,515,399,443,507,515,399,443,521,516,399,590,127,521
48375,514,515,398,444,509,515,398,444,519,516,398,589,127,521
48385,513,515,397,447,510,515,397,447,517,516,397,586,127,521
48395,515,514,398,448,508,514,398,448,520,515,398,585,127,521
48405,518,514,401,447,505,514,401,447,523,515,401,586,127,521
48415,522,514,402,442,501,514,402,442,527,515,402,591,127,521
48425,523,515,402,435,500,515,402,435,528,516,402,598,127,521
48435,521,515,402,432,502,515,402,432,526,516,402,601,127,521
48445,517,516,402,433,506,516,402,433,522,517,402,600,127,521
48455,513,516,401,439,510,516,401,439,517,517,401,594,127,521
48465,510,515,397,448,513,515,397,448,514,516,397,585,127,521
48475,510,515,394,457,513,515,394,457,514,516,393,576,127,521
48485,511,514,393,463,512,514,393,463,515,515,392,570,127,521
48495,514,514,394,467,509,514,394,467,519,515,393,566,127,521
48505,517,514,396,466,506,514,396,466,522,515,396,567,127,521
48515,518,516,399,465,505,516,399,465,523,517,399,568,127,521
48525,517,517,400,465,506,517,400,465,522,518,399,568,127,521
48535,516,518,400,467,507,518,400,467,521,519,399,566,127,521
48545,515,519,400,470,508,519,400,470,520,520,399,563,127,521
48555,515,518,398,475,508,518,398,475,520,519,398,558,127,521
48565,516,516,398,478,507,516,398,478,521,517,398,555,127,521
48575,517,515,399,480,506,515,399,480,522,516,399,553,127,521
48585,519,515,401,478,504,515,401,478,524,516,401,555,127,521
48595,520,516,403,474,503,516,403,474,525,517,403,559,127,521
48605,520,517,405,469,503,517,405,469,525,518,405,564,127,521
48615,519,518,405,463,504,518,405,463,524,519,405,570,127,521
48625,518,518,404,460,505,518,404,460,523,519,404,573,127,521
48635,518,518,400,460,505,518,400,460,523,519,399,573,127,521
48645,517,517,395,462,506,517,395,462,522,518,394,571,127,521
48655,516,516,392,468,507,516,392,468,521,517,391,565,127,521
48665,516,517,393,470,507,517,393,470,521,518,392,563,127,521
48675,517,517,395,474,506,517,395,474,522,518,394,559,127,521
48685,518,518,398,475,505,518,398,475,523,519,398,558,127,521
48695,518,518,400,478,505,518,400,478,523,519,399,555,127,521
48705,518,519,401,482,505,519,401,482,523,520,401,551,127,521
48715,519,520,402,487,504,520,402,487,524,521,402,546,127,521
48725,520,520,402,493,503,520,402,493,525,521,402,540,127,521
48735,520,519,403,497,503,519,403,497,525,520,403,536,127,521
48745,520,519,404,498,503,519,404,498,525,520,404,535,127,521
48755,520,518,403,498,503,518,403,498,525,519,403,535,127,521
48765,519,517,402,495,504,517,402,495,524,518,402,538,127,521
48775,519,517,401,492,504,517,401,492,524,518,401,541,127,521
48785,519,518,400,487,504,518,400,487,524,519,399,546,127,521
48795,520,518,401,485,503,518,401,485,525,519,401,548,127,521
48805,521,519,402,483,502,519,402,483,526,520,402,550,127,521
48815,521,519,402,483,502,519,402,483,526,520,402,550,127,521
48825,519,516,403,487,504,516,403,487,524,517,403,546,127,521
48835,518,515,403,485,505,515,403,485,523,516,403,548,127,521
48845,519,514,402,481,504,514,402,481,524,515,402,552,127,521
48855,519,514,400,476,504,514,400,476,524,515,399,557,127,521
48865,520,514,398,472,503,514,398,472,525,515,398,561,127,521
48875,521,515,398,467,502,515,398,467,526,516,398,566,127,521
48885,523,516,399,463,500,516,399,463,528,517,399,570,127,521
48895,524,518,400,459,499,518,400,459,529,519,399,574,127,521
48905,525,518,401,458,498,518,401,458,530,519,401,575,127,521
48915,524,516,399,461,499,516,399,461,529,517,399,572,127,521
48925,523,514,396,463,500,514,396,463,528,515,396,570,127,521
48935,523,512,394,465,500,512,394,465,528,513,393,568,127,521
48945,524,513,393,466,499,513,393,466,529,514,392,567,127,521
48955,525,513,396,466,498,513,396,466,530,514,396,567,127,521
48965,526,515,399,466,497,515,399,466,531,516,399,567,127,521
48975,527,517,401,465,496,517,401,465,532,518,401,568,127,521
48985,527,517,403,464,496,517,403,464,532,518,403,569,127,521
48995,527,517,403,464,496,517,403,464,532,518,403,569,127,521
49005,528,516,402,465,495,516,402,465,533,517,402,568,127,521
49015,527,514,400,467,496,514,400,467,532,515,399,566,127,521
49025,527,513,399,467,496,513,399,467,532,514,399,566,127,521
49035,528,513,399,468,495,513,399,468,533,514,399,565,127,521
49045,527,514,401,467,496,514,401,467,532,515,401,566,127,521
49055,527,515,403,464,496,515,403,464,532,516,403,569,127,521
49065,526,516,404,459,497,516,404,459,531,517,404,574,127,521
49075,523,516,403,453,500,516,403,453,528,517,403,580,127,521
49085,521,515,400,451,502,515,400,451,526,516,399,582,127,521
49095,519,513,397,451,504,513,397,451,524,514,397,582,127,521
49105,519,511,395,454,504,511,395,454,524,512,394,579,127,521
49115,521,509,394,458,502,509,394,458,526,512,393,575,127,521
49125,523,508,396,461,500,508,396,461,528,511,396,572,127,521
49135,525,509,400,460,498,509,400,460,530,512,399,573,127,521
49145,525,510,401,460,498,510,401,460,530,512,401,573,127,521
49155,526,510,401,459,497,510,401,459,531,512,401,574,127,521
49165,525,512,401,457,498,512,401,457,530,513,401,576,127,521
49175,523,513,400,455,500,513,400,455,528,514,399,578,127,521
49185,522,513,399,454,501,513,399,454,527,514,399,579,127,521
49195,520,513,398,455,503,513,398,455,525,514,398,578,127,521
49205,518,512,397,456,505,512,397,456,523,513,397,577,127,521
49215,517,511,399,457,506,511,399,457,522,512,399,576,127,521
49225,517,511,401,457,506,511,401,457,522,512,401,576,127,521
49235,518,511,403,454,505,511,403,454,523,512,403,579,127,521
49245,520,512,404,448,503,512,404,448,525,513,404,585,127,521
49255,521,513,405,443,502,513,405,443,526,514,405,590,127,521
49265,522,513,405,440,501,513,405,440,527,514,405,593,127,521
49275,522,513,404,439,501,513,404,439,527,514,404,594,127,521
49285,520,512,401,439,503,512,401,439,525,513,401,594,127,521
49295,518,511,397,438,505,511,397,438,523,512,397,595,127,521
49305,515,511,395,436,508,511,395,436,520,512,394,597,127,521
49315,515,510,395,433,508,510,395,433,520,512,394,600,127,521
49325,517,510,397,429,506,510,397,429,522,512,397,604,127,521
49335,519,510,400,425,504,510,400,425,524,512,399,608,127,521
49345,522,509,400,423,501,509,400,423,527,512,399,610,127,521
49355,524,509,400,423,499,509,400,423,529,512,399,610,127,521
49365,524,509,401,422,499,509,401,422,529,512,401,611,127,521
49375,522,510,401,422,501,510,401,422,527,512,401,611,127,521
49385,518,510,398,421,505,510,398,421,523,512,398,612,127,521
49395,514,510,395,420,509,510,395,420,519,512,394,613,127,521
49405,513,510,394,420,510,510,394,420,517,512,393,613,127,521
49415,515,509,395,419,508,509,395,419,520,512,394,614,127,521
49425,518,509,398,417,505,509,398,417,523,512,398,616,127,521
49435,522,509,402,416,501,509,402,416,527,512,402,617,127,521
49445,524,509,405,416,499,509,405,416,529,512,405,617,127,521
49455,525,509,406,415,498,509,406,415,530,512,406,618,127,521
49465,524,510,406,413,499,510,406,413,529,512,406,620,127,521
49475,519,510,405,411,504,510,405,411,524,512,405,622,127,521
49485,514,509,402,409,509,509,402,409,519,512,402,624,127,521
49495,510,508,397,407,513,508,397,407,514,511,397,626,127,521
49505,512,507,396,406,511,507,396,406,516,510,396,627,127,521
49515,516,506,398,404,507,506,398,404,521,509,398,629,127,521
49525,522,506,400,402,501,506,400,402,527,509,399,631,127,521
49535,526,507,402,398,497,507,402,398,531,510,402,635,127,521
49545,528,509,403,391,495,509,403,391,533,512,403,642,127,521
49555,527,511,403,384,496,511,403,384,532,512,403,649,127,521
49565,523,513,401,376,500,513,401,376,528,514,401,657,127,521
49575,519,514,397,371,504,514,397,371,524,515,397,662,127,521
49585,515,513,393,367,508,513,393,367,520,514,392,666,127,521
49595,515,511,391,364,508,511,391,364,520,512,390,669,127,521
49605,517,509,392,363,506,509,392,363,522,512,391,670,127,521
49615,521,508,395,362,502,508,395,362,526,511,394,671,127,521
49625,524,506,398,362,499,506,398,362,529,509,398,671,127,521
49635,527,506,401,361,496,506,401,361,532,509,401,672,127,521
49645,527,507,402,358,496,507,402,358,532,510,402,675,127,521
49655,525,508,402,355,498,508,402,355,530,511,402,678,127,521
49665,521,509,401,352,502,509,401,352,526,512,401,681,127,521
49675,518,510,399,350,505,510,399,350,523,512,399,683,127,521
49685,515,509,397,350,508,509,397,350,520,512,397,683,127,521
49695,514,507,396,352,509,507,396,352,519,510,396,681,127,521
49705,516,506,396,356,507,506,396,356,521,509,396,677,127,521
49715,519,504,396,361,504,504,396,361,524,507,396,672,127,521
49725,522,504,398,365,501,504,398,365,527,507,398,668,127,521
49735,524,504,401,368,499,504,401,368,529,507,401,665,127,521
49745,524,505,403,368,499,505,403,368,529,508,403,665,127,521
49755,522,507,403,367,501,507,403,367,527,510,403,666,127,521
49765,519,509,402,364,504,509,402,364,524,512,402,669,127,521
49775,515,509,401,361,508,509,401,361,520,512,401,672,127,521
49785,514,509,399,361,509,509,399,361,519,512,399,672,127,521
49795,514,508,399,362,509,508,399,362,519,511,399,671,127,521
49805,516,506,399,365,507,506,399,365,521,509,399,668,127,521
49815,519,504,399,368,504,504,399,368,524,507,399,665,127,521
49825,522,504,400,371,501,504,400,371,527,507,399,662,127,521
49835,524,504,401,372,499,504,401,372,529,507,401,661,127,521
49845,524,505,402,371,499,505,402,371,529,508,402,662,127,521
49855,522,506,402,369,501,506,402,369,527,509,402,664,127,521
49865,519,507,402,366,504,507,402,366,524,510,402,667,127,521
49875,516,507,400,364,507,507,400,364,521,510,399,669,127,521
49885,514,507,398,363,509,507,398,363,519,510,398,670,127,521
49895,514,507,397,364,509,507,397,364,519,510,397,669,127,521
49905,514,506,397,366,509,506,397,366,519,509,397,667,127,521
49915,516,505,398,368,507,505,398,368,521,508,398,665,127,521
49925,519,505,399,370,504,505,399,370,524,508,399,663,127,521
49935,520,505,400,370,503,505,400,370,525,508,399,663,127,521
49945,519,506,399,369,504,506,399,369,524,509,399,664,127,521
49955,518,507,399,366,505,507,399,366,523,510,399,667,127,521
49965,517,508,398,363,506,508,398,363,522,511,398,670,127,521
49975,516,509,398,360,507,509,398,360,521,512,398,673,127,521
49985,515,508,397,359,508,508,397,359,520,511,397,674,127,521
49995,516,507,396,359,507,507,396,359,521,510,396,674,127,521
50005,517,506,396,361,506,506,396,361,522,509,396,672,127,521
50015,519,506,397,361,504,506,397,361,524,509,397,672,127,521
50025,521,506,398,362,502,506,398,362,526,509,398,671,127,521
50035,522,506,400,362,501,506,400,362,527,509,399,671,127,521
50045,522,506,401,361,501,506,401,361,527,509,401,672,127,521
50055,520,507,401,360,503,507,401,360,525,510,401,673,127,521
50065,519,508,400,359,504,508,400,359,524,511,399,674,127,521
50075,518,508,400,358,505,508,400,358,523,511,399,675,127,521
50085,518,507,400,360,505,507,400,360,523,510,399,673,127,521
50095,518,506,399,361,505,506,399,361,523,509,399,672,127,521
50105,519,505,399,363,504,505,399,363,524,508,399,670,127,521
50115,520,505,400,364,503,505,400,364,525,508,399,669,127,521
50125,521,505,400,364,502,505,400,364,526,508,399,669,127,521
50135,521,506,401,363,502,506,401,363,526,509,401,670,127,521
50145,520,507,401,361,503,507,401,361,525,510,401,672,127,521
50155,518,508,401,357,505,508,401,357,523,511,401,676,127,521
50165,516,508,400,355,507,508,400,355,521,511,399,678,127,521
50175,515,508,399,355,508,508,399,355,520,511,399,678,127,521
50185,515,507,398,356,508,507,398,356,520,510,398,677,127,521
50195,517,506,398,359,506,506,398,359,522,509,398,674,127,521
50205,519,505,399,361,504,505,399,361,524,508,399,672,127,521
50215,521,504,400,364,502,504,400,364,526,507,399,669,127,521
50225,522,504,400,365,501,504,400,365,527,507,399,668,127,521
50235,521,505,401,365,502,505,401,365,526,508,401,668,127,521
50245,520,506,401,363,503,506,401,363,525,509,401,670,127,521
50255,517,507,400,361,506,507,400,361,522,510,399,672,127,521
50265,516,507,399,359,507,507,399,359,521,510,399,674,127,521
50275,515,507,399,358,508,507,399,358,520,510,399,675,127,521
50285,515,506,398,359,508,506,398,359,520,509,398,674,127,521
50295,516,506,398,360,507,506,398,360,521,509,398,673,127,521
50305,518,506,399,362,505,506,399,362,523,509,399,671,127,521
50315,519,506,400,362,504,506,400,362,524,509,399,671,127,521
50325,520,506,401,363,503,506,401,363,525,509,401,670,127,521
50335,519,506,401,362,504,506,401,362,524,509,401,671,127,521
50345,518,507,401,361,505,507,401,361,523,510,401,672,127,521
50355,518,507,401,360,505,507,401,360,523,510,401,673,127,521
50365,517,506,401,361,506,506,401,361,522,509,401,672,127,521
50375,516,506,399,362,507,506,399,362,521,509,399,671,127,521
50385,516,505,397,364,507,505,397,364,521,508,397,669,127,521
50395,517,505,397,365,506,505,397,365,522,508,397,668,127,521
50405,518,506,398,365,505,506,398,365,523,509,398,668,127,521
50415,520,506,400,366,503,506,400,366,525,509,399,667,127,521
50425,520,506,401,365,503,506,401,365,525,509,401,668,127,521
50435,520,507,401,364,503,507,401,364,525,510,401,669,127,521
50445,519,508,401,362,504,508,401,362,524,511,401,671,127,521
50455,517,508,400,360,506,508,400,360,522,511,399,673,127,521
50465,516,508,399,358,507,508,399,358,521,511,399,675,127,521
50475,516,508,398,359,507,508,398,359,521,511,398,674,127,521
50485,517,507,397,360,506,507,397,360,522,510,397,673,127,521
50495,519,506,396,361,504,506,396,361,524,509,396,672,127,521
50505,520,505,396,362,503,505,396,362,525,508,396,671,127,521
50515,522,505,396,362,501,505,396,362,527,508,396,671,127,521
50525,523,505,396,363,500,505,396,363,528,508,396,670,127,521
50535,523,505,397,362,500,505,397,362,528,508,397,671,127,521
50545,523,505,396,361,500,505,396,361,528,508,396,672,127,521
50555,522,505,396,360,501,505,396,360,527,508,396,673,127,521
50565,521,504,395,360,502,504,395,360,526,507,394,673,127,521
50575,521,504,394,359,502,504,394,359,526,507,393,674,127,521
50585,521,503,394,359,502,503,394,359,526,506,393,674,127,521
50595,522,504,395,359,501,504,395,359,527,507,394,674,127,521
50605,523,504,397,359,500,504,397,359,528,507,397,674,127,521
50615,524,504,398,358,499,504,398,358,529,507,398,675,127,521
50625,525,503,398,358,498,503,398,358,530,506,398,675,127,521
50635,525,503,398,357,498,503,398,357,530,506,398,676,127,521
50645,525,503,397,357,498,503,397,357,530,506,397,676,127,521
50655,523,504,397,356,500,504,397,356,528,507,397,677,127,521
50665,522,505,396,356,501,505,396,356,527,508,396,677,127,521
50675,521,505,397,356,502,505,397,356,526,508,397,677,127,521
50685,521,505,399,356,502,505,399,356,526,508,399,677,127,521
50695,521,506,401,356,502,506,401,356,526,509,401,677,127,521
50705,521,507,403,354,502,507,403,354,526,510,403,679,127,521
50715,521,508,404,353,502,508,404,353,526,511,404,680,127,521
50725,522,508,403,353,501,508,403,353,527,511,403,680,127,521
50735,522,508,402,354,501,508,402,354,527,511,402,679,127,521
50745,522,509,401,353,501,509,401,353,527,512,401,680,127,521
50755,523,512,401,348,500,512,401,348,528,513,401,685,127,521
50765,523,512,401,347,500,512,401,347,528,513,401,686,127,521
50775,521,508,402,350,502,508,402,350,526,511,402,683,127,521
50785,520,506,402,353,503,506,402,353,525,509,402,680,127,521
50795,518,507,401,355,505,507,401,355,523,510,401,678,127,521
50805,517,507,400,358,506,507,400,358,522,510,399,675,127,521
50815,516,507,400,359,507,507,400,359,521,510,399,674,127,521
50825,517,508,401,359,506,508,401,359,522,511,401,674,127,521
50835,518,508,403,358,505,508,403,358,523,511,403,675,127,521
50845,518,509,404,357,505,509,404,357,523,512,404,676,127,521
50855,518,508,403,357,505,508,403,357,523,511,403,676,127,521
50865,517,508,402,356,506,508,402,356,522,511,402,677,127,521
50875,516,507,399,358,507,507,399,358,521,510,399,675,127,521
50885,514,506,397,361,509,506,397,361,519,509,397,672,127,521
50895,513,505,395,365,510,505,395,365,517,508,394,668,127,521
50905,512,505,396,367,511,505,396,367,516,508,396,666,127,521
50915,512,506,397,367,511,506,397,367,516,509,397,666,127,521
50925,512,507,400,366,511,507,400,366,516,510,399,667,127,521
50935,513,508,404,363,510,508,404,363,517,511,404,670,127,521
50945,514,509,406,358,509,509,406,358,519,512,406,675,127,521
50955,515,510,407,354,508,510,407,354,520,512,407,679,127,521
50965,516,510,405,351,507,510,405,351,521,512,405,682,127,521
50975,516,508,402,353,507,508,402,353,521,511,402,680,127,521
50985,516,506,398,357,507,506,398,357,521,509,398,676,127,521
50995,517,505,396,361,506,505,396,361,522,508,396,672,127,521
51005,518,505,396,367,505,505,396,367,523,508,396,666,127,521
51015,519,505,398,372,504,505,398,372,524,508,398,661,127,521
51025,520,506,400,375,503,506,400,375,525,509,399,658,127,521
51035,521,508,403,376,502,508,403,376,526,511,403,657,127,521
51045,521,509,405,376,502,509,405,376,526,512,405,657,127,521
51055,520,510,405,375,503,510,405,375,525,512,405,658,127,521
51065,519,509,404,376,504,509,404,376,524,512,404,657,127,521
51075,518,509,402,376,505,509,402,376,523,512,402,657,127,521
51085,516,509,400,376,507,509,400,376,521,512,399,657,127,521
51095,515,509,401,374,508,509,401,374,520,512,401,659,127,521
51105,513,509,403,372,510,509,403,372,517,512,403,661,127,521
51115,513,511,404,368,510,511,404,368,517,512,404,665,127,521
51125,512,514,406,361,511,514,406,361,516,515,406,672,127,521
51135,513,515,407,356,510,515,407,356,517,516,407,677,127,521
51145,515,513,406,355,508,513,406,355,520,514,406,678,127,521
51155,517,510,403,359,506,510,403,359,522,512,403,674,127,521
51165,518,508,402,365,505,508,402,365,523,511,402,668,127,521
51175,519,507,404,367,504,507,404,367,524,510,404,666,127,521
51185,519,505,405,369,504,505,405,369,524,508,405,664,127,521
51195,518,505,404,368,505,505,404,368,523,508,404,665,127,521
51205,518,504,403,367,505,504,403,367,523,507,403,666,127,521
51215,517,503,401,369,506,503,401,369,522,506,401,664,127,521
51225,517,501,399,372,506,501,399,372,522,504,399,661,127,521
51235,517,501,396,374,506,501,396,374,522,504,396,659,127,521
51245,517,501,394,377,506,501,394,377,522,504,393,656,127,521
51255,518,501,393,379,505,501,393,379,523,504,392,654,127,521
51265,519,501,392,380,504,501,392,380,524,504,391,653,127,521
51275,520,501,393,380,503,501,393,380,525,504,392,653,127,521
51285,520,502,394,378,503,502,394,378,525,505,393,655,127,521
51295,520,503,395,375,503,503,395,375,525,506,394,658,127,521
51305,520,506,397,369,503,506,397,369,525,509,397,664,127,521
51315,519,507,399,365,504,507,399,365,524,510,399,668,127,521
51325,517,506,398,362,506,506,398,362,522,509,398,671,127,521
51335,515,505,397,362,508,505,397,362,520,508,397,671,127,521
51345,515,505,395,363,508,505,395,363,520,508,394,670,127,521
51355,516,505,395,363,507,505,395,363,521,508,394,670,127,521
51365,517,504,398,362,506,504,398,362,522,507,398,671,127,521
51375,518,504,402,360,505,504,402,360,523,507,402,673,127,521
51385,518,505,404,355,505,505,404,355,523,508,404,678,127,521
51395,517,506,405,350,506,506,405,350,522,509,405,683,127,521
51405,516,507,404,345,507,507,404,345,521,510,404,688,127,521
51415,514,506,402,343,509,506,402,343,519,509,402,690,127,521
51425,513,505,400,344,510,505,400,344,517,508,399,689,127,521
51435,512,505,398,346,511,505,398,346,516,508,398,687,127,521
51445,513,505,399,348,510,505,399,348,517,508,399,685,127,521
51455,514,504,399,349,509,504,399,349,519,507,399,684,127,521
51465,516,503,399,352,507,503,399,352,521,506,399,681,127,521
51475,518,502,399,354,505,502,399,354,523,505,399,679,127,521
51485,519,502,400,355,504,502,400,355,524,505,399,678,127,521
51495,519,502,401,355,504,502,401,355,524,505,401,678,127,521
51505,517,503,400,355,506,503,400,355,522,506,399,678,127,521
51515,515,502,398,355,508,502,398,355,520,505,398,678,127,521
51525,512,503,396,356,511,503,396,356,516,506,396,677,127,521
51535,511,504,396,357,512,504,396,357,515,507,396,676,127,521
51545,512,505,397,357,511,505,397,357,516,508,397,676,127,521
51555,513,505,399,357,510,505,399,357,517,508,399,676,127,521
51565,515,505,400,357,508,505,400,357,520,508,399,676,127,521
51575,516,505,403,357,507,505,403,357,521,508,403,676,127,521
51585,516,505,405,356,507,505,405,356,521,508,405,677,127,521
51595,516,506,407,355,507,506,407,355,521,509,407,678,127,521
51605,516,506,406,355,507,506,406,355,521,509,406,678,127,521
51615,515,505,404,356,508,505,404,356,520,508,404,677,127,521
51625,514,505,402,357,509,505,402,357,519,508,402,676,127,521
51635,513,506,400,357,510,506,400,357,517,509,399,676,127,521
51645,514,506,400,359,509,506,400,359,519,509,399,674,127,521
51655,515,506,400,360,508,506,400,360,520,509,399,673,127,521
51665,516,506,401,361,507,506,401,361,521,509,401,672,127,521
51675,518,506,401,362,505,506,401,362,523,509,401,671,127,521
51685,519,506,401,363,504,506,401,363,524,509,401,670,127,521
51695,520,506,399,362,503,506,399,362,525,509,399,671,127,521
51705,520,505,397,362,503,505,397,362,525,508,397,671,127,521
51715,519,505,394,361,504,505,394,361,524,508,393,672,127,521
51725,517,505,391,361,506,505,391,361,522,508,390,672,127,521
51735,517,504,391,361,506,504,391,361,522,507,390,672,127,521
51745,516,504,391,362,507,504,391,362,521,507,390,671,127,521
51755,517,503,392,364,506,503,392,364,522,506,391,669,127,521
51765,517,503,393,365,506,503,393,365,522,506,392,668,127,521
51775,517,503,395,366,506,503,395,366,522,506,394,667,127,521
51785,517,504,397,365,506,504,397,365,522,507,397,668,127,521
51795,516,505,398,364,507,505,398,364,521,508,398,669,127,521
51805,515,505,398,363,508,505,398,363,520,508,398,670,127,521
51815,513,505,397,363,510,505,397,363,517,508,397,670,127,521
51825,512,505,396,363,511,505,396,363,516,508,396,670,127,521
51835,511,505,395,363,512,505,395,363,515,508,394,670,127,521
51845,510,504,396,364,513,504,396,364,514,507,396,669,127,521
51855,511,503,397,365,512,503,397,365,515,506,397,668,127,521
51865,512,502,398,366,511,502,398,366,516,505,398,667,127,521
51875,512,502,399,367,511,502,399,367,516,505,399,666,127,521
51885,512,503,400,367,511,503,400,367,516,506,399,666,127,521
51895,511,503,400,367,512,503,400,367,515,506,399,666,127,521
51905,510,503,400,368,513,503,400,368,514,506,399,665,127,521
51915,509,503,399,367,514,503,399,367,513,506,399,666,127,521
51925,509,504,397,367,514,504,397,367,513,507,397,666,127,521
51935,510,503,397,367,513,503,397,367,514,506,397,666,127,521
51945,511,502,397,368,512,502,397,368,515,505,397,665,127,521
51955,512,501,398,369,511,501,398,369,516,504,398,664,127,521
51965,512,501,398,369,511,501,398,369,516,504,398,664,127,521
51975,511,501,399,369,512,501,399,369,515,504,399,664,127,521
51985,510,502,399,369,513,502,399,369,514,505,399,664,127,521
51995,509,502,400,367,514,502,400,367,513,505,399,666,127,521
52005,508,503,401,366,515,503,401,366,512,506,401,667,127,521
52015,508,503,402,365,515,503,402,365,512,506,402,668,127,521
52025,509,503,403,363,514,503,403,363,513,506,403,670,127,521
52035,510,503,404,362,513,503,404,362,514,506,404,671,127,521
52045,511,502,402,361,512,502,402,361,515,505,402,672,127,521
52055,511,501,401,361,512,501,401,361,515,504,401,672,127,521
52065,511,501,399,361,512,501,399,361,515,504,399,672,127,521
52075,511,501,399,361,512,501,399,361,515,504,399,672,127,521
52085,511,501,399,361,512,501,399,361,515,504,399,672,127,521
52095,511,501,400,360,512,501,400,360,515,504,399,673,127,521
52105,511,502,400,361,512,502,400,361,515,505,399,672,127,521
52115,511,502,401,383,512,502,401,383,515,505,401,650,127,521
52125,512,501,400,399,511,501,400,399,516,504,399,634,127,521
52135,513,501,399,407,510,501,399,407,517,504,399,626,127,521
52145,512,500,398,411,511,500,398,411,516,503,398,622,127,521
52155,512,500,397,412,511,500,397,412,516,503,397,621,127,521
52165,511,500,397,412,512,500,397,412,515,503,397,621,127,521
52175,511,500,397,413,512,500,397,413,515,503,397,620,127,521
52185,512,500,398,412,511,500,398,412,516,503,398,621,127,521
52195,512,500,399,413,511,500,399,413,516,503,399,620,127,521
52205,513,500,400,414,510,500,400,414,517,503,399,619,127,521
52215,514,499,400,415,509,499,400,415,519,502,399,618,127,521
52225,515,499,401,417,508,499,401,417,520,502,401,616,127,521
52235,515,499,400,418,508,499,400,418,520,502,399,615,127,521
52245,514,500,399,418,509,500,399,418,519,503,399,615,127,521
52255,513,501,399,418,510,501,399,418,517,504,399,615,127,521
52265,512,501,399,417,511,501,399,417,516,504,399,616,127,521
52275,513,501,399,417,510,501,399,417,517,504,399,616,127,521
52285,514,501,400,417,509,501,400,417,519,504,399,616,127,521
52295,514,501,401,418,509,501,401,418,519,504,401,615,127,521
52305,515,501,402,418,508,501,402,418,520,504,402,615,127,521
52315,515,501,402,419,508,501,402,419,520,504,402,614,127,521
52325,515,501,402,419,508,501,402,419,520,504,402,614,127,521
52335,514,501,401,419,509,501,401,419,519,504,401,614,127,521
52345,513,501,399,419,510,501,399,419,517,504,399,614,127,521
52355,512,502,398,418,511,502,398,418,516,505,398,615,127,521
52365,513,502,398,418,510,502,398,418,517,505,398,615,127,521
52375,513,502,399,418,510,502,399,418,517,505,399,615,127,521
52385,514,502,400,417,509,502,400,417,519,505,399,616,127,521
52395,515,502,401,417,508,502,401,417,520,505,401,616,127,521
52405,515,502,402,417,508,502,402,417,520,505,402,616,127,521
52415,515,503,402,416,508,503,402,416,520,506,402,617,127,521
52425,514,503,402,415,509,503,402,415,519,506,402,618,127,521
52435,513,503,401,414,510,503,401,414,517,506,401,619,127,521
52445,513,503,400,413,510,503,400,413,517,506,399,620,127,521
52455,512,502,398,414,511,502,398,414,516,505,398,619,127,521
52465,513,502,398,415,510,502,398,415,517,505,398,618,127,521
52475,513,501,398,416,510,501,398,416,517,504,398,617,127,521
52485,514,501,398,417,509,501,398,417,519,504,398,616,127,521
52495,514,501,399,418,509,501,399,418,519,504,399,615,127,521
52505,514,502,400,418,509,502,400,418,519,505,399,615,127,521
52515,514,503,401,417,509,503,401,417,519,506,401,616,127,521
52525,514,504,401,416,509,504,401,416,519,507,401,617,127,521
52535,514,504,401,415,509,504,401,415,519,507,401,618,127,521
52545,514,504,400,415,509,504,400,415,519,507,399,618,127,521
52555,515,503,399,415,508,503,399,415,520,506,399,618,127,521
52565,515,503,398,416,508,503,398,416,520,506,398,617,127,521
52575,515,502,398,417,508,502,398,417,520,505,398,616,127,521
52585,514,502,399,417,509,502,399,417,519,505,399,616,127,521
52595,514,502,399,417,509,502,399,417,519,505,399,616,127,521
52605,514,503,400,416,509,503,400,416,519,506,399,617,127,521
52615,514,503,400,414,509,503,400,414,519,506,399,619,127,521
52625,514,503,401,413,509,503,401,413,519,506,401,620,127,521
52635,514,503,401,412,509,503,401,412,519,506,401,621,127,521
52645,514,503,400,413,509,503,400,413,519,506,399,620,127,521
52655,515,502,400,414,508,502,400,414,520,505,399,619,127,521
52665,515,502,400,414,508,502,400,414,520,505,399,619,127,521
52675,516,502,400,414,507,502,400,414,521,505,399,619,127,521
52685,516,502,401,414,507,502,401,414,521,505,401,619,127,521
52695,516,502,400,414,507,502,400,414,521,505,399,619,127,521
52705,516,502,400,414,507,502,400,414,521,505,399,619,127,521
52715,515,502,400,413,508,502,400,413,520,505,399,620,127,521
52725,514,502,399,414,509,502,399,414,519,505,399,619,127,521
52735,513,501,397,415,510,501,397,415,517,504,397,618,127,521
52745,513,501,397,416,510,501,397,416,517,504,397,617,127,521
52755,513,501,397,417,510,501,397,417,517,504,397,616,127,521
52765,514,501,398,418,509,501,398,418,519,504,398,615,127,521
52775,515,501,399,418,508,501,399,418,520,504,399,615,127,521
52785,516,502,400,418,507,502,400,418,521,505,399,615,127,521
52795,517,502,401,417,506,502,401,417,522,505,401,616,127,521
52805,517,503,402,416,506,503,402,416,522,506,402,617,127,521
52815,516,503,402,416,507,503,402,416,521,506,402,617,127,521
52825,514,503,401,415,509,503,401,415,519,506,401,618,127,521
52835,513,502,400,415,510,502,400,415,517,505,399,618,127,521
52845,512,503,399,414,511,503,399,414,516,506,399,619,127,521
52855,512,503,398,414,511,503,398,414,516,506,398,619,127,521
52865,513,503,398,414,510,503,398,414,517,506,398,619,127,521
52875,514,502,398,414,509,502,398,414,519,505,398,619,127,521
52885,515,502,399,415,508,502,399,415,520,505,399,618,127,521
52895,516,502,399,414,507,502,399,414,521,505,399,619,127,521
52905,516,503,400,415,507,503,400,415,521,506,399,618,127,521
52915,516,503,400,414,507,503,400,414,521,506,399,619,127,521
52925,515,503,400,414,508,503,400,414,520,506,399,619,127,521
52935,515,503,400,414,508,503,400,414,520,506,399,619,127,521
52945,514,503,399,414,509,503,399,414,519,506,399,619,127,521
52955,514,503,399,414,509,503,399,414,519,506,399,619,127,521
52965,514,502,399,415,509,502,399,415,519,505,399,618,127,521
52975,514,502,399,415,509,502,399,415,519,505,399,618,127,521
52985,514,502,400,416,509,502,400,416,519,505,399,617,127,521
52995,515,502,400,416,508,502,400,416,520,505,399,617,127,521
53005,515,503,400,416,508,503,400,416,520,506,399,617,127,521
53015,514,503,400,416,509,503,400,416,519,506,399,617,127,521
53025,514,503,400,415,509,503,400,415,519,506,399,618,127,521
53035,514,503,399,414,509,503,399,414,519,506,399,619,127,521
53045,514,503,398,414,509,503,398,414,519,506,398,619,127,521
53055,514,503,398,415,509,503,398,415,519,506,398,618,127,521
53065,514,503,398,416,509,503,398,416,519,506,398,617,127,521
53075,514,502,398,417,509,502,398,417,519,505,398,616,127,521
53085,515,502,398,418,508,502,398,418,520,505,398,615,127,521
53095,515,502,399,418,508,502,399,418,520,505,399,615,127,521
53105,515,503,399,418,508,503,399,418,520,506,399,615,127,521
53115,514,503,400,417,509,503,400,417,519,506,399,616,127,521
53125,514,504,401,416,509,504,401,416,519,507,401,617,127,521
53135,514,504,401,415,509,504,401,415,519,507,401,618,127,521
53145,514,503,401,415,509,503,401,415,519,506,401,618,127,521
53155,513,503,400,415,510,503,400,415,517,506,399,618,127,521
53165,513,503,398,415,510,503,398,415,517,506,398,618,127,521
53175,513,502,398,415,510,502,398,415,517,505,398,618,127,521
53185,513,502,398,416,510,502,398,416,517,505,398,617,127,521
53195,513,503,398,416,510,503,398,416,517,506,398,617,127,521
53205,513,503,399,416,510,503,399,416,517,506,399,617,127,521
53215,514,503,400,415,509,503,400,415,519,506,399,618,127,521
53225,514,503,400,414,509,503,400,414,519,506,399,619,127,521
53235,514,504,401,414,509,504,401,414,519,507,401,619,127,521
53245,514,504,401,413,509,504,401,413,519,507,401,620,127,521
53255,514,504,400,413,509,504,400,413,519,507,399,620,127,521
53265,514,503,399,414,509,503,399,414,519,506,399,619,127,521
53275,514,503,399,415,509,503,399,415,519,506,399,618,127,521
53285,514,503,399,415,509,503,399,415,519,506,399,618,127,521
53295,514,503,400,415,509,503,400,415,519,506,399,618,127,521
53305,514,503,400,415,509,503,400,415,519,506,399,618,127,521
53315,514,503,400,415,509,503,400,415,519,506,399,618,127,521
53325,514,503,400,414,509,503,400,414,519,506,399,619,127,521
53335,514,503,399,415,509,503,399,415,519,506,399,618,127,521
53345,514,503,399,415,509,503,399,415,519,506,399,618,127,521
53355,513,503,398,416,510,503,398,416,517,506,398,617,127,521
53365,513,503,398,417,510,503,398,417,517,506,398,616,127,521
53375,514,503,399,417,509,503,399,417,519,506,399,616,127,521
53385,514,503,399,417,509,503,399,417,519,506,399,616,127,521
53395,515,503,400,416,508,503,400,416,520,506,399,617,127,521
53405,515,503,400,416,508,503,400,416,520,506,399,617,127,521
53415,515,503,400,416,508,503,400,416,520,506,399,617,127,521
53425,515,503,399,416,508,503,399,416,520,506,399,617,127,521
53435,514,503,399,416,509,503,399,416,519,506,399,617,127,521
53445,514,503,399,416,509,503,399,416,519,506,399,617,127,521
53455,513,503,398,416,510,503,398,416,517,506,398,617,127,521
53465,513,503,398,416,510,503,398,416,517,506,398,617,127,521
53475,514,503,399,416,509,503,399,416,519,506,399,617,127,521
53485,514,503,400,417,509,503,400,417,519,506,399,616,127,521
53495,515,503,401,417,508,503,401,417,520,506,401,616,127,521
53505,516,503,401,418,507,503,401,418,521,506,401,615,127,521
53515,516,503,401,418,507,503,401,418,521,506,401,615,127,521
53525,515,503,400,418,508,503,400,418,520,506,399,615,127,521
53535,514,503,400,417,509,503,400,417,519,506,399,616,127,521
53545,513,503,400,417,510,503,400,417,517,506,399,616,127,521
53555,512,503,399,416,511,503,399,416,516,506,399,617,127,521
53565,511,504,399,415,512,504,399,415,515,507,399,618,127,521
53575,512,503,399,415,511,503,399,415,516,506,399,618,127,521
53585,513,503,399,416,510,503,399,416,517,506,399,617,127,521
53595,514,503,399,416,509,503,399,416,519,506,399,617,127,521
53605,514,502,400,417,509,502,400,417,519,505,399,616,127,521
53615,515,502,400,417,508,502,400,417,520,505,399,616,127,521
53625,514,503,400,417,509,503,400,417,519,506,399,616,127,521
53635,514,503,400,416,509,503,400,416,519,506,399,617,127,521
53645,514,503,400,415,509,503,400,415,519,506,399,618,127,521
53655,514,503,399,415,509,503,399,415,519,506,399,618,127,521
53665,514,503,399,414,509,503,399,414,519,506,399,619,127,521
53675,514,503,398,414,509,503,398,414,519,506,398,619,127,521
53685,514,503,399,414,509,503,399,414,519,506,399,619,127,521
53695,514,502,399,415,509,502,399,415,519,505,399,618,127,521
53705,514,502,400,416,509,502,400,416,519,505,399,617,127,521
53715,515,502,400,416,508,502,400,416,520,505,399,617,127,521
53725,515,503,400,416,508,503,400,416,520,506,399,617,127,521
53735,515,503,400,416,508,503,400,416,520,506,399,617,127,521
53745,515,503,400,416,508,503,400,416,520,506,399,617,127,521
53755,514,502,399,417,509,502,399,417,519,505,399,616,127,521
53765,513,503,398,417,510,503,398,417,517,506,398,616,127,521
53775,513,503,398,418,510,503,398,418,517,506,398,615,127,521
53785,513,502,398,418,510,502,398,418,517,505,398,615,127,521
53795,514,502,399,419,509,502,399,419,519,505,399,614,127,521
53805,514,503,400,419,509,503,400,419,519,506,399,614,127,521
53815,514,502,401,419,509,502,401,419,519,505,401,614,127,521
53825,514,503,401,418,509,503,401,418,519,506,401,615,127,521
53835,515,503,402,416,508,503,402,416,520,506,402,617,127,521
53845,514,504,401,415,509,504,401,415,519,507,401,618,127,521
53855,514,504,401,415,509,504,401,415,519,507,401,618,127,521
53865,513,503,400,415,510,503,400,415,517,506,399,618,127,521
53875,513,503,399,415,510,503,399,415,517,506,399,618,127,521
53885,513,503,399,415,510,503,399,415,517,506,399,618,127,521
53895,514,503,399,416,509,503,399,416,519,506,399,617,127,521
53905,514,502,399,417,509,502,399,417,519,505,399,616,127,521
53915,515,502,399,417,508,502,399,417,520,505,399,616,127,521
53925,515,502,400,417,508,502,400,417,520,505,399,616,127,521
53935,515,503,400,416,508,503,400,416,520,506,399,617,127,521
53945,515,503,400,415,508,503,400,415,520,506,399,618,127,521
53955,514,504,400,414,509,504,400,414,519,507,399,619,127,521
53965,514,504,400,414,509,504,400,414,519,507,399,619,127,521
53975,513,503,399,414,510,503,399,414,517,506,399,619,127,521
53985,513,503,398,415,510,503,398,415,517,506,398,618,127,521
53995,514,502,398,416,509,502,398,416,519,505,398,617,127,521
54005,515,502,399,417,508,502,399,417,520,505,399,616,127,521
54015,515,502,399,417,508,502,399,417,520,505,399,616,127,521
54025,515,502,400,417,508,502,400,417,520,505,399,616,127,521
54035,515,503,400,415,508,503,400,415,520,506,399,618,127,521
54045,514,504,400,414,509,504,400,414,519,507,399,619,127,521
54055,514,504,401,413,509,504,401,413,519,507,401,620,127,521
54065,513,504,400,413,510,504,400,413,517,507,399,620,127,521
54075,513,504,399,415,510,504,399,415,517,507,399,618,127,521
54085,513,503,398,416,510,503,398,416,517,506,398,617,127,521
54095,513,503,398,417,510,503,398,417,517,506,398,616,127,521
54105,513,503,398,419,510,503,398,419,517,506,398,614,127,521
54115,513,502,398,422,510,502,398,422,517,505,398,611,127,521
54125,512,502,398,445,511,502,398,445,516,505,398,588,127,521
54135,512,503,398,462,511,503,398,462,516,506,398,571,127,521
54145,512,503,399,470,511,503,399,470,516,506,399,563,127,521
54155,512,503,399,474,511,503,399,474,516,506,399,559,127,521
54165,513,502,399,476,510,502,399,476,517,505,399,557,127,521
54175,513,503,400,476,510,503,400,476,517,506,399,557,127,521
54185,514,503,401,476,509,503,401,476,519,506,401,557,127,521
54195,514,503,401,476,509,503,401,476,519,506,401,557,127,521
54205,515,503,401,475,508,503,401,475,520,506,401,558,127,521
54215,515,503,401,475,508,503,401,475,520,506,401,558,127,521
54225,515,503,400,474,508,503,400,474,520,506,399,559,127,521
54235,515,503,399,474,508,503,399,474,520,506,399,559,127,521
54245,515,503,398,473,508,503,398,473,520,506,398,560,127,521
54255,515,502,397,472,508,502,397,472,520,505,397,561,127,521
54265,515,502,397,472,508,502,397,472,520,505,397,561,127,521
54275,515,502,397,471,508,502,397,471,520,505,397,562,127,521
54285,515,502,397,470,508,502,397,470,520,505,397,563,127,521
54295,515,503,398,469,508,503,398,469,520,506,398,564,127,521
54305,515,503,399,468,508,503,399,468,520,506,399,565,127,521
54315,515,504,400,467,508,504,400,467,520,507,399,566,127,521
54325,514,504,401,466,509,504,401,466,519,507,401,567,127,521
54335,514,504,402,465,509,504,402,465,519,507,402,568,127,521
54345,513,504,402,465,510,504,402,465,517,507,402,568,127,521
54355,513,504,402,464,510,504,402,464,517,507,402,569,127,521
54365,513,504,402,464,510,504,402,464,517,507,402,569,127,521
54375,512,503,401,464,511,503,401,464,516,506,401,569,127,521
54385,513,503,401,465,510,503,401,465,517,506,401,568,127,521
54395,514,503,400,466,509,503,400,466,519,506,399,567,127,521
54405,515,503,400,466,508,503,400,466,520,506,399,567,127,521
54415,516,502,400,467,507,502,400,467,521,505,399,566,127,521
54425,516,502,399,468,507,502,399,468,521,505,399,565,127,521
54435,516,502,399,469,507,502,399,469,521,505,399,564,127,521
54445,515,502,398,470,508,502,398,470,520,505,398,563,127,521
54455,514,503,398,471,509,503,398,471,519,506,398,562,127,521
54465,514,503,397,471,509,503,397,471,519,506,397,562,127,521
54475,513,503,397,471,510,503,397,471,517,506,397,562,127,521
54486,514,503,398,471,509,503,398,471,519,506,398,562,127,521
54495,515,503,399,471,508,503,399,471,520,506,399,562,127,521
54505,515,503,400,470,508,503,400,470,520,506,399,563,127,521
54515,515,504,401,469,508,504,401,469,520,507,401,564,127,521
54525,515,505,401,469,508,505,401,469,520,508,401,564,127,521
54535,514,505,401,468,509,505,401,468,519,508,401,565,127,521
54545,513,505,401,467,510,505,401,467,517,508,401,566,127,521
54555,512,504,400,466,511,504,400,466,516,507,399,567,127,521
54565,512,504,399,466,511,504,399,466,516,507,399,567,127,521
54575,513,504,398,467,510,504,398,467,517,507,398,566,127,521
54585,514,503,399,468,509,503,399,468,519,506,399,565,127,521
54595,515,503,399,469,508,503,399,469,520,506,399,564,127,521
54605,515,502,399,470,508,502,399,470,520,505,399,563,127,521
54615,516,502,399,471,507,502,399,471,521,505,399,562,127,521
54625,515,503,399,471,508,503,399,471,520,506,399,562,127,521
54635,515,503,399,471,508,503,399,471,520,506,399,562,127,521
54645,514,503,399,470,509,503,399,470,519,506,399,563,127,521
54655,514,503,398,470,509,503,398,470,519,506,398,563,127,521
54665,514,503,398,470,509,503,398,470,519,506,398,563,127,521
54675,514,503,398,470,509,503,398,470,519,506,398,563,127,521
54685,514,503,399,470,509,503,399,470,519,506,399,563,127,521
54695,514,503,399,471,509,503,399,471,519,506,399,562,127,521
54705,514,503,400,471,509,503,400,471,519,506,399,562,127,521
54715,514,503,401,470,509,503,401,470,519,506,401,563,127,521
54725,514,503,401,468,509,503,401,468,519,506,401,565,127,521
54735,514,503,401,466,509,503,401,466,519,506,401,567,127,521
54745,514,504,401,465,509,504,401,465,519,507,401,568,127,521
54755,513,504,401,465,510,504,401,465,517,507,401,568,127,521
54765,513,503,400,465,510,503,400,465,517,506,399,568,127,521
54775,513,503,399,466,510,503,399,466,517,506,399,567,127,521
54785,514,502,399,467,509,502,399,467,519,505,399,566,127,521
54795,514,502,399,469,509,502,399,469,519,505,399,564,127,521
54805,514,502,398,470,509,502,398,470,519,505,398,563,127,521
54815,514,502,398,470,509,502,398,470,519,505,398,563,127,521
54825,514,503,399,469,509,503,399,469,519,506,399,564,127,521
54835,514,503,399,468,509,503,399,468,519,506,399,565,127,521
54845,514,504,400,467,509,504,400,467,519,507,399,566,127,521
54855,514,504,400,466,509,504,400,466,519,507,399,567,127,521
54865,514,504,400,466,509,504,400,466,519,507,399,567,127,521
54875,514,504,400,466,509,504,400,466,519,507,399,567,127,521
54885,514,504,400,467,509,504,400,467,519,507,399,566,127,521
54895,514,504,400,468,509,504,400,468,519,507,399,565,127,521
54905,515,503,400,468,508,503,400,468,520,506,399,565,127,521
54915,515,504,401,467,508,504,401,467,520,507,401,566,127,521
54925,514,504,401,467,509,504,401,467,519,507,401,566,127,521
54935,514,504,401,465,509,504,401,465,519,507,401,568,127,521
54945,514,504,400,465,509,504,400,465,519,507,399,568,127,521
54955,513,503,399,466,510,503,399,466,517,506,399,567,127,521
54965,512,503,397,467,511,503,397,467,516,506,397,566,127,521
54975,512,503,396,469,511,503,396,469,516,506,396,564,127,521
54985,512,502,396,470,511,502,396,470,516,505,396,563,127,521
54995,513,502,396,472,510,502,396,472,517,505,396,561,127,521
55005,514,503,397,472,509,503,397,472,519,506,397,561,127,521
55015,514,503,398,471,509,503,398,471,519,506,398,562,127,521
55025,514,504,400,470,509,504,400,470,519,507,399,563,127,521
55035,513,505,401,468,510,505,401,468,517,508,401,565,127,521
55045,513,505,401,467,510,505,401,467,517,508,401,566,127,521
55055,513,505,401,466,510,505,401,466,517,508,401,567,127,521
55065,512,505,400,466,511,505,400,466,516,508,399,567,127,521
55075,511,504,399,467,512,504,399,467,515,507,399,566,127,521
55085,511,504,399,468,512,504,399,468,515,507,399,565,127,521
55095,512,504,399,469,511,504,399,469,516,507,399,564,127,521
55105,512,504,399,469,511,504,399,469,516,507,399,564,127,521
55115,513,504,399,469,510,504,399,469,517,507,399,564,127,521
55125,513,505,399,467,510,505,399,467,517,508,399,566,127,521
55135,513,505,399,467,510,505,399,467,517,508,399,566,127,521
55145,513,505,399,467,510,505,399,467,517,508,399,566,127,521
55155,513,504,399,467,510,504,399,467,517,507,399,566,127,521
55165,512,503,398,468,511,503,398,468,516,506,398,565,127,521
55175,512,503,397,469,511,503,397,469,516,506,397,564,127,521
55185,512,503,397,470,511,503,397,470,516,506,397,563,127,521
55195,513,503,398,470,510,503,398,470,517,506,398,563,127,521
55205,513,504,399,470,510,504,399,470,517,507,399,563,127,521
55215,514,504,400,470,509,504,400,470,519,507,399,563,127,521
55225,514,504,400,469,509,504,400,469,519,507,399,564,127,521
55235,514,504,401,469,509,504,401,469,519,507,401,564,127,521
55245,514,504,401,469,509,504,401,469,519,507,401,564,127,521
55255,513,504,401,468,510,504,401,468,517,507,401,565,127,521
55265,512,504,400,468,511,504,400,468,516,507,399,565,127,521
55275,511,504,399,468,512,504,399,468,515,507,399,565,127,521
55285,511,504,399,468,512,504,399,468,515,507,399,565,127,521
55295,512,504,399,468,511,504,399,468,516,507,399,565,127,521
55305,513,504,399,468,510,504,399,468,517,507,399,565,127,521
55315,514,504,399,469,509,504,399,469,519,507,399,564,127,521
55325,514,504,399,468,509,504,399,468,519,507,399,565,127,521
55335,514,504,400,468,509,504,400,468,519,507,399,565,127,521
55345,514,505,400,467,509,505,400,467,519,508,399,566,127,521
55355,513,505,399,467,510,505,399,467,517,508,399,566,127,521
55365,512,505,398,467,511,505,398,467,516,508,398,566,127,521
55375,511,504,397,467,512,504,397,467,515,507,397,566,127,521
55385,511,504,397,468,512,504,397,468,515,507,397,565,127,521
55395,512,503,397,469,511,503,397,469,516,506,397,564,127,521
55405,513,503,397,470,510,503,397,470,517,506,397,563,127,521
55415,514,503,398,471,509,503,398,471,519,506,398,562,127,521
55425,514,503,399,471,509,503,399,471,519,506,399,562,127,521
55435,514,504,399,470,509,504,399,470,519,507,399,563,127,521
55445,514,505,400,469,509,505,400,469,519,508,399,564,127,521
55455,513,505,401,467,510,505,401,467,517,508,401,566,127,521
55465,512,505,401,467,511,505,401,467,516,508,401,566,127,521
55475,511,505,400,467,512,505,400,467,515,508,399,566,127,521
55485,512,504,400,467,511,504,400,467,516,507,399,566,127,521
55495,512,504,399,468,511,504,399,468,516,507,399,565,127,521
55505,513,503,399,470,510,503,399,470,517,506,399,563,127,521
55515,514,503,399,471,509,503,399,471,519,506,399,562,127,521
55525,514,503,399,471,509,503,399,471,519,506,399,562,127,521
55535,513,504,400,470,510,504,400,470,517,507,399,563,127,521
55545,513,504,400,469,510,504,400,469,517,507,399,564,127,521
55555,512,505,400,468,511,505,400,468,516,508,399,565,127,521
55565,512,505,399,467,511,505,399,467,516,508,399,566,127,521
55575,512,504,399,467,511,504,399,467,516,507,399,566,127,521
55585,513,503,398,469,510,503,398,469,517,506,398,564,127,521
55595,513,503,398,470,510,503,398,470,517,506,398,563,127,521
55605,513,503,398,470,510,503,398,470,517,506,398,563,127,521
55615,514,503,399,470,509,503,399,470,519,506,399,563,127,521
55625,513,504,400,470,510,504,400,470,517,507,399,563,127,521
55635,513,505,400,468,510,505,400,468,517,508,399,565,127,521
55645,512,505,400,467,511,505,400,467,516,508,399,566,127,521
55655,512,505,400,466,511,505,400,466,516,508,399,567,127,521
55665,511,505,400,466,512,505,400,466,515,508,399,567,127,521
55675,512,504,399,467,511,504,399,467,516,507,399,566,127,521
55685,512,504,398,468,511,504,398,468,516,507,398,565,127,521
55695,513,504,398,469,510,504,398,469,517,507,398,564,127,521
55705,514,503,398,470,509,503,398,470,519,506,398,563,127,521
55715,514,503,399,470,509,503,399,470,519,506,399,563,127,521
55725,514,504,400,470,509,504,400,470,519,507,399,563,127,521
55735,513,505,400,469,510,505,400,469,517,508,399,564,127,521
55745,513,505,400,468,510,505,400,468,517,508,399,565,127,521
55755,513,505,400,468,510,505,400,468,517,508,399,565,127,521
55765,512,504,400,468,511,504,400,468,516,507,399,565,127,521
55775,512,504,399,468,511,504,399,468,516,507,399,565,127,521
55785,512,503,398,469,511,503,398,469,516,506,398,564,127,521
55795,512,504,399,469,511,504,399,469,516,507,399,564,127,521
55805,513,504,399,470,510,504,399,470,517,507,399,563,127,521
55815,513,504,400,470,510,504,400,470,517,507,399,563,127,521
55825,513,504,400,469,510,504,400,469,517,507,399,564,127,521
55835,513,504,400,468,510,504,400,468,517,507,399,565,127,521
55845,513,504,400,468,510,504,400,468,517,507,399,565,127,521
55855,513,504,400,468,510,504,400,468,517,507,399,565,127,521
55865,513,504,400,468,510,504,400,468,517,507,399,565,127,521
55875,513,504,400,468,510,504,400,468,517,507,399,565,127,521
55885,512,504,399,469,511,504,399,469,516,507,399,564,127,521
55895,512,504,398,469,511,504,398,469,516,507,398,564,127,521
55905,513,504,398,469,510,504,398,469,517,507,398,564,127,521
55915,513,504,399,469,510,504,399,469,517,507,399,564,127,521
55925,513,504,399,468,510,504,399,468,517,507,399,565,127,521
55935,514,504,399,468,509,504,399,468,519,507,399,565,127,521
55945,513,504,399,468,510,504,399,468,517,507,399,565,127,521
55955,513,504,399,468,510,504,399,468,517,507,399,565,127,521
55965,513,504,399,468,510,504,399,468,517,507,399,565,127,521
55976,512,504,399,468,511,504,399,468,516,507,399,565,127,521
55986,512,504,398,469,511,504,398,469,516,507,398,564,127,521
55996,512,504,398,470,511,504,398,470,516,507,398,563,127,521
56005,513,504,398,470,510,504,398,470,517,507,398,563,127,521
56015,513,503,398,470,510,503,398,470,517,506,398,563,127,521
56025,514,503,399,470,509,503,399,470,519,506,399,563,127,521
56035,514,504,400,469,509,504,400,469,519,507,399,564,127,521
56045,513,504,400,469,510,504,400,469,517,507,399,564,127,521
56055,513,505,400,469,510,505,400,469,517,508,399,564,127,521
56065,513,505,401,468,510,505,401,468,517,508,401,565,127,521
56075,512,505,401,467,511,505,401,467,516,508,401,566,127,521
56085,512,505,401,467,511,505,401,467,516,508,401,566,127,521
56095,512,505,400,467,511,505,400,467,516,508,399,566,127,521
56105,513,504,399,468,510,504,399,468,517,507,399,565,127,521
56115,513,504,399,468,510,504,399,468,517,507,399,565,127,521
56125,514,503,399,466,509,503,399,466,519,506,399,567,127,521
56135,513,503,399,421,510,503,399,421,517,506,399,612,127,521
56145,513,504,399,389,510,504,399,389,517,507,399,644,127,521
56155,513,505,400,373,510,505,400,373,517,508,399,660,127,521
56165,512,505,400,366,511,505,400,366,516,508,399,667,127,521
56176,512,505,400,362,511,505,400,362,516,508,399,671,127,521
56185,512,505,399,361,511,505,399,361,516,508,399,672,127,521
56195,512,505,398,361,511,505,398,361,516,508,398,672,127,521
56205,513,504,398,362,510,504,398,362,517,507,398,671,127,521
56215,514,503,398,363,509,503,398,363,519,506,398,670,127,521
56225,514,503,398,364,509,503,398,364,519,506,398,669,127,521
56235,514,503,399,364,509,503,399,364,519,506,399,669,127,521
56245,514,504,399,364,509,504,399,364,519,507,399,669,127,521
56255,513,505,399,363,510,505,399,363,517,508,399,670,127,521
56265,512,505,399,361,511,505,399,361,516,508,399,672,127,521
56275,512,505,399,360,511,505,399,360,516,508,399,673,127,521
56285,512,505,399,360,511,505,399,360,516,508,399,673,127,521
56295,512,504,399,361,511,504,399,361,516,507,399,672,127,521
56305,513,504,399,361,510,504,399,361,517,507,399,672,127,521
56315,513,504,399,362,510,504,399,362,517,507,399,671,127,521
56325,513,504,400,363,510,504,400,363,517,507,399,670,127,521
56335,514,503,400,363,509,503,400,363,519,506,399,670,127,521
56345,513,504,400,364,510,504,400,364,517,507,399,669,127,521
56355,513,504,400,363,510,504,400,363,517,507,399,670,127,521
56365,513,505,400,362,510,505,400,362,517,508,399,671,127,521
56375,512,505,400,362,511,505,400,362,516,508,399,671,127,521
56385,512,504,399,362,511,504,399,362,516,507,399,671,127,521
56395,512,504,399,362,511,504,399,362,516,507,399,671,127,521
56405,512,504,399,363,511,504,399,363,516,507,399,670,127,521
56415,513,504,399,363,510,504,399,363,517,507,399,670,127,521
56425,513,504,399,364,510,504,399,364,517,507,399,669,127,521
56435,513,504,399,363,510,504,399,363,517,507,399,670,127,521
56445,514,504,399,363,509,504,399,363,519,507,399,670,127,521
56455,514,505,400,362,509,505,400,362,519,508,399,671,127,521
56466,514,505,400,361,509,505,400,361,519,508,399,672,127,521
56475,513,505,399,361,510,505,399,361,517,508,399,672,127,521
56485,512,504,398,361,511,504,398,361,516,507,398,672,127,521
56496,512,504,397,362,511,504,397,362,516,507,397,671,127,521
56505,513,504,398,363,510,504,398,363,517,507,398,670,127,521
56515,513,504,398,363,510,504,398,363,517,507,398,670,127,521
56526,514,504,399,364,509,504,399,364,519,507,399,669,127,521
56535,514,504,399,363,509,504,399,363,519,507,399,670,127,521
56545,514,504,400,362,509,504,400,362,519,507,399,671,127,521
56555,514,505,401,361,509,505,401,361,519,508,401,672,127,521
56565,513,505,401,360,510,505,401,360,517,508,401,673,127,521
56575,513,505,401,359,510,505,401,359,517,508,401,674,127,521
56586,512,505,400,360,511,505,400,360,516,508,399,673,127,521
56595,512,505,399,360,511,505,399,360,516,508,399,673,127,521
56605,512,504,399,361,511,504,399,361,516,507,399,672,127,521
56616,513,504,399,361,510,504,399,361,517,507,399,672,127,521
56625,513,504,399,362,510,504,399,362,517,507,399,671,127,521
56635,513,503,399,362,510,503,399,362,517,506,399,671,127,521
56645,513,504,399,362,510,504,399,362,517,507,399,671,127,521
56655,513,504,400,361,510,504,400,361,517,507,399,672,127,521
56665,513,505,400,361,510,505,400,361,517,508,399,672,127,521
56676,512,505,399,361,511,505,399,361,516,508,399,672,127,521
56685,512,505,399,361,511,505,399,361,516,508,399,672,127,521
56695,511,504,398,362,512,504,398,362,515,507,398,671,127,521
56705,511,504,397,363,512,504,397,363,515,507,397,670,127,521
56715,512,504,397,364,511,504,397,364,516,507,397,669,127,521
56725,512,504,398,364,511,504,398,364,516,507,398,669,127,521
56736,513,504,399,364,510,504,399,364,517,507,399,669,127,521
56745,513,504,399,364,510,504,399,364,517,507,399,669,127,521
56756,513,505,400,363,510,505,400,363,517,508,399,670,127,521
56766,513,506,401,362,510,506,401,362,517,509,401,671,127,521
56775,513,506,401,362,510,506,401,362,517,509,401,671,127,521
56785,513,506,401,361,510,506,401,361,517,509,401,672,127,521
56796,513,505,400,361,510,505,400,361,517,508,399,672,127,521
56805,512,505,400,361,511,505,400,361,516,508,399,672,127,521
56815,512,505,399,361,511,505,399,361,516,508,399,672,127,521
56826,512,504,398,361,511,504,398,361,516,507,398,672,127,521
56835,513,504,399,361,510,504,399,361,517,507,399,672,127,521
56846,513,504,399,361,510,504,399,361,517,507,399,672,127,521
56855,513,504,399,361,510,504,399,361,517,507,399,672,127,521
56866,513,504,400,361,510,504,400,361,517,507,399,672,127,521
56876,513,504,400,362,510,504,400,362,517,507,399,671,127,521
56886,513,504,399,363,510,504,399,363,517,507,399,670,127,521
56895,512,504,399,364,511,504,399,364,516,507,399,669,127,521
56906,512,504,399,365,511,504,399,365,516,507,399,668,127,521
56916,512,504,399,365,511,504,399,365,516,507,399,668,127,521
56925,512,504,399,364,511,504,399,364,516,507,399,669,127,521
56935,512,504,399,364,511,504,399,364,516,507,399,669,127,521
56946,512,505,400,363,511,505,400,363,516,508,399,670,127,521
56956,512,505,400,362,511,505,400,362,516,508,399,671,127,521
56965,512,505,400,361,511,505,400,361,516,508,399,672,127,521
56976,512,505,400,361,511,505,400,361,516,508,399,672,127,521
56986,512,505,400,361,511,505,400,361,516,508,399,672,127,521
56996,512,505,399,361,511,505,399,361,516,508,399,672,127,521
57005,512,504,398,362,511,504,398,362,516,507,398,671,127,521
57015,512,504,398,362,511,504,398,362,516,507,398,671,127,521
57026,512,504,398,363,511,504,398,363,516,507,398,670,127,521
57036,513,504,398,363,510,504,398,363,517,507,398,670,127,521
57045,513,504,399,363,510,504,399,363,517,507,399,670,127,521
57055,514,504,399,362,509,504,399,362,519,507,399,671,127,521
57066,513,504,399,362,510,504,399,362,517,507,399,671,127,521
57075,513,505,399,361,510,505,399,361,517,508,399,672,127,521
57086,512,505,400,360,511,505,400,360,516,508,399,673,127,521
57095,512,505,400,360,511,505,400,360,516,508,399,673,127,521
57106,512,505,399,361,511,505,399,361,516,508,399,672,127,521
57116,512,504,399,362,511,504,399,362,516,507,399,671,127,521
57126,513,503,399,363,510,503,399,363,517,506,399,670,127,521
57136,514,503,399,363,509,503,399,363,519,506,399,670,127,521
57146,514,503,399,364,509,503,399,364,519,506,399,669,127,521
57156,514,503,399,364,509,503,399,364,519,506,399,669,127,521
57166,513,504,399,364,510,504,399,364,517,507,399,669,127,521
57176,513,504,399,362,510,504,399,362,517,507,399,671,127,521
57186,512,505,400,361,511,505,400,361,516,508,399,672,127,521
57196,511,505,399,361,512,505,399,361,515,508,399,672,127,521
57206,511,505,399,362,512,505,399,362,515,508,399,671,127,521
57216,512,505,399,362,511,505,399,362,516,508,399,671,127,521
57226,513,504,399,363,510,504,399,363,517,507,399,670,127,521
57236,513,503,399,364,510,503,399,364,517,506,399,669,127,521
57246,514,503,400,364,509,503,400,364,519,506,399,669,127,521
57256,513,504,400,363,510,504,400,363,517,507,399,670,127,521
57266,513,504,400,362,510,504,400,362,517,507,399,671,127,521
57276,512,505,400,361,511,505,400,361,516,508,399,672,127,521
57286,512,506,400,360,511,506,400,360,516,509,399,673,127,521
57295,512,505,400,360,511,505,400,360,516,508,399,673,127,521
57306,512,505,399,361,511,505,399,361,516,508,399,672,127,521
57316,512,505,398,362,511,505,398,362,516,508,398,671,127,521
57326,512,504,398,363,511,504,398,363,516,507,398,670,127,521
57336,513,504,398,363,510,504,398,363,517,507,398,670,127,521
57346,513,504,399,364,510,504,399,364,517,507,399,669,127,521
57356,513,504,399,363,510,504,399,363,517,507,399,670,127,521
57366,513,505,399,362,510,505,399,362,517,508,399,671,127,521
57376,512,506,400,361,511,506,400,361,516,509,399,672,127,521
57386,512,506,400,360,511,506,400,360,516,509,399,673,127,521
57396,513,505,400,361,510,505,400,361,517,508,399,672,127,521
57406,513,505,399,362,510,505,399,362,517,508,399,671,127,521
57416,513,504,399,363,510,504,399,363,517,507,399,670,127,521
57426,512,504,398,364,511,504,398,364,516,507,398,669,127,521
57436,513,504,398,364,510,504,398,364,517,507,398,669,127,521
57446,513,504,399,364,510,504,399,364,517,507,399,669,127,521
57456,513,504,399,363,510,504,399,363,517,507,399,670,127,521
57466,512,505,399,362,511,505,399,362,516,508,399,671,127,521
57476,512,505,400,361,511,505,400,361,516,508,399,672,127,521
57486,512,505,400,361,511,505,400,361,516,508,399,672,127,521
57496,512,505,400,361,511,505,400,361,516,508,399,672,127,521
57506,512,504,400,362,511,504,400,362,516,507,399,671,127,521
57516,512,504,399,362,511,504,399,362,516,507,399,671,127,521
57526,512,504,399,363,511,504,399,363,516,507,399,670,127,521
57536,512,504,399,363,511,504,399,363,516,507,399,670,127,521
57546,513,504,400,363,510,504,400,363,517,507,399,670,127,521
57556,513,504,400,362,510,504,400,362,517,507,399,671,127,521
57566,513,504,400,362,510,504,400,362,517,507,399,671,127,521
57576,513,504,399,362,510,504,399,362,517,507,399,671,127,521
57586,512,504,399,362,511,504,399,362,516,507,399,671,127,521
57596,512,504,399,362,511,504,399,362,516,507,399,671,127,521
57606,512,505,399,363,511,505,399,363,516,508,399,670,127,521
57616,511,505,398,363,512,505,398,363,515,508,398,670,127,521
57626,511,505,398,364,512,505,398,364,515,508,398,669,127,521
57636,512,505,398,364,511,505,398,364,516,508,398,669,127,521
57646,513,504,399,364,510,504,399,364,517,507,399,669,127,521
57656,513,504,399,363,510,504,399,363,517,507,399,670,127,521
57666,513,504,399,363,510,504,399,363,517,507,399,670,127,521
57676,513,505,400,363,510,505,400,363,517,508,399,670,127,521
57686,512,505,400,362,511,505,400,362,516,508,399,671,127,521
57696,511,505,400,361,512,505,400,361,515,508,399,672,127,521
57706,511,505,400,361,512,505,400,361,515,508,399,672,127,521
57716,511,505,399,361,512,505,399,361,515,508,399,672,127,521
57726,511,505,399,362,512,505,399,362,515,508,399,671,127,521
57736,512,505,399,363,511,505,399,363,516,508,399,670,127,521
57746,512,504,400,363,511,504,400,363,516,507,399,670,127,521
57756,512,504,399,363,511,504,399,363,516,507,399,670,127,521
57766,512,504,399,363,511,504,399,363,516,507,399,670,127,521
57776,512,504,399,362,511,504,399,362,516,507,399,671,127,521
57786,511,505,399,361,512,505,399,361,515,508,399,672,127,521
57796,511,505,399,361,512,505,399,361,515,508,399,672,127,521
57806,511,505,399,361,512,505,399,361,515,508,399,672,127,521
57816,511,505,398,361,512,505,398,361,515,508,398,672,127,521
57826,511,504,398,362,512,504,398,362,515,507,398,671,127,521
57836,511,504,398,364,512,504,398,364,515,507,398,669,127,521
57846,512,504,398,364,511,504,398,364,516,507,398,669,127,521
57856,512,504,399,364,511,504,399,364,516,507,399,669,127,521
57866,512,504,399,363,511,504,399,363,516,507,399,670,127,521
57876,512,505,400,362,511,505,400,362,516,508,399,671,127,521
57886,513,505,400,361,510,505,400,361,517,508,399,672,127,521
57896,513,505,401,360,510,505,401,360,517,508,401,673,127,521
57906,513,505,401,360,510,505,401,360,517,508,401,673,127,521
57916,512,505,400,361,511,505,400,361,516,508,399,672,127,521
57926,512,505,399,361,511,505,399,361,516,508,399,672,127,521
57936,512,504,399,362,511,504,399,362,516,507,399,671,127,521
57946,512,504,399,362,511,504,399,362,516,507,399,671,127,521
57956,512,504,399,362,511,504,399,362,516,507,399,671,127,521
57966,513,504,399,362,510,504,399,362,517,507,399,671,127,521
57976,513,504,399,362,510,504,399,362,517,507,399,671,127,521
57986,513,504,400,362,510,504,400,362,517,507,399,671,127,521
57996,513,505,399,361,510,505,399,361,517,508,399,672,127,521
58006,512,505,399,362,511,505,399,362,516,508,399,671,127,521
58016,512,504,398,362,511,504,398,362,516,507,398,671,127,521
58026,512,504,398,363,511,504,398,363,516,507,398,670,127,521
58036,511,504,398,363,512,504,398,363,515,507,398,670,127,521
58046,512,504,398,364,511,504,398,364,516,507,398,669,127,521
58056,512,504,398,363,511,504,398,363,516,507,398,670,127,521
58066,512,505,399,363,511,505,399,363,516,508,399,670,127,521
58076,512,505,400,362,511,505,400,362,516,508,399,671,127,521
58086,512,505,400,361,511,505,400,361,516,508,399,672,127,521
58096,512,505,400,360,511,505,400,360,516,508,399,673,127,521
58106,511,505,400,361,512,505,400,361,515,508,399,672,127,521
58116,511,505,399,361,512,505,399,361,515,508,399,672,127,521
58126,511,505,399,361,512,505,399,361,515,508,399,672,127,521
58136,511,505,399,360,512,505,399,360,515,508,399,673,127,521
58146,511,504,399,338,512,504,399,338,515,507,399,695,127,521
58156,512,504,399,322,511,504,399,322,516,507,399,711,127,521
58166,512,504,400,315,511,504,400,315,516,507,399,718,127,521
58176,512,505,400,311,511,505,400,311,516,508,399,722,127,521
58186,512,505,400,310,511,505,400,310,516,508,399,723,127,521
58196,512,505,400,309,511,505,400,309,516,508,399,724,127,521
58206,511,505,400,308,512,505,400,308,515,508,399,725,127,521
58216,511,505,399,308,512,505,399,308,515,508,399,725,127,521
58226,511,505,399,308,512,505,399,308,515,508,399,725,127,521
58236,511,505,398,308,512,505,398,308,515,508,398,725,127,521
58246,511,505,398,308,512,505,398,308,515,508,398,725,127,521
58256,512,504,398,309,511,504,398,309,516,507,398,724,127,521
58266,512,504,399,309,511,504,399,309,516,507,399,724,127,521
58276,512,504,399,309,511,504,399,309,516,507,399,724,127,521
58286,512,505,399,309,511,505,399,309,516,508,399,724,127,521
58296,511,505,399,308,512,505,399,308,515,508,399,725,127,521
58306,511,506,400,308,512,506,400,308,515,509,399,725,127,521
58316,511,505,400,308,512,505,400,308,515,508,399,725,127,521
58326,510,505,399,308,513,505,399,308,514,508,399,725,127,521
58336,510,505,398,309,513,505,398,309,514,508,398,724,127,521
58346,511,504,398,310,512,504,398,310,515,507,398,723,127,521
58356,511,504,398,310,512,504,398,310,515,507,398,723,127,521
58366,511,504,398,310,512,504,398,310,515,507,398,723,127,521
58376,511,504,399,310,512,504,399,310,515,507,399,723,127,521
58386,511,505,399,309,512,505,399,309,515,508,399,724,127,521
58396,511,506,400,308,512,506,400,308,515,509,399,725,127,521
58406,511,506,401,307,512,506,401,307,515,509,401,726,127,521
58416,511,506,401,307,512,506,401,307,515,509,401,726,127,521
58426,511,505,400,308,512,505,400,308,515,508,399,725,127,521
58436,511,505,400,308,512,505,400,308,515,508,399,725,127,521
58446,511,505,399,309,512,505,399,309,515,508,399,724,127,521
58456,511,504,398,309,512,504,398,309,515,507,398,724,127,521
58466,511,504,398,309,512,504,398,309,515,507,398,724,127,521
58476,511,504,398,309,512,504,398,309,515,507,398,724,127,521
58486,511,505,398,308,512,505,398,308,515,508,398,725,127,521
58496,511,505,399,307,512,505,399,307,515,508,399,726,127,521
58506,511,505,399,307,512,505,399,307,515,508,399,726,127,521
58516,511,505,399,308,512,505,399,308,515,508,399,725,127,521
58526,511,505,399,309,512,505,399,309,515,508,399,724,127,521
58536,511,504,399,310,512,504,399,310,515,507,399,723,127,521
58546,510,504,398,311,513,504,398,311,514,507,398,722,127,521
58556,511,504,399,311,512,504,399,311,515,507,399,722,127,521
58566,511,505,399,311,512,505,399,311,515,508,399,722,127,521
58576,511,505,400,311,512,505,400,311,515,508,399,722,127,521
58586,511,505,400,309,512,505,400,309,515,508,399,724,127,521
58596,511,506,400,308,512,506,400,308,515,509,399,725,127,521
58606,511,506,400,307,512,506,400,307,515,509,399,726,127,521
58616,510,506,400,307,513,506,400,307,514,509,399,726,127,521
58626,510,505,399,307,513,505,399,307,514,508,399,726,127,521
58636,509,505,399,308,514,505,399,308,513,508,399,725,127,521
58646,510,505,399,309,513,505,399,309,514,508,399,724,127,521
58656,510,505,399,309,513,505,399,309,514,508,399,724,127,521
58666,511,505,399,309,512,505,399,309,515,508,399,724,127,521
58676,511,505,399,309,512,505,399,309,515,508,399,724,127,521
58686,511,505,399,309,512,505,399,309,515,508,399,724,127,521
58696,511,505,400,308,512,505,400,308,515,508,399,725,127,521
58706,510,505,399,307,513,505,399,307,514,508,399,726,127,521
58716,510,505,399,308,513,505,399,308,514,508,399,725,127,521
58726,510,505,398,308,513,505,398,308,514,508,398,725,127,521
58736,510,505,398,309,513,505,398,309,514,508,398,724,127,521
58746,511,504,398,310,512,504,398,310,515,507,398,723,127,521
58756,511,504,398,310,512,504,398,310,515,507,398,723,127,521
58766,512,505,398,310,511,505,398,310,516,508,398,723,127,521
58776,511,505,399,309,512,505,399,309,515,508,399,724,127,521
58786,511,505,399,309,512,505,399,309,515,508,399,724,127,521
58796,511,505,399,308,512,505,399,308,515,508,399,725,127,521
58806,511,505,399,307,512,505,399,307,515,508,399,726,127,521
58816,511,505,400,307,512,505,400,307,515,508,399,726,127,521
58826,511,505,400,307,512,505,400,307,515,508,399,726,127,521
58836,511,505,399,307,512,505,399,307,515,508,399,726,127,521
58846,511,504,399,308,512,504,399,308,515,507,399,725,127,521
58856,512,504,399,309,511,504,399,309,516,507,399,724,127,521
58866,512,504,399,309,511,504,399,309,516,507,399,724,127,521
58876,512,504,400,309,511,504,400,309,516,507,399,724,127,521
58886,512,504,400,309,511,504,400,309,516,507,399,724,127,521
58896,511,505,399,309,512,505,399,309,515,508,399,724,127,521
58906,511,505,399,309,512,505,399,309,515,508,399,724,127,521
58916,510,505,399,308,513,505,399,308,514,508,399,725,127,521
58926,510,504,398,308,513,504,398,308,514,507,398,725,127,521
58936,510,504,398,308,513,504,398,308,514,507,398,725,127,521
58946,510,504,398,309,513,504,398,309,514,507,398,724,127,521
58956,510,504,399,309,513,504,399,309,514,507,399,724,127,521
58966,511,504,399,309,512,504,399,309,515,507,399,724,127,521
58976,511,504,399,309,512,504,399,309,515,507,399,724,127,521
58986,511,505,399,308,512,505,399,308,515,508,399,725,127,521
58996,511,505,400,307,512,505,400,307,515,508,399,726,127,521
59006,510,506,400,307,513,506,400,307,514,509,399,726,127,521
59016,510,506,400,306,513,506,400,306,514,509,399,727,127,521
59026,510,506,400,306,513,506,400,306,514,509,399,727,127,521
59036,509,505,399,307,514,505,399,307,513,508,399,726,127,521
59046,510,505,399,307,513,505,399,307,514,508,399,726,127,521
59056,511,505,399,308,512,505,399,308,515,508,399,725,127,521
59066,511,505,399,309,512,505,399,309,515,508,399,724,127,521
59076,511,505,399,309,512,505,399,309,515,508,399,724,127,521
59086,511,505,400,308,512,505,400,308,515,508,399,725,127,521
59096,510,506,400,308,513,506,400,308,514,509,399,725,127,521
59106,510,506,400,307,513,506,400,307,514,509,399,726,127,521
59116,509,506,399,308,514,506,399,308,513,509,399,725,127,521
59126,508,506,398,309,515,506,398,309,512,509,398,724,127,521
59136,509,505,398,309,514,505,398,309,513,508,398,724,127,521
59146,509,505,398,310,514,505,398,310,513,508,398,723,127,521
59156,510,505,399,311,513,505,399,311,514,508,399,722,127,521
59166,510,505,399,311,513,505,399,311,514,508,399,722,127,521
59176,511,505,400,311,512,505,400,311,515,508,399,722,127,521
59186,510,505,400,311,513,505,400,311,514,508,399,722,127,521
59196,510,506,400,310,513,506,400,310,514,509,399,723,127,521
59206,509,506,399,309,514,506,399,309,513,509,399,724,127,521
59216,509,506,398,310,514,506,398,310,513,509,398,723,127,521
59226,509,505,398,310,514,505,398,310,513,508,398,723,127,521
59236,509,505,397,310,514,505,397,310,513,508,397,723,127,521
59246,510,505,398,310,513,505,398,310,514,508,398,723,127,521
59256,511,505,399,310,512,505,399,310,515,508,399,723,127,521
59266,511,505,399,310,512,505,399,310,515,508,399,723,127,521
59276,511,505,399,309,512,505,399,309,515,508,399,724,127,521
59286,511,505,399,308,512,505,399,308,515,508,399,725,127,521
59296,511,505,399,308,512,505,399,308,515,508,399,725,127,521
59306,510,505,399,308,513,505,399,308,514,508,399,725,127,521
59316,510,505,399,309,513,505,399,309,514,508,399,724,127,521
59326,510,504,398,310,513,504,398,310,514,507,398,723,127,521
59336,510,504,398,310,513,504,398,310,514,507,398,723,127,521
59346,511,504,399,310,512,504,399,310,515,507,399,723,127,521
59356,511,505,400,311,512,505,400,311,515,508,399,722,127,521
59366,511,505,400,310,512,505,400,310,515,508,399,723,127,521
59376,511,505,400,309,512,505,400,309,515,508,399,724,127,521
59386,511,505,400,308,512,505,400,308,515,508,399,725,127,521
59396,511,505,400,308,512,505,400,308,515,508,399,725,127,521
59406,510,505,399,308,513,505,399,308,514,508,399,725,127,521
59416,510,504,399,308,513,504,399,308,514,507,399,725,127,521
59426,510,504,398,309,513,504,398,309,514,507,398,724,127,521
59436,510,504,398,310,513,504,398,310,514,507,398,723,127,521
59446,511,505,398,311,512,505,398,311,515,508,398,722,127,521
59456,511,504,399,311,512,504,399,311,515,507,399,722,127,521
59466,511,505,399,311,512,505,399,311,515,508,399,722,127,521
59476,511,505,399,311,512,505,399,311,515,508,399,722,127,521
59486,511,505,399,310,512,505,399,310,515,508,399,723,127,521
59496,510,505,399,309,513,505,399,309,514,508,399,724,127,521
59506,510,505,399,308,513,505,399,308,514,508,399,725,127,521
59516,509,505,398,308,514,505,398,308,513,508,398,725,127,521
59526,509,505,398,308,514,505,398,308,513,508,398,725,127,521
59536,510,505,398,309,513,505,398,309,514,508,398,724,127,521
59546,510,505,399,310,513,505,399,310,514,508,399,723,127,521
59556,511,505,399,311,512,505,399,311,515,508,399,722,127,521
59566,511,505,400,311,512,505,400,311,515,508,399,722,127,521
59576,511,505,400,310,512,505,400,310,515,508,399,723,127,521
59586,510,505,399,309,513,505,399,309,514,508,399,724,127,521
59596,510,505,398,308,513,505,398,308,514,508,398,725,127,521
59606,509,506,397,307,514,506,397,307,513,509,397,726,127,521
59616,508,506,396,306,515,506,396,306,512,509,396,727,127,521
59626,508,507,396,304,515,507,396,304,512,510,396,729,127,521
59636,508,506,397,304,515,506,397,304,512,509,397,729,127,521
59646,509,506,397,304,514,506,397,304,513,509,397,729,127,521
59656,510,505,398,305,513,505,398,305,514,508,398,728,127,521
59666,510,505,399,305,513,505,399,305,514,508,399,728,127,521
59676,510,506,400,305,513,506,400,305,514,509,399,728,127,521
59686,510,505,401,305,513,505,401,305,514,508,401,728,127,521
59696,509,506,402,305,514,506,402,305,513,509,402,728,127,521
59706,509,506,401,304,514,506,401,304,513,509,401,729,127,521
59716,508,506,401,304,515,506,401,304,512,509,401,729,127,521
59726,508,505,400,306,515,505,400,306,512,508,399,727,127,521
59736,508,504,399,308,515,504,399,308,512,507,399,725,127,521
59746,509,503,399,310,514,503,399,310,513,506,399,723,127,521
59756,510,503,399,313,513,503,399,313,514,506,399,720,127,521
59766,510,503,399,314,513,503,399,314,514,506,399,719,127,521
59776,510,503,399,314,513,503,399,314,514,506,399,719,127,521
59786,510,504,399,314,513,504,399,314,514,507,399,719,127,521
59796,510,505,399,313,513,505,399,313,514,508,399,720,127,521
59806,510,505,399,311,513,505,399,311,514,508,399,722,127,521
59816,510,506,399,310,513,506,399,310,514,509,399,723,127,521
59826,509,506,399,309,514,506,399,309,513,509,399,724,127,521
59836,509,506,399,309,514,506,399,309,513,509,399,724,127,521
59846,510,506,399,309,513,506,399,309,514,509,399,724,127,521
59856,510,506,399,308,513,506,399,308,514,509,399,725,127,521
59866,510,506,399,308,513,506,399,308,514,509,399,725,127,521
59876,510,506,400,307,513,506,400,307,514,509,399,726,127,521
59886,510,506,400,307,513,506,400,307,514,509,399,726,127,521
59896,510,506,400,306,513,506,400,306,514,509,399,727,127,521
59906,510,506,399,306,513,506,399,306,514,509,399,727,127,521
59916,509,505,398,307,514,505,398,307,513,508,398,726,127,521
59926,509,505,398,308,514,505,398,308,513,508,398,725,127,521
59936,509,504,397,310,514,504,397,310,513,507,397,723,127,521
59946,509,504,397,311,514,504,397,311,513,507,397,722,127,521
59956,510,504,398,312,513,504,398,312,514,507,398,721,127,521
59966,510,505,399,312,513,505,399,312,514,508,399,721,127,521
59976,510,505,400,312,513,505,400,312,514,508,399,721,127,521
59986,510,506,400,310,513,506,400,310,514,509,399,723,127,521
59996,510,506,400,309,513,506,400,309,514,509,399,724,127,521
60006,509,506,400,307,514,506,400,307,513,509,399,726,127,521
60016,509,506,400,307,514,506,400,307,513,509,399,726,127,521
60026,509,506,399,307,514,506,399,307,513,509,399,726,127,521
60036,509,506,399,307,514,506,399,307,513,509,399,726,127,521
60046,510,506,399,308,513,506,399,308,514,509,399,725,127,521
60056,511,505,399,309,512,505,399,309,515,508,399,724,127,521
60066,511,505,399,309,512,505,399,309,515,508,399,724,127,521
60076,511,505,399,309,512,505,399,309,515,508,399,724,127,521
60086,510,506,399,309,513,506,399,309,514,509,399,724,127,521
60096,510,506,399,308,513,506,399,308,514,509,399,725,127,521
60106,509,506,399,308,514,506,399,308,513,509,399,725,127,521
60116,509,506,398,309,514,506,398,309,513,509,398,724,127,521
60126,509,506,398,309,514,506,398,309,513,509,398,724,127,521
60136,509,506,398,309,514,506,398,309,513,509,398,724,127,521
60146,509,506,399,307,514,506,399,307,513,509,399,726,127,521
60156,510,506,400,284,513,506,400,284,514,509,399,749,127,521
60166,510,506,400,268,513,506,400,268,514,509,399,765,127,521
60176,510,506,401,260,513,506,401,260,514,509,401,773,127,521
60186,509,506,400,256,514,506,400,256,513,509,399,777,127,521
60196,509,506,400,254,514,506,400,254,513,509,399,779,127,521
60206,509,506,399,254,514,506,399,254,513,509,399,779,127,521
60216,509,506,398,254,514,506,398,254,513,509,398,779,127,521
60226,509,506,398,254,514,506,398,254,513,509,398,779,127,521
60236,509,506,397,254,514,506,397,254,513,509,397,779,127,521
60246,509,506,398,254,514,506,398,254,513,509,398,779,127,521
60256,509,506,398,254,514,506,398,254,513,509,398,779,127,521
60266,509,506,399,254,514,506,399,254,513,509,399,779,127,521
60276,510,506,399,254,513,506,399,254,514,509,399,779,127,521
60286,510,506,399,254,513,506,399,254,514,509,399,779,127,521
60296,510,506,399,254,513,506,399,254,514,509,399,779,127,521
60306,509,506,399,255,514,506,399,255,513,509,399,778,127,521
60316,509,506,399,255,514,506,399,255,513,509,399,778,127,521
60326,509,506,398,256,514,506,398,256,513,509,398,777,127,521
60336,509,506,398,256,514,506,398,256,513,509,398,777,127,521
60346,509,506,399,256,514,506,399,256,513,509,399,777,127,521
60356,509,506,399,256,514,506,399,256,513,509,399,777,127,521
60366,510,506,399,256,513,506,399,256,514,509,399,777,127,521
60376,510,506,399,256,513,506,399,256,514,509,399,777,127,521
60386,509,506,399,255,514,506,399,255,513,509,399,778,127,521
60396,509,506,399,255,514,506,399,255,513,509,399,778,127,521
60406,508,507,399,255,515,507,399,255,512,510,399,778,127,521
60416,508,506,398,255,515,506,398,255,512,509,398,778,127,521
60426,508,506,398,256,515,506,398,256,512,509,398,777,127,521
60436,508,506,398,256,515,506,398,256,512,509,398,777,127,521
60446,508,506,398,256,515,506,398,256,512,509,398,777,127,521
60456,509,506,398,255,514,506,398,255,513,509,398,778,127,521
60466,509,506,399,255,514,506,399,255,513,509,399,778,127,521
60476,509,506,399,255,514,506,399,255,513,509,399,778,127,521
60486,508,507,399,254,515,507,399,254,512,510,399,779,127,521
60496,508,507,400,254,515,507,400,254,512,510,399,779,127,521
60506,508,507,400,254,515,507,400,254,512,510,399,779,127,521
60516,508,506,399,255,515,506,399,255,512,509,399,778,127,521
60526,508,506,399,256,515,506,399,256,512,509,399,777,127,521
60536,508,506,399,257,515,506,399,257,512,509,399,776,127,521
60546,508,506,399,257,515,506,399,257,512,509,399,776,127,521
60556,509,506,399,257,514,506,399,257,513,509,399,776,127,521
60566,509,506,399,256,514,506,399,256,513,509,399,777,127,521
60576,509,506,399,255,514,506,399,255,513,509,399,778,127,521
60586,508,507,399,254,515,507,399,254,512,510,399,779,127,521
60596,508,507,399,253,515,507,399,253,512,510,399,780,127,521
60606,508,507,399,253,515,507,399,253,512,510,399,780,127,521
60616,508,507,398,254,515,507,398,254,512,510,398,779,127,521
60626,508,506,398,254,515,506,398,254,512,509,398,779,127,521
60636,509,506,398,255,514,506,398,255,513,509,398,778,127,521
60646,509,506,398,256,514,506,398,256,513,509,398,777,127,521
60656,509,506,398,256,514,506,398,256,513,509,398,777,127,521
60666,510,507,399,256,513,507,399,256,514,510,399,777,127,521
60676,509,507,399,255,514,507,399,255,513,510,399,778,127,521
60686,509,507,400,255,514,507,400,255,513,510,399,778,127,521
60696,509,507,400,255,514,507,400,255,513,510,399,778,127,521
60706,509,507,400,254,514,507,400,254,513,510,399,779,127,521
60716,508,507,399,254,515,507,399,254,512,510,399,779,127,521
60726,508,507,398,255,515,507,398,255,512,510,398,778,127,521
60736,508,507,398,255,515,507,398,255,512,510,398,778,127,521
60746,508,507,398,256,515,507,398,256,512,510,398,777,127,521
60756,508,506,398,256,515,506,398,256,512,509,398,777,127,521
60766,508,507,398,256,515,507,398,256,512,510,398,777,127,521
60776,509,507,399,255,514,507,399,255,513,510,399,778,127,521
60786,508,507,399,255,515,507,399,255,512,510,399,778,127,521
60796,508,507,399,254,515,507,399,254,512,510,399,779,127,521
60806,508,508,399,254,515,508,399,254,512,511,399,779,127,521
60816,508,508,399,254,515,508,399,254,512,511,399,779,127,521
60826,508,507,398,254,515,507,398,254,512,510,398,779,127,521
60836,509,507,398,255,514,507,398,255,513,510,398,778,127,521
60846,509,506,398,256,514,506,398,256,513,509,398,777,127,521
60856,509,506,398,257,514,506,398,257,513,509,398,776,127,521
60866,509,507,399,257,514,507,399,257,513,510,399,776,127,521
60876,509,507,399,257,514,507,399,257,513,510,399,776,127,521
60886,508,508,400,256,515,508,400,256,512,511,399,777,127,521
60896,508,508,399,255,515,508,399,255,512,511,399,778,127,521
60906,507,508,399,254,516,508,399,254,512,511,399,779,127,521
60916,507,508,398,254,516,508,398,254,512,511,398,779,127,521
60926,508,507,398,255,515,507,398,255,512,510,398,778,127,521
60936,508,507,398,255,515,507,398,255,512,510,398,778,127,521
60946,509,507,398,256,514,507,398,256,513,510,398,777,127,521
60956,509,507,399,256,514,507,399,256,513,510,399,777,127,521
60966,509,507,399,256,514,507,399,256,513,510,399,777,127,521
60976,509,508,400,256,514,508,400,256,513,511,399,777,127,521
60986,509,508,400,255,514,508,400,255,513,511,399,778,127,521
60996,508,508,400,255,515,508,400,255,512,511,399,778,127,521
61006,508,508,399,255,515,508,399,255,512,511,399,778,127,521
61016,508,508,399,255,515,508,399,255,512,511,399,778,127,521
61026,508,508,398,255,515,508,398,255,512,511,398,778,127,521
61036,509,507,398,256,514,507,398,256,513,510,398,777,127,521
61046,509,507,398,257,514,507,398,257,513,510,398,776,127,521
61056,510,507,399,257,513,507,399,257,514,510,399,776,127,521
61066,510,507,400,256,513,507,400,256,514,510,399,777,127,521
61076,509,508,400,256,514,508,400,256,513,511,399,777,127,521
61086,509,508,400,255,514,508,400,255,513,511,399,778,127,521
61096,508,509,400,253,515,509,400,253,512,512,399,780,127,521
61106,508,508,399,253,515,508,399,253,512,511,399,780,127,521
61116,508,508,399,254,515,508,399,254,512,511,399,779,127,521
61126,509,507,398,255,514,507,398,255,513,510,398,778,127,521
61136,509,507,398,256,514,507,398,256,513,510,398,777,127,521
61146,509,507,398,256,514,507,398,256,513,510,398,777,127,521
61156,509,507,399,256,514,507,399,256,513,510,399,777,127,521
61166,509,508,400,256,514,508,400,256,513,511,399,777,127,521
61176,508,508,400,255,515,508,400,255,512,511,399,778,127,521
61186,508,508,400,255,515,508,400,255,512,511,399,778,127,521
61196,507,508,400,255,516,508,400,255,512,511,399,778,127,521
61206,507,507,399,254,516,507,399,254,512,510,399,779,127,521
61216,506,507,397,255,517,507,397,255,512,510,397,778,127,521
61226,506,507,397,255,517,507,397,255,512,510,397,778,127,521
61236,507,507,397,255,516,507,397,255,512,510,397,778,127,521
61246,507,508,398,255,516,508,398,255,512,511,398,778,127,521
61256,507,508,398,255,516,508,398,255,512,511,398,778,127,521
61266,507,508,398,255,516,508,398,255,512,511,398,778,127,521
61276,507,508,398,255,516,508,398,255,512,511,398,778,127,521
61286,507,509,398,255,516,509,398,255,512,512,398,778,127,521
61296,507,508,398,255,516,508,398,255,512,511,398,778,127,521
61306,507,508,398,255,516,508,398,255,512,511,398,778,127,521
61316,506,508,397,255,517,508,397,255,512,511,397,778,127,521
61326,506,508,398,255,517,508,398,255,512,511,398,778,127,521
61336,507,508,398,255,516,508,398,255,512,511,398,778,127,521
61346,507,507,399,255,516,507,399,255,512,510,399,778,127,521
61356,508,507,399,254,515,507,399,254,512,510,399,779,127,521
61366,507,507,400,255,516,507,400,255,512,510,399,778,127,521
61376,507,507,400,255,516,507,400,255,512,510,399,778,127,521
61386,507,507,400,255,516,507,400,255,512,510,399,778,127,521
61396,507,507,400,255,516,507,400,255,512,510,399,778,127,521
61406,507,507,399,255,516,507,399,255,512,510,399,778,127,521
61416,506,508,398,255,517,508,398,255,512,511,398,778,127,521
61426,507,507,398,256,516,507,398,256,512,510,398,777,127,521
61436,507,507,398,256,516,507,398,256,512,510,398,777,127,521
61446,508,507,399,256,515,507,399,256,512,510,399,777,127,521
61456,508,507,399,256,515,507,399,256,512,510,399,777,127,521
61466,508,507,399,256,515,507,399,256,512,510,399,777,127,521
61476,507,508,399,255,516,508,399,255,512,511,399,778,127,521
61486,507,508,399,255,516,508,399,255,512,511,399,778,127,521
61496,507,508,399,255,516,508,399,255,512,511,399,778,127,521
61506,507,508,399,255,516,508,399,255,512,511,399,778,127,521
61516,507,508,398,255,516,508,398,255,512,511,398,778,127,521
61526,507,508,398,255,516,508,398,255,512,511,398,778,127,521
61536,507,508,398,255,516,508,398,255,512,511,398,778,127,521
61546,508,508,398,255,515,508,398,255,512,511,398,778,127,521
61556,508,508,399,254,515,508,399,254,512,511,399,779,127,521
61566,508,508,399,254,515,508,399,254,512,511,399,779,127,521
61576,507,508,399,254,516,508,399,254,512,511,399,779,127,521
61586,507,509,399,254,516,509,399,254,512,512,399,779,127,521
61596,507,508,399,254,516,508,399,254,512,511,399,779,127,521
61606,507,508,398,255,516,508,398,255,512,511,398,778,127,521
61616,507,508,398,255,516,508,398,255,512,511,398,778,127,521
61626,507,508,398,256,516,508,398,256,512,511,398,777,127,521
61636,507,508,398,256,516,508,398,256,512,511,398,777,127,521
61646,508,508,399,256,515,508,399,256,512,511,399,777,127,521
61656,508,508,399,255,515,508,399,255,512,511,399,778,127,521
61666,507,509,399,254,516,509,399,254,512,512,399,779,127,521
61676,507,509,399,253,516,509,399,253,512,512,399,780,127,521
61686,507,508,399,253,516,508,399,253,512,511,399,780,127,521
61696,507,508,398,254,516,508,398,254,512,511,398,779,127,521
61706,507,508,398,254,516,508,398,254,512,511,398,779,127,521
61716,507,508,398,255,516,508,398,255,512,511,398,778,127,521
61726,507,508,398,255,516,508,398,255,512,511,398,778,127,521
61736,507,508,399,255,516,508,399,255,512,511,399,778,127,521
61746,507,508,399,255,516,508,399,255,512,511,399,778,127,521
61756,508,509,399,255,515,509,399,255,512,512,399,778,127,521
61766,507,508,399,254,516,508,399,254,512,511,399,779,127,521
61776,507,509,399,254,516,509,399,254,512,512,399,779,127,521
61786,507,508,399,254,516,508,399,254,512,511,399,779,127,521
61796,507,508,399,254,516,508,399,254,512,511,399,779,127,521
61806,507,508,399,255,516,508,399,255,512,511,399,778,127,521
61816,507,508,399,255,516,508,399,255,512,511,399,778,127,521
61826,507,508,398,255,516,508,398,255,512,511,398,778,127,521
61836,507,509,399,256,516,509,399,256,512,512,399,777,127,521
61846,508,508,399,256,515,508,399,256,512,511,399,777,127,521
61856,508,508,399,256,515,508,399,256,512,511,399,777,127,521
61866,508,508,399,255,515,508,399,255,512,511,399,778,127,521
61876,508,508,399,255,515,508,399,255,512,511,399,778,127,521
61886,507,509,399,255,516,509,399,255,512,512,399,778,127,521
61896,507,509,399,255,516,509,399,255,512,512,399,778,127,521
61906,507,509,399,255,516,509,399,255,512,512,399,778,127,521
61916,507,509,398,255,516,509,398,255,512,512,398,778,127,521
61926,507,509,398,255,516,509,398,255,512,512,398,778,127,521
61936,508,509,398,256,515,509,398,256,512,512,398,777,127,521
61946,508,508,399,256,515,508,399,256,512,511,399,777,127,521
61956,508,508,399,256,515,508,399,256,512,511,399,777,127,521
61966,508,508,399,256,515,508,399,256,512,511,399,777,127,521
61976,507,508,399,256,516,508,399,256,512,511,399,777,127,521
61986,506,508,399,255,517,508,399,255,512,511,399,778,127,521
61996,506,509,399,255,517,509,399,255,512,512,399,778,127,521
62006,505,509,399,254,518,509,399,254,511,512,399,779,127,521
62016,506,509,398,255,517,509,398,255,512,512,398,778,127,521
62026,506,508,398,256,517,508,398,256,512,511,398,777,127,521
62036,507,508,398,256,516,508,398,256,512,511,398,777,127,521
62046,507,509,399,256,516,509,399,256,512,512,399,777,127,521
62056,507,509,400,255,516,509,400,255,512,512,399,778,127,521
62066,507,509,400,255,516,509,400,255,512,512,399,778,127,521
62076,508,510,401,254,515,510,401,254,512,512,401,779,127,521
62086,508,509,401,253,515,509,401,253,512,512,401,780,127,521
62096,508,509,401,254,515,509,401,254,512,512,401,779,127,521
62106,507,508,399,255,516,508,399,255,512,511,399,778,127,521
62116,507,508,397,256,516,508,397,256,512,511,397,777,127,521
62126,507,508,396,258,516,508,396,258,512,511,396,775,127,521
62136,507,507,396,259,516,507,396,259,512,510,396,774,127,521
62146,508,508,396,260,515,508,396,260,512,511,396,773,127,521
62156,508,508,396,264,515,508,396,264,512,511,396,769,127,521
62166,508,508,397,308,515,508,397,308,512,511,397,725,127,521
62176,507,509,398,339,516,509,398,339,512,512,398,694,127,521
62186,508,509,398,353,515,509,398,353,512,512,398,680,127,521
62196,507,509,399,359,516,509,399,359,512,512,399,674,127,521
62206,507,509,400,361,516,509,400,361,512,512,399,672,127,521
62216,506,509,400,361,517,509,400,361,512,512,399,672,127,521
62226,505,509,399,361,518,509,399,361,511,512,399,672,127,521
62236,505,509,399,361,518,509,399,361,511,512,399,672,127,521
62246,506,508,399,362,517,508,399,362,512,511,399,671,127,521
62256,507,508,399,362,516,508,399,362,512,511,399,671,127,521
62266,507,508,399,362,516,508,399,362,512,511,399,671,127,521
62276,508,508,399,362,515,508,399,362,512,511,399,671,127,521
62286,508,508,399,362,515,508,399,362,512,511,399,671,127,521
62296,508,508,399,362,515,508,399,362,512,511,399,671,127,521
62306,507,507,399,362,516,507,399,362,512,510,399,671,127,521
62316,507,507,399,362,516,507,399,362,512,510,399,671,127,521
62326,506,508,398,362,517,508,398,362,512,511,398,671,127,521
62336,506,508,398,362,517,508,398,362,512,511,398,671,127,521
62346,507,508,399,362,516,508,399,362,512,511,399,671,127,521
62356,507,508,399,362,516,508,399,362,512,511,399,671,127,521
62366,508,508,400,363,515,508,400,363,512,511,399,670,127,521
62376,508,508,400,363,515,508,400,363,512,511,399,670,127,521
62386,508,508,400,362,515,508,400,362,512,511,399,671,127,521
62396,507,508,399,362,516,508,399,362,512,511,399,671,127,521
62406,507,508,399,361,516,508,399,361,512,511,399,672,127,521
62416,507,508,399,361,516,508,399,361,512,511,399,672,127,521
62426,506,508,399,361,517,508,399,361,512,511,399,672,127,521
62436,507,508,399,361,516,508,399,361,512,511,399,672,127,521
62446,507,508,399,361,516,508,399,361,512,511,399,672,127,521
62456,507,509,399,361,516,509,399,361,512,512,399,672,127,521
62466,507,509,399,361,516,509,399,361,512,512,399,672,127,521
62476,507,509,399,361,516,509,399,361,512,512,399,672,127,521
62486,507,509,399,361,516,509,399,361,512,512,399,672,127,521
62496,507,509,398,361,516,509,398,361,512,512,398,672,127,521
62506,506,508,398,361,517,508,398,361,512,511,398,672,127,521
62516,506,508,397,362,517,508,397,362,512,511,397,671,127,521
62526,506,508,397,362,517,508,397,362,512,511,397,671,127,521
62536,507,508,397,362,516,508,397,362,512,511,397,671,127,521
62546,507,508,398,363,516,508,398,363,512,511,398,670,127,521
62556,507,508,398,363,516,508,398,363,512,511,398,670,127,521
62566,507,509,399,363,516,509,399,363,512,512,399,670,127,521
62576,507,509,400,362,516,509,400,362,512,512,399,671,127,521
62586,507,509,400,362,516,509,400,362,512,512,399,671,127,521
62596,507,509,400,361,516,509,400,361,512,512,399,672,127,521
62606,507,509,401,361,516,509,401,361,512,512,401,672,127,521
62616,507,509,400,361,516,509,400,361,512,512,399,672,127,521
62626,507,509,399,361,516,509,399,361,512,512,399,672,127,521
62636,507,508,399,362,516,508,399,362,512,511,399,671,127,521
62646,507,508,398,362,516,508,398,362,512,511,398,671,127,521
62656,507,508,398,363,516,508,398,363,512,511,398,670,127,521
62666,507,508,398,363,516,508,398,363,512,511,398,670,127,521
62676,507,509,397,362,516,509,397,362,512,512,397,671,127,521
62686,507,509,398,362,516,509,398,362,512,512,398,671,127,521
62696,508,509,398,362,515,509,398,362,512,512,398,671,127,521
62706,507,509,399,361,516,509,399,361,512,512,399,672,127,521
62716,507,509,399,361,516,509,399,361,512,512,399,672,127,521
62726,507,509,398,361,516,509,398,361,512,512,398,672,127,521
62736,507,509,398,362,516,509,398,362,512,512,398,671,127,521
62746,507,509,398,362,516,509,398,362,512,512,398,671,127,521
62756,507,508,399,363,516,508,399,363,512,511,399,670,127,521
62766,507,509,399,363,516,509,399,363,512,512,399,670,127,521
62776,508,509,399,363,515,509,399,363,512,512,399,670,127,521
62786,508,509,399,363,515,509,399,363,512,512,399,670,127,521
62796,508,509,400,362,515,509,400,362,512,512,399,671,127,521
62806,507,510,400,362,516,510,400,362,512,512,399,671,127,521
62816,507,509,400,362,516,509,400,362,512,512,399,671,127,521
62826,507,509,400,362,516,509,400,362,512,512,399,671,127,521
62836,507,509,399,362,516,509,399,362,512,512,399,671,127,521
62846,507,509,398,362,516,509,398,362,512,512,398,671,127,521
62856,506,509,398,363,517,509,398,363,512,512,398,670,127,521
62866,507,509,398,362,516,509,398,362,512,512,398,671,127,521
62876,507,509,398,362,516,509,398,362,512,512,398,671,127,521
62886,507,509,399,361,516,509,399,361,512,512,399,672,127,521
62896,507,509,399,361,516,509,399,361,512,512,399,672,127,521
62906,507,509,399,360,516,509,399,360,512,512,399,673,127,521
62916,507,509,399,361,516,509,399,361,512,512,399,672,127,521
62926,506,509,398,362,517,509,398,362,512,512,398,671,127,521
62936,506,509,397,362,517,509,397,362,512,512,397,671,127,521
62946,507,508,397,363,516,508,397,363,512,511,397,670,127,521
62956,507,508,397,363,516,508,397,363,512,511,397,670,127,521
62966,507,508,397,363,516,508,397,363,512,511,397,670,127,521
62976,507,508,397,363,516,508,397,363,512,511,397,670,127,521
62986,507,509,398,362,516,509,398,362,512,512,398,671,127,521
62996,507,509,399,361,516,509,399,361,512,512,399,672,127,521
63006,507,510,400,361,516,510,400,361,512,512,399,672,127,521
63016,507,510,401,361,516,510,401,361,512,512,401,672,127,521
63026,507,509,401,361,516,509,401,361,512,512,401,672,127,521
63036,507,509,400,361,516,509,400,361,512,512,399,672,127,521
63046,507,509,399,362,516,509,399,362,512,512,399,671,127,521
63056,507,508,399,363,516,508,399,363,512,511,399,670,127,521
63066,507,508,398,363,516,508,398,363,512,511,398,670,127,521
63076,507,508,398,363,516,508,398,363,512,511,398,670,127,521
63086,508,508,398,363,515,508,398,363,512,511,398,670,127,521
63096,508,508,398,363,515,508,398,363,512,511,398,670,127,521
63106,508,509,399,363,515,509,399,363,512,512,399,670,127,521
63116,508,509,399,362,515,509,399,362,512,512,399,671,127,521
63126,507,509,400,362,516,509,400,362,512,512,399,671,127,521
63136,507,509,399,362,516,509,399,362,512,512,399,671,127,521
63146,506,509,398,362,517,509,398,362,512,512,398,671,127,521
63156,506,509,398,362,517,509,398,362,512,512,398,671,127,521
63166,506,509,398,362,517,509,398,362,512,512,398,671,127,521
63176,507,508,398,362,516,508,398,362,512,511,398,671,127,521
63186,508,508,398,362,515,508,398,362,512,511,398,671,127,521
63196,508,509,398,362,515,509,398,362,512,512,398,671,127,521
63206,508,509,399,361,515,509,399,361,512,512,399,672,127,521
63216,507,509,399,361,516,509,399,361,512,512,399,672,127,521
63226,507,509,399,361,516,509,399,361,512,512,399,672,127,521
63236,507,509,399,360,516,509,399,360,512,512,399,673,127,521
63246,507,509,399,361,516,509,399,361,512,512,399,672,127,521
63256,507,509,398,361,516,509,398,361,512,512,398,672,127,521
63266,507,509,398,362,516,509,398,362,512,512,398,671,127,521
63276,507,508,398,363,516,508,398,363,512,511,398,670,127,521
63286,508,508,398,363,515,508,398,363,512,511,398,670,127,521
63296,507,508,398,363,516,508,398,363,512,511,398,670,127,521
63306,507,509,398,363,516,509,398,363,512,512,398,670,127,521
63316,507,509,398,362,516,509,398,362,512,512,398,671,127,521
63326,507,510,399,361,516,510,399,361,512,512,399,672,127,521
63336,506,510,399,361,517,510,399,361,512,512,399,672,127,521
63346,506,510,399,361,517,510,399,361,512,512,399,672,127,521
63356,506,509,399,362,517,509,399,362,512,512,399,671,127,521
63366,507,509,398,363,516,509,398,363,512,512,398,670,127,521
63376,507,508,398,364,516,508,398,364,512,511,398,669,127,521
63386,507,508,399,365,516,508,399,365,512,511,399,668,127,521
63396,507,509,399,364,516,509,399,364,512,512,399,669,127,521
63406,507,509,399,363,516,509,399,363,512,512,399,670,127,521
63416,507,510,399,363,516,510,399,363,512,512,399,670,127,521
63426,506,510,399,362,517,510,399,362,512,512,399,671,127,521
63436,506,510,399,362,517,510,399,362,512,512,399,671,127,521
63446,507,509,399,362,516,509,399,362,512,512,399,671,127,521
63456,507,509,398,362,516,509,398,362,512,512,398,671,127,521
63466,507,509,398,363,516,509,398,363,512,512,398,670,127,521
63476,507,508,398,364,516,508,398,364,512,511,398,669,127,521
63486,507,508,398,364,516,508,398,364,512,511,398,669,127,521
63496,507,509,399,364,516,509,399,364,512,512,399,669,127,521
63506,508,509,399,363,515,509,399,363,512,512,399,670,127,521
63516,507,509,399,362,516,509,399,362,512,512,399,671,127,521
63526,507,510,399,362,516,510,399,362,512,512,399,671,127,521
63536,507,510,399,361,516,510,399,361,512,512,399,672,127,521
63546,507,509,399,361,516,509,399,361,512,512,399,672,127,521
63556,507,509,398,361,516,509,398,361,512,512,398,672,127,521
63566,506,509,398,362,517,509,398,362,512,512,398,671,127,521
63576,506,508,398,363,517,508,398,363,512,511,398,670,127,521
63586,507,508,398,363,516,508,398,363,512,511,398,670,127,521
63596,507,509,399,363,516,509,399,363,512,512,399,670,127,521
63606,508,509,399,363,515,509,399,363,512,512,399,670,127,521
63616,508,509,400,363,515,509,400,363,512,512,399,670,127,521
63626,507,509,400,363,516,509,400,363,512,512,399,670,127,521
63636,507,509,400,363,516,509,400,363,512,512,399,670,127,521
63646,507,509,400,362,516,509,400,362,512,512,399,671,127,521
63656,507,509,400,362,516,509,400,362,512,512,399,671,127,521
63666,506,509,399,362,517,509,399,362,512,512,399,671,127,521
63676,506,509,399,362,517,509,399,362,512,512,399,671,127,521
63686,507,509,399,363,516,509,399,363,512,512,399,670,127,521
63696,507,509,399,363,516,509,399,363,512,512,399,670,127,521
63706,508,509,399,363,515,509,399,363,512,512,399,670,127,521
63716,508,509,399,362,515,509,399,362,512,512,399,671,127,521
63726,507,509,398,362,516,509,398,362,512,512,398,671,127,521
63736,507,509,398,361,516,509,398,361,512,512,398,672,127,521
63746,507,509,398,361,516,509,398,361,512,512,398,672,127,521
63756,507,509,398,361,516,509,398,361,512,512,398,672,127,521
63766,506,509,398,361,517,509,398,361,512,512,398,672,127,521
63776,507,509,398,362,516,509,398,362,512,512,398,671,127,521
63786,507,509,398,363,516,509,398,363,512,512,398,670,127,521
63796,508,509,399,363,515,509,399,363,512,512,399,670,127,521
63806,508,509,399,363,515,509,399,363,512,512,399,670,127,521
63816,508,509,399,363,515,509,399,363,512,512,399,670,127,521
63826,508,509,399,362,515,509,399,362,512,512,399,671,127,521
63836,507,510,399,361,516,510,399,361,512,512,399,672,127,521
63846,507,509,399,360,516,509,399,360,512,512,399,673,127,521
63856,507,509,399,360,516,509,399,360,512,512,399,673,127,521
63866,507,509,399,360,516,509,399,360,512,512,399,673,127,521
63876,507,509,398,361,516,509,398,361,512,512,398,672,127,521
63886,507,509,398,362,516,509,398,362,512,512,398,671,127,521
63896,507,509,399,363,516,509,399,363,512,512,399,670,127,521
63906,507,509,399,363,516,509,399,363,512,512,399,670,127,521
63916,507,509,399,363,516,509,399,363,512,512,399,670,127,521
63926,507,509,399,363,516,509,399,363,512,512,399,670,127,521
63936,507,509,399,362,516,509,399,362,512,512,399,671,127,521
63946,507,509,399,362,516,509,399,362,512,512,399,671,127,521
63956,506,509,398,362,517,509,398,362,512,512,398,671,127,521
63966,506,509,398,362,517,509,398,362,512,512,398,671,127,521
63976,506,509,398,363,517,509,398,363,512,512,398,670,127,521
63986,507,509,398,363,516,509,398,363,512,512,398,670,127,521
63996,507,509,398,364,516,509,398,364,512,512,398,669,127,521
64006,508,509,399,364,515,509,399,364,512,512,399,669,127,521
64016,508,509,399,364,515,509,399,364,512,512,399,669,127,521
64026,508,509,400,363,515,509,400,363,512,512,399,670,127,521
64036,507,510,400,361,516,510,400,361,512,512,399,672,127,521
64046,507,510,400,360,516,510,400,360,512,512,399,673,127,521
64056,506,510,399,360,517,510,399,360,512,512,399,673,127,521
64066,507,509,399,360,516,509,399,360,512,512,399,673,127,521
64076,507,509,398,360,516,509,398,360,512,512,398,673,127,521
64086,507,509,398,361,516,509,398,361,512,512,398,672,127,521
64096,508,508,398,362,515,508,398,362,512,511,398,671,127,521
64106,509,508,399,362,514,508,399,362,513,511,399,671,127,521
64116,509,508,399,363,514,508,399,363,513,511,399,670,127,521
64126,509,508,399,362,514,508,399,362,513,511,399,671,127,521
64136,509,509,399,362,514,509,399,362,513,512,399,671,127,521
64146,508,509,399,362,515,509,399,362,512,512,399,671,127,521
64156,507,509,398,362,516,509,398,362,512,512,398,671,127,521
