t_ms,rawX,rawY,rawZ,rawG,sixX,sixY,sixZ,sixG,calX,calY,calZ,calG,calByte,zeroRef
2227,510,502,378,498,513,502,378,498,514,498,399,513,0,499
2228,510,502,378,498,513,502,378,498,514,498,399,513,0,499
2236,510,502,379,499,513,502,379,499,514,498,399,512,0,499
2246,510,502,378,498,513,502,378,498,514,498,399,513,0,499
2256,510,502,378,499,513,502,378,499,514,498,399,512,0,499
2266,510,502,379,499,513,502,379,499,514,498,399,512,0,499
2276,510,502,378,498,513,502,378,498,514,498,399,513,0,499
2286,510,502,378,498,513,502,378,498,514,498,399,513,0,499
2296,510,501,379,499,513,501,379,499,514,497,399,512,0,499
2306,510,502,378,498,513,502,378,498,514,498,399,513,0,499
2316,510,502,378,498,513,502,378,498,514,498,399,513,0,499
2326,510,502,379,499,513,502,379,499,514,498,399,512,0,499
2336,510,502,378,498,513,502,378,498,514,498,399,513,0,499
2346,510,502,379,498,513,502,379,498,514,498,399,513,0,499
2356,510,502,379,499,513,502,379,499,514,498,399,512,0,499
2366,510,502,379,498,513,502,379,498,514,498,399,513,0,499
2376,510,502,378,498,513,502,378,498,514,498,399,513,0,499
2386,510,502,379,499,513,502,379,499,514,498,399,512,0,499
2396,510,502,378,498,513,502,378,498,514,498,399,513,0,499
2406,510,502,378,498,513,502,378,498,514,498,399,513,0,499
2416,510,502,378,499,513,502,378,499,514,498,399,512,0,499
2426,510,502,378,498,513,502,378,498,514,498,399,513,0,499
2436,510,502,379,498,513,502,379,498,514,498,399,513,0,499
2446,510,502,379,499,513,502,379,499,514,498,399,512,0,499
2456,510,502,378,498,513,502,378,498,514,498,399,513,0,499
2466,510,502,379,498,513,502,379,498,514,498,399,513,0,499
2476,510,502,379,499,513,502,379,499,514,498,399,512,0,499
2486,510,502,378,498,513,502,378,498,514,498,399,513,0,499
2496,510,502,379,498,513,502,379,498,514,498,399,513,0,499
2506,510,501,379,499,513,501,379,499,514,497,399,512,0,499
2516,510,501,379,498,513,501,379,498,514,497,399,513,0,499
2526,510,502,379,498,513,502,379,498,514,498,399,513,0,499
2536,510,501,379,499,513,501,379,499,514,497,399,512,0,499
2546,510,502,379,498,513,502,379,498,514,498,399,513,0,499
2556,510,502,379,498,513,502,379,498,514,498,399,513,0,499
2566,510,502,379,499,513,502,379,499,514,498,399,512,0,499
2576,510,502,378,498,513,502,378,498,514,498,399,513,0,499
2586,510,502,378,498,513,502,378,498,514,498,399,513,0,499
2596,510,502,379,499,513,502,379,499,514,498,399,512,0,499
2606,510,502,378,498,513,502,378,498,514,498,399,513,0,499
2616,510,502,379,498,513,502,379,498,514,498,399,513,0,499
2626,510,502,379,499,513,502,379,499,514,498,399,512,0,499
2636,510,502,378,498,513,502,378,498,514,498,399,513,0,499
2646,510,502,379,498,513,502,379,498,514,498,399,513,0,499
2656,510,502,379,499,513,502,379,499,514,498,399,512,0,499
2666,510,502,378,498,513,502,378,498,514,498,399,513,0,499
2676,510,502,379,498,513,502,379,498,514,498,399,513,0,499
2686,510,502,379,499,513,502,379,499,514,498,399,512,0,499
2696,510,502,378,498,513,502,378,498,514,498,399,513,0,499
2706,510,502,379,498,513,502,379,498,514,498,399,513,0,499
2716,510,502,379,499,513,502,379,499,514,498,399,512,0,499
2726,510,502,378,498,513,502,378,498,514,498,399,513,0,499
2736,510,502,378,498,513,502,378,498,514,498,399,513,0,499
2746,510,502,379,499,513,502,379,499,514,498,399,512,0,499
2756,510,502,378,498,513,502,378,498,514,498,399,513,0,499
2766,510,502,378,498,513,502,378,498,514,498,399,513,0,499
2776,510,502,379,499,513,502,379,499,514,498,399,512,0,499
2786,510,502,378,498,513,502,378,498,514,498,399,513,0,499
2796,510,502,378,498,513,502,378,498,514,498,399,513,0,499
2806,510,502,379,499,513,502,379,499,514,498,399,512,0,499
2816,510,502,378,498,513,502,378,498,514,498,399,513,0,499
2826,510,502,378,498,513,502,378,498,514,498,399,513,0,499
2836,510,502,379,499,513,502,379,499,514,498,399,512,0,499
2846,510,502,378,498,513,502,378,498,514,498,399,513,0,499
2856,510,502,378,498,513,502,378,498,514,498,399,513,0,499
2866,510,502,379,499,513,502,379,499,514,498,399,512,0,499
2876,510,502,379,498,513,502,379,498,514,498,399,513,0,499
2886,510,502,379,498,513,502,379,498,514,498,399,513,0,499
2896,510,502,379,499,513,502,379,499,514,498,399,512,0,499
2906,510,502,378,498,513,502,378,498,514,498,399,513,0,499
2916,510,502,379,498,513,502,379,498,514,498,399,513,0,499
2926,510,502,379,499,513,502,379,499,514,498,399,512,0,499
2936,510,502,378,498,513,502,378,498,514,498,399,513,0,499
2946,510,502,378,498,513,502,378,498,514,498,399,513,0,499
2956,510,502,379,499,513,502,379,499,514,498,399,512,0,499
2966,510,502,378,498,513,502,378,498,514,498,399,513,0,499
2976,510,502,378,498,513,502,378,498,514,498,399,513,0,499
2986,510,502,379,499,513,502,379,499,514,498,399,512,0,499
2996,510,502,378,498,513,502,378,498,514,498,399,513,0,499
3006,510,502,379,498,513,502,379,498,514,498,399,513,0,499
3016,510,502,379,499,513,502,379,499,514,498,399,512,0,499
3026,510,502,379,498,513,502,379,498,514,498,399,513,0,499
3036,510,502,379,498,513,502,379,498,514,498,399,513,0,499
3046,510,502,379,499,513,502,379,499,514,498,399,512,0,499
3056,510,502,379,498,513,502,379,498,514,498,399,513,0,499
3066,510,502,379,498,513,502,379,498,514,498,399,513,0,499
3076,510,502,379,499,513,502,379,499,514,498,399,512,0,499
3086,510,502,378,498,513,502,378,498,514,498,399,513,0,499
3096,510,502,379,498,513,502,379,498,514,498,399,513,0,499
3106,510,502,379,499,513,502,379,499,514,498,399,512,0,499
3116,510,502,379,498,513,502,379,498,514,498,399,513,0,499
3126,510,502,379,498,513,502,379,498,514,498,399,513,0,499
3136,510,502,379,499,513,502,379,499,514,498,399,512,0,499
3146,510,502,378,498,513,502,378,498,514,498,399,513,0,499
3156,510,502,378,498,513,502,378,498,514,498,399,513,0,499
3166,510,502,379,499,513,502,379,499,514,498,399,512,0,499
3176,510,502,378,498,513,502,378,498,514,498,399,513,0,499
3186,510,502,379,498,513,502,379,498,514,498,399,513,0,499
3196,510,502,379,499,513,502,379,499,514,498,399,512,0,499
3206,510,502,378,498,513,502,378,498,514,498,399,513,0,499
3216,510,502,379,498,513,502,379,498,514,498,399,513,0,499
3226,510,502,379,499,513,502,379,499,514,498,399,512,0,499
3236,510,502,378,498,513,502,378,498,514,498,399,513,0,499
3246,510,502,378,498,513,502,378,498,514,498,399,513,0,499
3256,510,502,379,499,513,502,379,499,514,498,399,512,0,499
3266,510,502,378,498,513,502,378,498,514,498,399,513,0,499
3276,510,502,379,498,513,502,379,498,514,498,399,513,0,499
3286,510,502,379,499,513,502,379,499,514,498,399,512,0,499
3296,510,502,379,498,513,502,379,498,514,498,399,513,0,499
3306,510,502,379,498,513,502,379,498,514,498,399,513,0,499
3316,510,502,379,499,513,502,379,499,514,498,399,512,0,499
3326,510,502,379,498,513,502,379,498,514,498,399,513,0,499
3336,510,502,379,498,513,502,379,498,514,498,399,513,0,499
3346,510,502,379,499,513,502,379,499,514,498,399,512,0,499
3356,510,502,379,498,513,502,379,498,514,498,399,513,0,499
3366,510,502,379,498,513,502,379,498,514,498,399,513,0,499
3376,510,502,379,499,513,502,379,499,514,498,399,512,0,499
3386,510,502,379,498,513,502,379,498,514,498,399,513,0,499
3396,510,502,379,498,513,502,379,498,514,498,399,513,0,499
3406,510,502,379,499,513,502,379,499,514,498,399,512,0,499
3416,510,502,379,498,513,502,379,498,514,498,399,513,0,499
3426,510,502,379,498,513,502,379,498,514,498,399,513,0,499
3436,510,502,379,499,513,502,379,499,514,498,399,512,0,499
3446,510,502,378,498,513,502,378,498,514,498,399,513,0,499
3456,510,502,378,498,513,502,378,498,514,498,399,513,0,499
3466,510,502,379,499,513,502,379,499,514,498,399,512,0,499
3476,510,502,378,498,513,502,378,498,514,498,399,513,0,499
3486,510,502,378,498,513,502,378,498,514,498,399,513,0,499
3496,510,502,379,499,513,502,379,499,514,498,399,512,0,499
3506,510,502,379,498,513,502,379,498,514,498,399,513,0,499
3516,510,502,379,498,513,502,379,498,514,498,399,513,0,499
3526,510,502,379,499,513,502,379,499,514,498,399,512,0,499
3536,510,502,379,498,513,502,379,498,514,498,399,513,0,499
3546,510,502,379,498,513,502,379,498,514,498,399,513,0,499
3556,510,502,379,499,513,502,379,499,514,498,399,512,0,499
3566,510,502,379,498,513,502,379,498,514,498,399,513,0,499
3576,510,502,379,498,513,502,379,498,514,498,399,513,0,499
3586,510,502,379,499,513,502,379,499,514,498,399,512,0,499
3596,510,502,379,498,513,502,379,498,514,498,399,513,0,499
3606,510,502,379,498,513,502,379,498,514,498,399,513,0,499
3616,510,502,379,499,513,502,379,499,514,498,399,512,0,499
3626,510,502,378,498,513,502,378,498,514,498,399,513,0,499
3636,510,502,379,498,513,502,379,498,514,498,399,513,0,499
3646,510,502,379,499,513,502,379,499,514,498,399,512,0,499
3656,510,502,378,498,513,502,378,498,514,498,399,513,0,499
3666,510,502,378,498,513,502,378,498,514,498,399,513,0,499
3676,510,502,379,499,513,502,379,499,514,498,399,512,0,499
3686,510,502,379,498,513,502,379,498,514,498,399,513,0,499
3696,510,502,379,498,513,502,379,498,514,498,399,513,0,499
3706,510,502,379,499,513,502,379,499,514,498,399,512,0,499
3716,510,502,378,498,513,502,378,498,514,498,399,513,0,499
3726,510,502,378,498,513,502,378,498,514,498,399,513,0,499
3736,510,502,379,499,513,502,379,499,514,498,399,512,0,499
3746,510,502,378,498,513,502,378,498,514,498,399,513,0,499
3756,510,502,379,498,513,502,379,498,514,498,399,513,0,499
3766,510,501,379,499,513,501,379,499,514,497,399,512,0,499
3776,510,502,378,498,513,502,378,498,514,498,399,513,0,499
3786,510,502,379,498,513,502,379,498,514,498,399,513,0,499
3796,510,502,379,499,513,502,379,499,514,498,399,512,0,499
3806,510,502,379,498,513,502,379,498,514,498,399,513,0,499
3816,510,502,379,498,513,502,379,498,514,498,399,513,0,499
3826,510,502,379,499,513,502,379,499,514,498,399,512,0,499
3836,510,502,379,498,513,502,379,498,514,498,399,513,0,499
3846,510,502,379,498,513,502,379,498,514,498,399,513,0,499
3856,510,502,379,499,513,502,379,499,514,498,399,512,0,499
3866,510,502,378,498,513,502,378,498,514,498,399,513,0,499
3876,510,502,378,498,513,502,378,498,514,498,399,513,0,499
3886,510,502,379,499,513,502,379,499,514,498,399,512,0,499
3896,510,502,378,498,513,502,378,498,514,498,399,513,0,499
3906,510,502,378,498,513,502,378,498,514,498,399,513,0,499
3916,510,501,379,499,513,501,379,499,514,497,399,512,0,499
3926,510,502,378,498,513,502,378,498,514,498,399,513,0,499
3936,510,502,378,498,513,502,378,498,514,498,399,513,0,499
3946,510,502,379,499,513,502,379,499,514,498,399,512,0,499
3956,510,502,378,498,513,502,378,498,514,498,399,513,0,499
3966,510,502,378,498,513,502,378,498,514,498,399,513,0,499
3976,511,502,379,499,512,502,379,499,516,498,399,512,0,499
3986,510,502,378,498,513,502,378,498,514,498,399,513,0,499
3996,510,502,379,498,513,502,379,498,514,498,399,513,0,499
4006,510,502,379,499,513,502,379,499,514,498,399,512,0,499
4016,510,502,378,498,513,502,378,498,514,498,399,513,0,499
4026,510,502,379,499,513,502,379,499,514,498,399,512,0,499
4036,510,502,379,499,513,502,379,499,514,498,399,512,0,499
4046,510,502,378,498,513,502,378,498,514,498,399,513,0,499
4056,510,502,379,498,513,502,379,498,514,498,399,513,0,499
4066,510,501,379,499,513,501,379,499,514,497,399,512,0,499
4076,510,502,378,498,513,502,378,498,514,498,399,513,0,499
4086,510,502,378,499,513,502,378,499,514,498,399,512,0,499
4096,510,502,379,499,513,502,379,499,514,498,399,512,0,499
4106,510,502,378,498,513,502,378,498,514,498,399,513,0,499
4116,510,502,378,498,513,502,378,498,514,498,399,513,0,499
4126,510,502,379,499,513,502,379,499,514,498,399,512,0,499
4136,510,502,378,498,513,502,378,498,514,498,399,513,0,499
4146,510,502,379,499,513,502,379,499,514,498,399,512,0,499
4156,510,502,379,499,513,502,379,499,514,498,399,512,0,499
4166,510,502,378,498,513,502,378,498,514,498,399,513,0,499
4176,510,502,379,498,513,502,379,498,514,498,399,513,0,499
4186,510,502,379,499,513,502,379,499,514,498,399,512,0,499
4196,510,502,379,498,513,502,379,498,514,498,399,513,0,499
4206,510,502,379,499,513,502,379,499,514,498,399,512,0,499
4216,510,502,379,499,513,502,379,499,514,498,399,512,0,499
4226,510,502,379,498,513,502,379,498,514,498,399,513,0,499
4236,510,502,379,498,513,502,379,498,514,498,399,513,0,499
4246,510,501,379,499,513,501,379,499,514,497,399,512,0,499
4256,510,502,379,498,513,502,379,498,514,498,399,513,0,499
4266,510,502,379,499,513,502,379,499,514,498,399,512,0,499
4276,510,502,379,499,513,502,379,499,514,498,399,512,0,499
4286,510,502,378,498,513,502,378,498,514,498,399,513,0,499
4296,510,502,378,499,513,502,378,499,514,498,399,512,0,499
4306,510,502,379,499,513,502,379,499,514,498,399,512,0,499
4316,510,502,378,498,513,502,378,498,514,498,399,513,0,499
4326,510,502,378,499,513,502,378,499,514,498,399,512,0,499
4336,510,502,379,499,513,502,379,499,514,498,399,512,0,499
4346,510,502,378,498,513,502,378,498,514,498,399,513,0,499
4356,510,502,378,498,513,502,378,498,514,498,399,513,0,499
4366,510,502,379,499,513,502,379,499,514,498,399,512,0,499
4376,510,502,378,498,513,502,378,498,514,498,399,513,0,499
4386,510,502,379,498,513,502,379,498,514,498,399,513,0,499
4396,510,502,379,499,513,502,379,499,514,498,399,512,0,499
4406,510,502,379,498,513,502,379,498,514,498,399,513,0,499
4416,510,502,379,498,513,502,379,498,514,498,399,513,0,499
4426,510,502,379,499,513,502,379,499,514,498,399,512,0,499
4436,510,502,378,498,513,502,378,498,514,498,399,513,0,499
4446,510,502,379,498,513,502,379,498,514,498,399,513,0,499
4456,510,502,379,499,513,502,379,499,514,498,399,512,0,499
4466,510,502,379,498,513,502,379,498,514,498,399,513,0,499
4476,510,502,379,498,513,502,379,498,514,498,399,513,0,499
4486,510,502,379,499,513,502,379,499,514,498,399,512,0,499
4496,510,502,378,498,513,502,378,498,514,498,399,513,0,499
4506,510,502,378,498,513,502,378,498,514,498,399,513,0,499
4516,510,502,379,499,513,502,379,499,514,498,399,512,0,499
4526,510,502,378,498,513,502,378,498,514,498,399,513,0,499
4536,510,502,379,498,513,502,379,498,514,498,399,513,0,499
4546,510,502,379,499,513,502,379,499,514,498,399,512,0,499
4556,510,502,379,498,513,502,379,498,514,498,399,513,0,499
4566,510,502,379,498,513,502,379,498,514,498,399,513,0,499
4576,510,502,379,499,513,502,379,499,514,498,399,512,0,499
4586,510,502,378,498,513,502,378,498,514,498,399,513,0,499
4596,510,502,379,498,513,502,379,498,514,498,399,513,0,499
4606,510,502,379,499,513,502,379,499,514,498,399,512,0,499
4616,510,502,378,498,513,502,378,498,514,498,399,513,0,499
4626,510,502,379,498,513,502,379,498,514,498,399,513,0,499
4636,510,502,379,499,513,502,379,499,514,498,399,512,0,499
4646,510,502,378,498,513,502,378,498,514,498,399,513,0,499
4656,510,502,378,498,513,502,378,498,514,498,399,513,0,499
4666,510,502,379,499,513,502,379,499,514,498,399,512,0,499
4676,510,502,378,498,513,502,378,498,514,498,399,513,0,499
4686,510,502,378,498,513,502,378,498,514,498,399,513,0,499
4696,510,502,379,499,513,502,379,499,514,498,399,512,0,499
4706,510,502,379,498,513,502,379,498,514,498,399,513,0,499
4716,510,502,379,498,513,502,379,498,514,498,399,513,0,499
4726,510,502,379,499,513,502,379,499,514,498,399,512,0,499
10218,510,502,379,498,513,502,379,498,514,498,399,513,0,499
10219,511,493,601,499,512,493,601,499,516,489,622,512,0,499
10226,510,492,601,498,513,492,601,498,514,488,622,513,0,499
10236,511,492,601,499,512,492,601,499,516,488,622,512,0,499
10246,511,492,601,499,512,492,601,499,516,488,622,512,0,499
10256,510,492,600,498,513,492,600,498,514,488,621,513,0,499
10266,510,492,601,498,513,492,601,498,514,488,622,513,0,499
10276,511,492,601,499,512,492,601,499,516,488,622,512,0,499
10286,511,492,601,498,512,492,601,498,516,488,622,513,0,499
10296,511,492,601,498,512,492,601,498,516,488,622,513,0,499
10306,511,492,601,499,512,492,601,499,516,488,622,512,0,499
10316,511,492,600,498,512,492,600,498,516,488,621,513,0,499
10326,511,492,601,498,512,492,601,498,516,488,622,513,0,499
10336,511,492,601,499,512,492,601,499,516,488,622,512,0,499
10346,511,492,600,498,512,492,600,498,516,488,621,513,0,499
10356,511,492,600,498,512,492,600,498,516,488,621,513,0,499
10366,511,492,601,499,512,492,601,499,516,488,622,512,0,499
10376,510,492,600,498,513,492,600,498,514,488,621,513,0,499
10386,511,492,600,498,512,492,600,498,516,488,621,513,0,499
10396,511,493,601,499,512,493,601,499,516,489,622,512,0,499
10406,510,492,600,498,513,492,600,498,514,488,621,513,0,499
10416,511,492,600,498,512,492,600,498,516,488,621,513,0,499
10426,511,493,601,499,512,493,601,499,516,489,622,512,0,499
10436,510,492,600,498,513,492,600,498,514,488,621,513,0,499
10446,511,492,601,498,512,492,601,498,516,488,622,513,0,499
10456,511,492,601,499,512,492,601,499,516,488,622,512,0,499
10466,510,492,600,498,513,492,600,498,514,488,621,513,0,499
10476,510,492,600,498,513,492,600,498,514,488,621,513,0,499
10486,511,492,601,499,512,492,601,499,516,488,622,512,0,499
10496,510,492,600,498,513,492,600,498,514,488,621,513,0,499
10506,511,492,601,498,512,492,601,498,516,488,622,513,0,499
10516,511,492,601,499,512,492,601,499,516,488,622,512,0,499
10526,510,492,601,498,513,492,601,498,514,488,622,513,0,499
10536,511,492,601,498,512,492,601,498,516,488,622,513,0,499
10546,511,493,601,499,512,493,601,499,516,489,622,512,0,499
10556,510,492,600,498,513,492,600,498,514,488,621,513,0,499
10566,510,492,600,498,513,492,600,498,514,488,621,513,0,499
10576,511,493,601,499,512,493,601,499,516,489,622,512,0,499
10586,511,492,600,498,512,492,600,498,516,488,621,513,0,499
10596,510,492,600,498,513,492,600,498,514,488,621,513,0,499
10606,511,493,601,499,512,493,601,499,516,489,622,512,0,499
10616,510,492,600,498,513,492,600,498,514,488,621,513,0,499
10626,511,492,600,498,512,492,600,498,516,488,621,513,0,499
10636,511,493,601,499,512,493,601,499,516,489,622,512,0,499
10646,511,492,600,498,512,492,600,498,516,488,621,513,0,499
10656,511,492,601,498,512,492,601,498,516,488,622,513,0,499
10666,511,492,601,499,512,492,601,499,516,488,622,512,0,499
10676,511,492,600,498,512,492,600,498,516,488,621,513,0,499
10686,511,492,600,498,512,492,600,498,516,488,621,513,0,499
10696,511,492,601,499,512,492,601,499,516,488,622,512,0,499
10706,511,492,600,498,512,492,600,498,516,488,621,513,0,499
10716,511,492,600,498,512,492,600,498,516,488,621,513,0,499
10726,511,493,601,499,512,493,601,499,516,489,622,512,0,499
10736,510,492,600,498,513,492,600,498,514,488,621,513,0,499
10746,511,492,601,498,512,492,601,498,516,488,622,513,0,499
10756,511,493,601,499,512,493,601,499,516,489,622,512,0,499
10766,511,492,600,498,512,492,600,498,516,488,621,513,0,499
10776,511,492,600,498,512,492,600,498,516,488,621,513,0,499
10786,511,493,601,499,512,493,601,499,516,489,622,512,0,499
10796,511,492,600,498,512,492,600,498,516,488,621,513,0,499
10806,511,492,601,498,512,492,601,498,516,488,622,513,0,499
10816,511,493,601,499,512,493,601,499,516,489,622,512,0,499
10826,511,492,600,498,512,492,600,498,516,488,621,513,0,499
10836,511,492,600,498,512,492,600,498,516,488,621,513,0,499
10846,511,492,601,499,512,492,601,499,516,488,622,512,0,499
10856,511,492,600,498,512,492,600,498,516,488,621,513,0,499
10866,511,492,600,498,512,492,600,498,516,488,621,513,0,499
10876,511,493,601,499,512,493,601,499,516,489,622,512,0,499
10886,511,492,600,498,512,492,600,498,516,488,621,513,0,499
10896,511,492,600,498,512,492,600,498,516,488,621,513,0,499
10906,511,493,601,499,512,493,601,499,516,489,622,512,0,499
10916,510,492,600,498,513,492,600,498,514,488,621,513,0,499
10926,510,492,600,498,513,492,600,498,514,488,621,513,0,499
10936,511,493,601,499,512,493,601,499,516,489,622,512,0,499
10946,510,492,601,498,513,492,601,498,514,488,622,513,0,499
10956,511,492,601,498,512,492,601,498,516,488,622,513,0,499
10966,511,493,601,499,512,493,601,499,516,489,622,512,0,499
10976,510,492,600,498,513,492,600,498,514,488,621,513,0,499
10986,511,492,600,498,512,492,600,498,516,488,621,513,0,499
10996,511,492,601,499,512,492,601,499,516,488,622,512,0,499
11006,510,492,600,498,513,492,600,498,514,488,621,513,0,499
11016,511,492,600,498,512,492,600,498,516,488,621,513,0,499
11026,511,492,601,499,512,492,601,499,516,488,622,512,0,499
11036,511,492,600,498,512,492,600,498,516,488,621,513,0,499
11046,511,492,601,498,512,492,601,498,516,488,622,513,0,499
11056,511,493,601,499,512,493,601,499,516,489,622,512,0,499
11066,510,492,600,498,513,492,600,498,514,488,621,513,0,499
11076,511,492,601,499,512,492,601,499,516,488,622,512,0,499
11086,511,493,601,499,512,493,601,499,516,489,622,512,0,499
11096,510,492,600,498,513,492,600,498,514,488,621,513,0,499
11106,510,492,601,498,513,492,601,498,514,488,622,513,0,499
11116,511,493,601,499,512,493,601,499,516,489,622,512,0,499
11126,510,492,600,498,513,492,600,498,514,488,621,513,0,499
11136,511,492,600,499,512,492,600,499,516,488,621,512,0,499
11146,511,492,601,499,512,492,601,499,516,488,622,512,0,499
11156,510,492,600,498,513,492,600,498,514,488,621,513,0,499
11166,511,492,601,498,512,492,601,498,516,488,622,513,0,499
11176,511,492,601,499,512,492,601,499,516,488,622,512,0,499
11186,510,492,601,498,513,492,601,498,514,488,622,513,0,499
11196,511,492,600,498,512,492,600,498,516,488,621,513,0,499
11206,511,493,601,499,512,493,601,499,516,489,622,512,0,499
11216,511,492,600,498,512,492,600,498,516,488,621,513,0,499
11226,511,492,600,498,512,492,600,498,516,488,621,513,0,499
11236,511,492,601,499,512,492,601,499,516,488,622,512,0,499
11246,510,492,600,498,513,492,600,498,514,488,621,513,0,499
11256,511,492,601,499,512,492,601,499,516,488,622,512,0,499
11266,511,493,601,499,512,493,601,499,516,489,622,512,0,499
11276,510,492,601,498,513,492,601,498,514,488,622,513,0,499
11286,511,492,601,498,512,492,601,498,516,488,622,513,0,499
11296,511,493,601,499,512,493,601,499,516,489,622,512,0,499
11306,511,492,600,498,512,492,600,498,516,488,621,513,0,499
11316,511,492,601,499,512,492,601,499,516,488,622,512,0,499
11326,511,493,601,499,512,493,601,499,516,489,622,512,0,499
11336,510,492,600,498,513,492,600,498,514,488,621,513,0,499
11346,511,492,600,498,512,492,600,498,516,488,621,513,0,499
11356,511,492,601,499,512,492,601,499,516,488,622,512,0,499
11366,511,492,600,498,512,492,600,498,516,488,621,513,0,499
11376,511,492,600,499,512,492,600,499,516,488,621,512,0,499
11386,511,492,601,499,512,492,601,499,516,488,622,512,0,499
11396,511,492,600,498,512,492,600,498,516,488,621,513,0,499
11406,511,492,600,498,512,492,600,498,516,488,621,513,0,499
11416,511,492,601,499,512,492,601,499,516,488,622,512,0,499
11426,511,492,600,498,512,492,600,498,516,488,621,513,0,499
11436,511,492,601,498,512,492,601,498,516,488,622,513,0,499
11446,511,492,601,499,512,492,601,499,516,488,622,512,0,499
11456,511,492,600,498,512,492,600,498,516,488,621,513,0,499
11467,510,492,600,498,513,492,600,498,514,488,621,513,0,499
11476,511,492,601,499,512,492,601,499,516,488,622,512,0,499
11486,510,492,600,498,513,492,600,498,514,488,621,513,0,499
11496,511,492,600,499,512,492,600,499,516,488,621,512,0,499
11506,511,493,601,499,512,493,601,499,516,489,622,512,0,499
11516,511,492,600,498,512,492,600,498,516,488,621,513,0,499
11526,511,492,600,498,512,492,600,498,516,488,621,513,0,499
11536,511,492,601,499,512,492,601,499,516,488,622,512,0,499
11546,511,492,600,498,512,492,600,498,516,488,621,513,0,499
11556,511,492,601,498,512,492,601,498,516,488,622,513,0,499
11566,511,492,601,499,512,492,601,499,516,488,622,512,0,499
11576,510,492,601,498,513,492,601,498,514,488,622,513,0,499
11586,511,492,601,498,512,492,601,498,516,488,622,513,0,499
11596,511,492,601,499,512,492,601,499,516,488,622,512,0,499
11606,511,492,601,498,512,492,601,498,516,488,622,513,0,499
11616,511,492,601,498,512,492,601,498,516,488,622,513,0,499
11626,511,493,601,499,512,493,601,499,516,489,622,512,0,499
11636,511,492,601,498,512,492,601,498,516,488,622,513,0,499
11646,511,492,601,499,512,492,601,499,516,488,622,512,0,499
11656,511,493,601,499,512,493,601,499,516,489,622,512,0,499
11666,511,492,601,498,512,492,601,498,516,488,622,513,0,499
11676,511,492,601,498,512,492,601,498,516,488,622,513,0,499
11686,511,492,601,499,512,492,601,499,516,488,622,512,0,499
11696,511,492,600,498,512,492,600,498,516,488,621,513,0,499
11706,511,492,600,498,512,492,600,498,516,488,621,513,0,499
11716,511,492,601,499,512,492,601,499,516,488,622,512,0,499
11726,511,492,601,498,512,492,601,498,516,488,622,513,0,499
11736,511,492,601,498,512,492,601,498,516,488,622,513,0,499
11746,511,492,601,499,512,492,601,499,516,488,622,512,0,499
11756,511,492,601,498,512,492,601,498,516,488,622,513,0,499
11766,511,492,600,499,512,492,600,499,516,488,621,512,0,499
11776,511,493,601,499,512,493,601,499,516,489,622,512,0,499
11786,511,492,600,498,512,492,600,498,516,488,621,513,0,499
11796,511,492,600,499,512,492,600,499,516,488,621,512,0,499
11806,511,493,601,499,512,493,601,499,516,489,622,512,0,499
11816,510,492,600,498,513,492,600,498,514,488,621,513,0,499
11826,511,492,601,498,512,492,601,498,516,488,622,513,0,499
11836,511,493,601,499,512,493,601,499,516,489,622,512,0,499
11846,510,492,600,498,513,492,600,498,514,488,621,513,0,499
11856,511,492,600,499,512,492,600,499,516,488,621,512,0,499
11866,511,492,601,499,512,492,601,499,516,488,622,512,0,499
11876,510,492,600,498,513,492,600,498,514,488,621,513,0,499
11886,511,492,600,498,512,492,600,498,516,488,621,513,0,499
11896,511,492,601,499,512,492,601,499,516,488,622,512,0,499
11906,510,492,600,498,513,492,600,498,514,488,621,513,0,499
11916,511,492,601,498,512,492,601,498,516,488,622,513,0,499
11926,511,492,601,499,512,492,601,499,516,488,622,512,0,499
11936,510,492,600,498,513,492,600,498,514,488,621,513,0,499
11946,511,492,601,499,512,492,601,499,516,488,622,512,0,499
11956,511,492,601,499,512,492,601,499,516,488,622,512,0,499
11966,510,492,600,498,513,492,600,498,514,488,621,513,0,499
11976,510,492,600,498,513,492,600,498,514,488,621,513,0,499
11986,511,493,601,499,512,493,601,499,516,489,622,512,0,499
11996,511,492,600,498,512,492,600,498,516,488,621,513,0,499
12006,511,492,601,498,512,492,601,498,516,488,622,513,0,499
12016,511,492,601,499,512,492,601,499,516,488,622,512,0,499
12026,510,492,600,498,513,492,600,498,514,488,621,513,0,499
12036,510,492,601,498,513,492,601,498,514,488,622,513,0,499
12046,511,493,601,499,512,493,601,499,516,489,622,512,0,499
12056,510,492,601,498,513,492,601,498,514,488,622,513,0,499
12066,511,492,601,498,512,492,601,498,516,488,622,513,0,499
12076,511,492,601,499,512,492,601,499,516,488,622,512,0,499
12086,511,492,600,498,512,492,600,498,516,488,621,513,0,499
12096,511,492,600,499,512,492,600,499,516,488,621,512,0,499
12106,511,492,601,499,512,492,601,499,516,488,622,512,0,499
12116,511,492,600,498,512,492,600,498,516,488,621,513,0,499
12126,511,492,600,498,512,492,600,498,516,488,621,513,0,499
12136,511,492,601,499,512,492,601,499,516,488,622,512,0,499
12146,510,492,600,498,513,492,600,498,514,488,621,513,0,499
12156,511,492,601,498,512,492,601,498,516,488,622,513,0,499
12166,511,492,601,499,512,492,601,499,516,488,622,512,0,499
12176,510,492,600,498,513,492,600,498,514,488,621,513,0,499
12186,511,492,601,498,512,492,601,498,516,488,622,513,0,499
12196,511,493,601,499,512,493,601,499,516,489,622,512,0,499
12206,510,492,600,498,513,492,600,498,514,488,621,513,0,499
12216,510,492,600,498,513,492,600,498,514,488,621,513,0,499
12226,511,492,601,499,512,492,601,499,516,488,622,512,0,499
12236,510,492,600,498,513,492,600,498,514,488,621,513,0,499
12246,511,492,600,498,512,492,600,498,516,488,621,513,0,499
12256,511,492,601,499,512,492,601,499,516,488,622,512,0,499
12266,511,492,600,498,512,492,600,498,516,488,621,513,0,499
12276,511,492,601,498,512,492,601,498,516,488,622,513,0,499
12286,511,493,601,499,512,493,601,499,516,489,622,512,0,499
12296,510,492,601,498,513,492,601,498,514,488,622,513,0,499
12306,511,492,601,498,512,492,601,498,516,488,622,513,0,499
12316,511,492,601,499,512,492,601,499,516,488,622,512,0,499
12326,511,492,600,498,512,492,600,498,516,488,621,513,0,499
12336,511,492,600,498,512,492,600,498,516,488,621,513,0,499
12346,511,492,601,499,512,492,601,499,516,488,622,512,0,499
12356,510,492,600,498,513,492,600,498,514,488,621,513,0,499
12366,510,492,600,499,513,492,600,499,514,488,621,512,0,499
12376,511,492,601,499,512,492,601,499,516,488,622,512,0,499
12386,511,492,600,498,512,492,600,498,516,488,621,513,0,499
12396,511,492,601,498,512,492,601,498,516,488,622,513,0,499
12406,511,492,601,499,512,492,601,499,516,488,622,512,0,499
12416,510,492,600,498,513,492,600,498,514,488,621,513,0,499
12426,511,492,600,498,512,492,600,498,516,488,621,513,0,499
12436,511,492,601,499,512,492,601,499,516,488,622,512,0,499
12446,511,492,600,498,512,492,600,498,516,488,621,513,0,499
12456,511,492,601,498,512,492,601,498,516,488,622,513,0,499
12466,511,493,601,499,512,493,601,499,516,489,622,512,0,499
12476,511,492,600,498,512,492,600,498,516,488,621,513,0,499
12486,511,492,601,498,512,492,601,498,516,488,622,513,0,499
12496,511,492,601,499,512,492,601,499,516,488,622,512,0,499
12506,511,492,600,498,512,492,600,498,516,488,621,513,0,499
12516,511,492,601,498,512,492,601,498,516,488,622,513,0,499
12526,511,493,601,499,512,493,601,499,516,489,622,512,0,499
12536,510,492,600,498,513,492,600,498,514,488,621,513,0,499
12546,511,492,600,498,512,492,600,498,516,488,621,513,0,499
12556,511,493,601,499,512,493,601,499,516,489,622,512,0,499
12566,511,492,600,498,512,492,600,498,516,488,621,513,0,499
12576,511,492,601,498,512,492,601,498,516,488,622,513,0,499
12586,511,492,601,499,512,492,601,499,516,488,622,512,0,499
12596,511,492,600,498,512,492,600,498,516,488,621,513,0,499
12606,511,492,601,498,512,492,601,498,516,488,622,513,0,499
12616,511,492,601,499,512,492,601,499,516,488,622,512,0,499
12626,511,492,600,498,512,492,600,498,516,488,621,513,0,499
12636,511,492,600,498,512,492,600,498,516,488,621,513,0,499
12646,511,493,601,499,512,493,601,499,516,489,622,512,0,499
12656,510,492,600,498,513,492,600,498,514,488,621,513,0,499
12666,511,492,601,498,512,492,601,498,516,488,622,513,0,499
12676,511,492,601,499,512,492,601,499,516,488,622,512,0,499
12686,510,492,600,498,513,492,600,498,514,488,621,513,0,499
12696,511,492,600,498,512,492,600,498,516,488,621,513,0,499
12706,511,492,601,499,512,492,601,499,516,488,622,512,0,499
12716,510,492,600,498,513,492,600,498,514,488,621,513,0,499
12726,510,492,601,498,513,492,601,498,514,488,622,513,0,499
17249,511,493,601,499,512,493,601,499,516,489,622,512,0,499
17251,622,524,496,493,401,524,496,493,630,520,516,518,0,499
17257,622,524,496,498,401,524,496,498,630,520,516,513,0,499
17267,621,525,495,502,402,525,495,502,629,521,515,509,0,499
17277,622,524,494,504,401,524,494,504,630,520,514,507,0,499
17287,622,523,494,503,401,523,494,503,630,519,514,508,0,499
17297,623,523,493,501,400,523,493,501,631,519,513,510,0,499
17307,624,522,493,498,399,522,493,498,632,518,513,513,0,499
17317,624,522,494,496,399,522,494,496,632,518,514,515,0,499
17327,623,523,494,495,400,523,494,495,631,519,514,516,0,499
17337,622,523,494,496,401,523,494,496,630,519,514,515,0,499
17347,622,524,494,498,401,524,494,498,630,520,514,513,0,499
17357,622,524,493,501,401,524,493,501,630,520,513,510,0,499
17367,622,524,492,502,401,524,492,502,630,520,512,509,0,499
17377,623,523,492,500,400,523,492,500,631,519,512,511,0,499
17387,624,522,492,497,399,522,492,497,632,518,512,514,0,499
17397,624,522,492,493,399,522,492,493,632,518,512,518,0,499
17407,624,522,494,492,399,522,494,492,632,518,514,519,0,499
17417,623,523,495,493,400,523,495,493,631,519,515,518,0,499
17427,622,523,495,496,401,523,495,496,630,519,515,515,0,499
17437,622,523,496,499,401,523,496,499,630,519,516,512,0,499
17447,622,524,496,501,401,524,496,501,630,520,516,510,0,499
17457,622,524,495,503,401,524,495,503,630,520,515,508,0,499
17467,622,524,494,505,401,524,494,505,630,520,514,506,0,499
17477,623,523,493,504,400,523,493,504,631,519,513,507,0,499
17487,623,522,493,502,400,522,493,502,631,518,513,509,0,499
17497,624,522,492,499,399,522,492,499,632,518,512,512,0,499
17507,624,521,493,496,399,521,493,496,632,517,513,515,0,499
17517,623,522,493,494,400,522,493,494,631,518,513,517,0,499
17527,623,522,494,494,400,522,494,494,631,518,514,517,0,499
17537,623,523,494,496,400,523,494,496,631,519,514,515,0,499
17547,622,523,494,498,401,523,494,498,630,519,514,513,0,499
17557,622,523,494,499,401,523,494,499,630,519,514,512,0,499
17567,623,523,494,499,400,523,494,499,631,519,514,512,0,499
17577,622,523,493,499,401,523,493,499,630,519,513,512,0,499
17587,623,523,493,498,400,523,493,498,631,519,513,513,0,499
17597,623,523,493,497,400,523,493,497,631,519,513,514,0,499
17607,623,522,494,497,400,522,494,497,631,518,514,514,0,499
17617,623,522,494,497,400,522,494,497,631,518,514,514,0,499
17627,623,523,494,497,400,523,494,497,631,519,514,514,0,499
17637,622,523,494,498,401,523,494,498,630,519,514,513,0,499
17647,623,523,494,498,400,523,494,498,631,519,514,513,0,499
17657,623,523,493,498,400,523,493,498,631,519,513,513,0,499
17667,623,523,492,497,400,523,492,497,631,519,512,514,0,499
17677,623,523,493,496,400,523,493,496,631,519,513,515,0,499
17687,623,523,494,495,400,523,494,495,631,519,514,516,0,499
17697,623,523,494,495,400,523,494,495,631,519,514,516,0,499
17707,623,523,495,496,400,523,495,496,631,519,515,515,0,499
17717,623,523,495,497,400,523,495,497,631,519,515,514,0,499
17727,622,524,495,498,401,524,495,498,630,520,515,513,0,499
17737,622,523,494,499,401,523,494,499,630,519,514,512,0,499
17747,623,523,493,500,400,523,493,500,631,519,513,511,0,499
17757,622,523,492,498,401,523,492,498,630,519,512,513,0,499
17767,623,523,492,497,400,523,492,497,631,519,512,514,0,499
17777,623,523,492,495,400,523,492,495,631,519,512,516,0,499
17787,623,523,493,493,400,523,493,493,631,519,513,518,0,499
17797,623,523,494,493,400,523,494,493,631,519,514,518,0,499
17807,623,523,494,494,400,523,494,494,631,519,514,517,0,499
17817,622,524,494,496,401,524,494,496,630,520,514,515,0,499
17827,622,524,495,498,401,524,495,498,630,520,515,513,0,499
17837,622,524,495,501,401,524,495,501,630,520,515,510,0,499
17847,622,524,495,501,401,524,495,501,630,520,515,510,0,499
17857,623,524,495,500,400,524,495,500,631,520,515,511,0,499
17867,623,524,495,500,400,524,495,500,631,520,515,511,0,499
17877,623,524,494,499,400,524,494,499,631,520,514,512,0,499
17887,623,523,494,499,400,523,494,499,631,519,514,512,0,499
17897,623,524,494,499,400,524,494,499,631,520,514,512,0,499
17907,622,524,494,500,401,524,494,500,630,520,514,511,0,499
17917,623,523,494,499,400,523,494,499,631,519,514,512,0,499
17927,623,523,493,500,400,523,493,500,631,519,513,511,0,499
17937,623,523,492,499,400,523,492,499,631,519,512,512,0,499
17947,623,522,492,498,400,522,492,498,631,518,512,513,0,499
17957,623,523,493,496,400,523,493,496,631,519,513,515,0,499
17967,623,522,493,494,400,522,493,494,631,518,513,517,0,499
17977,624,522,494,494,399,522,494,494,632,518,514,517,0,499
17987,623,523,495,495,400,523,495,495,631,519,515,516,0,499
17997,622,524,495,496,401,524,495,496,630,520,515,515,0,499
18007,622,524,495,498,401,524,495,498,630,520,515,513,0,499
18017,623,524,495,499,400,524,495,499,631,520,515,512,0,499
18027,622,524,494,500,401,524,494,500,630,520,514,511,0,499
18037,622,524,494,502,401,524,494,502,630,520,514,509,0,499
18047,623,524,494,501,400,524,494,501,631,520,514,510,0,499
18057,623,524,494,501,400,524,494,501,631,520,514,510,0,499
18067,623,523,494,500,400,523,494,500,631,519,514,511,0,499
18077,623,523,494,499,400,523,494,499,631,519,514,512,0,499
18087,623,524,493,498,400,524,493,498,631,520,513,513,0,499
18097,623,523,493,499,400,523,493,499,631,519,513,512,0,499
18107,623,523,493,499,400,523,493,499,631,519,513,512,0,499
18117,622,524,494,500,401,524,494,500,630,520,514,511,0,499
18127,623,523,494,499,400,523,494,499,631,519,514,512,0,499
18137,623,523,495,499,400,523,495,499,631,519,515,512,0,499
18147,623,524,495,500,400,524,495,500,631,520,515,511,0,499
18157,622,524,495,501,401,524,495,501,630,520,515,510,0,499
18167,623,524,495,502,400,524,495,502,631,520,515,509,0,499
18177,622,524,494,503,401,524,494,503,630,520,514,508,0,499
18187,623,523,494,502,400,523,494,502,631,519,514,509,0,499
18197,623,523,493,501,400,523,493,501,631,519,513,510,0,499
18207,623,522,493,500,400,522,493,500,631,518,513,511,0,499
18217,624,522,493,498,399,522,493,498,632,518,513,513,0,499
18227,623,522,493,497,400,522,493,497,631,518,513,514,0,499
18237,623,522,494,495,400,522,494,495,631,518,514,516,0,499
18247,624,523,494,495,399,523,494,495,632,519,514,516,0,499
18257,623,523,495,496,400,523,495,496,631,519,515,515,0,499
18267,622,524,494,498,401,524,494,498,630,520,514,513,0,499
18277,622,524,494,499,401,524,494,499,630,520,514,512,0,499
18287,622,524,494,501,401,524,494,501,630,520,514,510,0,499
18297,622,524,494,502,401,524,494,502,630,520,514,509,0,499
18307,623,523,494,501,400,523,494,501,631,519,514,510,0,499
18317,623,523,493,499,400,523,493,499,631,519,513,512,0,499
18327,624,522,493,496,399,522,493,496,632,518,513,515,0,499
18337,624,522,494,494,399,522,494,494,632,518,514,517,0,499
18347,623,523,493,494,400,523,493,494,631,519,513,517,0,499
18357,622,523,493,494,401,523,493,494,630,519,513,517,0,499
18367,622,523,495,496,401,523,495,496,630,519,515,515,0,499
18377,622,524,495,497,401,524,495,497,630,520,515,514,0,499
18387,622,524,496,499,401,524,496,499,630,520,516,512,0,499
18397,622,524,496,499,401,524,496,499,630,520,516,512,0,499
18407,623,523,495,499,400,523,495,499,631,519,515,512,0,499
18417,623,523,494,498,400,523,494,498,631,519,514,513,0,499
18427,623,523,494,498,400,523,494,498,631,519,514,513,0,499
18437,623,523,493,497,400,523,493,497,631,519,513,514,0,499
18447,623,523,493,496,400,523,493,496,631,519,513,515,0,499
18457,623,523,494,496,400,523,494,496,631,519,514,515,0,499
18467,623,524,494,497,400,524,494,497,631,520,514,514,0,499
18477,622,524,494,498,401,524,494,498,630,520,514,513,0,499
18487,623,523,495,498,400,523,495,498,631,519,515,513,0,499
18497,623,524,495,497,400,524,495,497,631,520,515,514,0,499
18507,623,524,495,498,400,524,495,498,631,520,515,513,0,499
18517,623,524,495,498,400,524,495,498,631,520,515,513,0,499
18527,623,524,495,499,400,524,495,499,631,520,515,512,0,499
18537,622,524,494,499,401,524,494,499,630,520,514,512,0,499
18547,622,524,494,499,401,524,494,499,630,520,514,512,0,499
18557,623,524,493,499,400,524,493,499,631,520,513,512,0,499
18567,623,524,494,497,400,524,494,497,631,520,514,514,0,499
18577,623,523,494,496,400,523,494,496,631,519,514,515,0,499
18587,623,523,495,496,400,523,495,496,631,519,515,515,0,499
18597,622,524,495,496,401,524,495,496,630,520,515,515,0,499
18607,623,524,495,496,400,524,495,496,631,520,515,515,0,499
18617,623,524,495,497,400,524,495,497,631,520,515,514,0,499
18627,622,524,494,498,401,524,494,498,630,520,514,513,0,499
18637,623,524,494,498,400,524,494,498,631,520,514,513,0,499
18647,623,524,494,498,400,524,494,498,631,520,514,513,0,499
18657,623,524,494,497,400,524,494,497,631,520,514,514,0,499
18667,623,523,494,496,400,523,494,496,631,519,514,515,0,499
18677,623,523,495,495,400,523,495,495,631,519,515,516,0,499
18687,623,524,494,494,400,524,494,494,631,520,514,517,0,499
18697,624,524,494,494,399,524,494,494,632,520,514,517,0,499
18707,623,524,494,494,400,524,494,494,631,520,514,517,0,499
18717,622,524,494,495,401,524,494,495,630,520,514,516,0,499
18727,622,524,494,496,401,524,494,496,630,520,514,515,0,499
18737,622,525,493,497,401,525,493,497,630,521,513,514,0,499
18747,622,524,494,498,401,524,494,498,630,520,514,513,0,499
18757,623,524,495,498,400,524,495,498,631,520,515,513,0,499
18767,623,525,495,499,400,525,495,499,631,521,515,512,0,499
18777,622,524,495,499,401,524,495,499,630,520,515,512,0,499
18787,623,524,495,500,400,524,495,500,631,520,515,511,0,499
18797,623,525,495,500,400,525,495,500,631,521,515,511,0,499
18807,622,524,494,500,401,524,494,500,630,520,514,511,0,499
18817,623,523,494,499,400,523,494,499,631,519,514,512,0,499
18827,623,523,493,497,400,523,493,497,631,519,513,514,0,499
18837,623,524,493,496,400,524,493,496,631,520,513,515,0,499
18847,623,524,493,495,400,524,493,495,631,520,513,516,0,499
18857,623,524,493,495,400,524,493,495,631,520,513,516,0,499
18867,622,524,494,496,401,524,494,496,630,520,514,515,0,499
18877,622,524,495,498,401,524,495,498,630,520,515,513,0,499
18887,622,525,495,499,401,525,495,499,630,521,515,512,0,499
18897,622,524,496,501,401,524,496,501,630,520,516,510,0,499
18907,622,524,496,502,401,524,496,502,630,520,516,509,0,499
18917,623,524,495,501,400,524,495,501,631,520,515,510,0,499
18927,623,524,495,500,400,524,495,500,631,520,515,511,0,499
18937,623,524,495,500,400,524,495,500,631,520,515,511,0,499
18947,623,524,494,500,400,524,494,500,631,520,514,511,0,499
18957,622,524,494,500,401,524,494,500,630,520,514,511,0,499
18967,623,524,494,500,400,524,494,500,631,520,514,511,0,499
18977,623,524,493,499,400,524,493,499,631,520,513,512,0,499
18987,623,524,493,497,400,524,493,497,631,520,513,514,0,499
18997,624,523,494,496,399,523,494,496,632,519,514,515,0,499
19007,623,524,494,495,400,524,494,495,631,520,514,516,0,499
19017,623,524,495,495,400,524,495,495,631,520,515,516,0,499
19027,623,524,496,496,400,524,496,496,631,520,516,515,0,499
19037,623,525,496,499,400,525,496,499,631,521,516,512,0,499
19047,622,525,496,501,401,525,496,501,630,521,516,510,0,499
19057,622,525,496,502,401,525,496,502,630,521,516,509,0,499
19067,623,525,495,503,400,525,495,503,631,521,515,508,0,499
19077,623,524,494,502,400,524,494,502,631,520,514,509,0,499
19087,623,523,494,500,400,523,494,500,631,519,514,511,0,499
19097,623,523,493,499,400,523,493,499,631,519,513,512,0,499
19107,623,524,493,497,400,524,493,497,631,520,513,514,0,499
19117,623,524,494,498,400,524,494,498,631,520,514,513,0,499
19127,623,524,494,498,400,524,494,498,631,520,514,513,0,499
19137,622,524,494,498,401,524,494,498,630,520,514,513,0,499
19147,623,524,495,499,400,524,495,499,631,520,515,512,0,499
19157,623,524,495,499,400,524,495,499,631,520,515,512,0,499
19167,623,524,494,499,400,524,494,499,631,520,514,512,0,499
19177,623,524,494,499,400,524,494,499,631,520,514,512,0,499
19187,623,524,495,499,400,524,495,499,631,520,515,512,0,499
19197,622,524,494,500,401,524,494,500,630,520,514,511,0,499
19207,623,524,494,500,400,524,494,500,631,520,514,511,0,499
19217,623,524,494,500,400,524,494,500,631,520,514,511,0,499
19227,623,524,493,499,400,524,493,499,631,520,513,512,0,499
19237,624,523,494,497,399,523,494,497,632,519,514,514,0,499
19247,623,523,493,495,400,523,493,495,631,519,513,516,0,499
19257,623,523,494,493,400,523,494,493,631,519,514,518,0,499
19267,623,523,494,493,400,523,494,493,631,519,514,518,0,499
19277,623,525,495,494,400,525,495,494,631,521,515,517,0,499
19287,622,525,495,496,401,525,495,496,630,521,515,515,0,499
19297,622,526,496,498,401,526,496,498,630,522,516,513,0,499
19307,623,525,495,501,400,525,495,501,631,521,515,510,0,499
19317,622,525,495,501,401,525,495,501,630,521,515,510,0,499
19327,622,525,495,502,401,525,495,502,630,521,515,509,0,499
19337,623,525,495,501,400,525,495,501,631,521,515,510,0,499
19347,623,524,494,500,400,524,494,500,631,520,514,511,0,499
19357,624,524,494,498,399,524,494,498,632,520,514,513,0,499
19367,623,524,494,498,400,524,494,498,631,520,514,513,0,499
19377,623,524,494,498,400,524,494,498,631,520,514,513,0,499
19387,623,524,494,498,400,524,494,498,631,520,514,513,0,499
19397,623,524,494,498,400,524,494,498,631,520,514,513,0,499
19407,623,524,494,498,400,524,494,498,631,520,514,513,0,499
19417,624,524,494,497,399,524,494,497,632,520,514,514,0,499
19427,623,524,495,496,400,524,495,496,631,520,515,515,0,499
19437,623,524,494,496,400,524,494,496,631,520,514,515,0,499
19447,622,524,495,497,401,524,495,497,630,520,515,514,0,499
19457,623,525,495,499,400,525,495,499,631,521,515,512,0,499
19467,622,524,495,500,401,524,495,500,630,520,515,511,0,499
19477,622,524,495,500,401,524,495,500,630,520,515,511,0,499
19487,623,524,495,500,400,524,495,500,631,520,515,511,0,499
19497,623,524,494,499,400,524,494,499,631,520,514,512,0,499
19507,623,524,495,498,400,524,495,498,631,520,515,513,0,499
19517,623,524,495,497,400,524,495,497,631,520,515,514,0,499
19527,623,524,494,497,400,524,494,497,631,520,514,514,0,499
19537,623,524,495,498,400,524,495,498,631,520,515,513,0,499
19547,623,525,495,498,400,525,495,498,631,521,515,513,0,499
19557,622,525,495,499,401,525,495,499,630,521,515,512,0,499
19567,622,524,495,500,401,524,495,500,630,520,515,511,0,499
19577,623,524,495,500,400,524,495,500,631,520,515,511,0,499
19587,623,524,494,499,400,524,494,499,631,520,514,512,0,499
19597,623,524,494,498,400,524,494,498,631,520,514,513,0,499
19607,623,523,494,497,400,523,494,497,631,519,514,514,0,499
19617,623,524,494,496,400,524,494,496,631,520,514,515,0,499
19627,623,524,494,496,400,524,494,496,631,520,514,515,0,499
19637,623,525,495,497,400,525,495,497,631,521,515,514,0,499
19647,622,525,495,498,401,525,495,498,630,521,515,513,0,499
19657,622,525,495,499,401,525,495,499,630,521,515,512,0,499
19667,623,525,495,500,400,525,495,500,631,521,515,511,0,499
19677,622,524,495,500,401,524,495,500,630,520,515,511,0,499
19687,623,524,495,499,400,524,495,499,631,520,515,512,0,499
19697,623,524,495,498,400,524,495,498,631,520,515,513,0,499
19707,623,524,494,498,400,524,494,498,631,520,514,513,0,499
19717,623,524,495,498,400,524,495,498,631,520,515,513,0,499
19727,623,525,495,498,400,525,495,498,631,521,515,513,0,499
19737,623,524,494,499,400,524,494,499,631,520,514,512,0,499
19747,623,524,494,499,400,524,494,499,631,520,514,512,0,499
22678,623,524,494,499,400,524,494,499,631,520,514,512,0,499
22679,398,523,472,501,625,523,472,501,401,519,493,510,0,499
22687,398,523,474,504,625,523,474,504,401,519,495,507,0,499
22697,398,523,479,507,625,523,479,507,401,519,500,504,0,499
22707,398,525,484,508,625,525,484,508,401,521,505,503,0,499
22717,399,527,488,507,624,527,488,507,402,523,510,504,0,499
22727,400,529,493,505,623,529,493,505,403,525,513,506,0,499
22737,400,531,494,501,623,531,494,501,403,527,514,510,0,499
22747,401,531,494,498,622,531,494,498,404,527,514,513,0,499
22757,401,531,490,494,622,531,490,494,404,527,512,517,0,499
22767,400,530,486,492,623,530,486,492,403,526,508,519,0,499
22777,400,528,484,491,623,528,484,491,403,524,505,520,0,499
22787,399,525,484,492,624,525,484,492,402,521,505,519,0,499
22797,398,524,485,494,625,524,485,494,401,520,507,517,0,499
22807,398,523,487,498,625,523,487,498,401,519,509,513,0,499
22817,398,524,489,501,625,524,489,501,401,520,511,510,0,499
22827,398,525,488,502,625,525,488,502,401,521,510,509,0,499
22837,399,527,487,502,624,527,487,502,402,523,509,509,0,499
22847,400,529,486,499,623,529,486,499,403,525,508,512,0,499
22857,401,530,485,495,622,530,485,495,404,526,507,516,0,499
22867,401,529,484,491,622,529,484,491,404,525,505,520,0,499
22877,401,527,484,490,622,527,484,490,404,523,505,521,0,499
22887,399,525,484,490,624,525,484,490,402,521,505,521,0,499
22897,398,523,485,493,625,523,485,493,401,519,507,518,0,499
22907,397,523,486,497,626,523,486,497,399,519,508,514,0,499
22917,397,524,486,500,626,524,486,500,399,520,508,511,0,499
22927,398,524,486,500,625,524,486,500,401,520,508,511,0,499
22937,399,526,487,499,624,526,487,499,402,522,509,512,0,499
22947,400,527,485,496,623,527,485,496,403,523,507,515,0,499
22957,401,528,484,493,622,528,484,493,404,524,505,518,0,499
22967,401,527,482,490,622,527,482,490,404,523,503,521,0,499
22977,400,526,481,489,623,526,481,489,403,522,502,522,0,499
22987,399,524,481,490,624,524,481,490,402,520,502,521,0,499
22997,398,523,483,493,625,523,483,493,401,519,504,518,0,499
23007,398,524,485,496,625,524,485,496,401,520,507,515,0,499
23017,398,524,488,498,625,524,488,498,401,520,510,513,0,499
23027,399,525,488,497,624,525,488,497,402,521,510,514,0,499
23037,398,525,486,497,625,525,486,497,401,521,508,514,0,499
23047,399,524,485,497,624,524,485,497,402,520,507,514,0,499
23057,399,524,484,497,624,524,484,497,402,520,505,514,0,499
23067,399,524,484,496,624,524,484,496,402,520,505,515,0,499
23077,399,524,484,496,624,524,484,496,402,520,505,515,0,499
23087,399,524,485,496,624,524,485,496,402,520,507,515,0,499
23097,399,524,486,497,624,524,486,497,402,520,508,514,0,499
23107,399,524,487,498,624,524,487,498,402,520,509,513,0,499
23117,399,525,488,498,624,525,488,498,402,521,510,513,0,499
23127,399,525,486,497,624,525,486,497,402,521,508,514,0,499
23137,399,525,483,496,624,525,483,496,402,521,504,515,0,499
23147,399,524,481,496,624,524,481,496,402,520,502,515,0,499
23157,398,523,479,497,625,523,479,497,401,519,500,514,0,499
23167,398,522,478,499,625,522,478,499,401,518,499,512,0,499
23177,399,521,479,502,624,521,479,502,402,517,500,509,0,499
23187,398,522,480,503,625,522,480,503,401,518,501,508,0,499
23197,399,524,483,503,624,524,483,503,402,520,504,508,0,499
23207,400,527,485,501,623,527,485,501,403,523,507,510,0,499
23217,400,528,485,498,623,528,485,498,403,524,507,513,0,499
23227,401,528,486,495,622,528,486,495,404,524,508,516,0,499
23237,400,527,485,494,623,527,485,494,403,523,507,517,0,499
23247,399,525,486,495,624,525,486,495,402,521,508,516,0,499
23257,398,523,486,497,625,523,486,497,401,519,508,514,0,499
23267,397,523,487,499,626,523,487,499,399,519,509,512,0,499
23277,398,522,487,501,625,522,487,501,401,518,509,510,0,499
23287,398,523,486,502,625,523,486,502,401,519,508,509,0,499
23297,399,525,486,501,624,525,486,501,402,521,508,510,0,499
23307,399,525,485,500,624,525,485,500,402,521,507,511,0,499
23317,400,526,485,498,623,526,485,498,403,522,507,513,0,499
23327,400,525,484,497,623,525,484,497,403,521,505,514,0,499
23337,400,525,484,496,623,525,484,496,403,521,505,515,0,499
23347,400,524,484,496,623,524,484,496,403,520,505,515,0,499
23357,399,524,484,497,624,524,484,497,402,520,505,514,0,499
23367,399,524,484,497,624,524,484,497,402,520,505,514,0,499
23377,399,524,483,498,624,524,483,498,402,520,504,513,0,499
23387,399,524,483,499,624,524,483,499,402,520,504,512,0,499
23397,399,524,482,500,624,524,482,500,402,520,503,511,0,499
23407,399,524,482,500,624,524,482,500,402,520,503,511,0,499
23417,399,524,481,501,624,524,481,501,402,520,502,510,0,499
23427,399,524,480,501,624,524,480,501,402,520,501,510,0,499
23437,400,524,481,502,623,524,481,502,403,520,502,509,0,499
23447,399,525,481,501,624,525,481,501,402,521,502,510,0,499
23457,399,525,481,500,624,525,481,500,402,521,502,511,0,499
23467,400,526,482,500,623,526,482,500,403,522,503,511,0,499
23477,399,525,482,500,624,525,482,500,402,521,503,511,0,499
23487,399,526,482,499,624,526,482,499,402,522,503,512,0,499
23497,400,526,482,498,623,526,482,498,403,522,503,513,0,499
23507,399,525,483,497,624,525,483,497,402,521,504,514,0,499
23517,399,524,484,497,624,524,484,497,402,520,505,514,0,499
23527,399,523,483,498,624,523,483,498,402,519,504,513,0,499
23537,399,523,482,500,624,523,482,500,402,519,503,511,0,499
23547,398,522,481,502,625,522,481,502,401,518,502,509,0,499
23557,399,523,480,503,624,523,480,503,402,519,501,508,0,499
23567,400,525,480,502,623,525,480,502,403,521,501,509,0,499
23577,400,526,480,500,623,526,480,500,403,522,501,511,0,499
23587,400,528,481,498,623,528,481,498,403,524,502,513,0,499
23597,401,528,482,495,622,528,482,495,404,524,503,516,0,499
23607,400,527,483,493,623,527,483,493,403,523,504,518,0,499
23617,400,526,483,493,623,526,483,493,403,522,504,518,0,499
23627,399,524,484,495,624,524,484,495,402,520,505,516,0,499
23637,398,523,484,497,625,523,484,497,401,519,505,514,0,499
23647,398,523,483,500,625,523,483,500,401,519,504,511,0,499
23657,398,523,483,502,625,523,483,502,401,519,504,509,0,499
23667,399,524,481,502,624,524,481,502,402,520,502,509,0,499
23677,400,526,481,502,623,526,481,502,403,522,502,509,0,499
23687,400,526,481,499,623,526,481,499,403,522,502,512,0,499
23697,400,526,480,497,623,526,480,497,403,522,501,514,0,499
23707,400,526,481,496,623,526,481,496,403,522,502,515,0,499
23717,400,525,481,495,623,525,481,495,403,521,502,516,0,499
23727,399,525,482,496,624,525,482,496,402,521,503,515,0,499
23737,399,525,482,496,624,525,482,496,402,521,503,515,0,499
23747,399,525,481,497,624,525,481,497,402,521,502,514,0,499
23757,399,525,481,496,624,525,481,496,402,521,502,515,0,499
23767,400,525,481,496,623,525,481,496,403,521,502,515,0,499
23777,399,525,481,496,624,525,481,496,402,521,502,515,0,499
23787,399,524,481,496,624,524,481,496,402,520,502,515,0,499
23797,399,524,482,497,624,524,482,497,402,520,503,514,0,499
23807,399,524,483,497,624,524,483,497,402,520,504,514,0,499
23817,399,525,483,497,624,525,483,497,402,521,504,514,0,499
23827,400,526,484,496,623,526,484,496,403,522,505,515,0,499
23837,399,525,483,496,624,525,483,496,402,521,504,515,0,499
23847,399,524,482,496,624,524,482,496,402,520,503,515,0,499
23857,398,523,480,497,625,523,480,497,401,519,501,514,0,499
23867,398,521,479,499,625,521,479,499,401,517,500,512,0,499
23877,398,521,478,502,625,521,478,502,401,517,499,509,0,499
23887,398,521,479,504,625,521,479,504,401,517,500,507,0,499
23897,399,522,480,506,624,522,480,506,402,518,501,505,0,499
23907,399,524,481,505,624,524,481,505,402,520,502,506,0,499
23917,400,526,482,504,623,526,482,504,403,522,503,507,0,499
23927,400,527,482,503,623,527,482,503,403,523,503,508,0,499
23937,400,527,482,500,623,527,482,500,403,523,503,511,0,499
23947,401,527,482,498,622,527,482,498,404,523,503,513,0,499
23957,401,527,481,496,622,527,481,496,404,523,502,515,0,499
23967,400,526,480,494,623,526,480,494,403,522,501,517,0,499
23977,399,525,479,496,624,525,479,496,402,521,500,515,0,499
23987,399,524,479,497,624,524,479,497,402,520,500,514,0,499
23997,398,523,478,500,625,523,478,500,401,519,499,511,0,499
24007,398,523,478,502,625,523,478,502,401,519,499,509,0,499
24017,399,524,479,503,624,524,479,503,402,520,500,508,0,499
24027,399,525,480,502,624,525,480,502,402,521,501,509,0,499
24037,400,526,481,500,623,526,481,500,403,522,502,511,0,499
24047,401,527,481,499,622,527,481,499,404,523,502,512,0,499
24057,401,527,481,496,622,527,481,496,404,523,502,515,0,499
24067,400,527,480,494,623,527,480,494,403,523,501,517,0,499
24077,400,525,479,495,623,525,479,495,403,521,500,516,0,499
24087,399,524,479,495,624,524,479,495,402,520,500,516,0,499
24097,398,523,479,498,625,523,479,498,401,519,500,513,0,499
24107,398,523,480,499,625,523,480,499,401,519,501,512,0,499
24117,398,523,481,500,625,523,481,500,401,519,502,511,0,499
24127,399,524,483,500,624,524,483,500,402,520,504,511,0,499
24137,399,525,483,500,624,525,483,500,402,521,504,511,0,499
24147,399,525,484,500,624,525,484,500,402,521,505,511,0,499
24157,400,526,482,499,623,526,482,499,403,522,503,512,0,499
24167,399,525,481,498,624,525,481,498,402,521,502,513,0,499
24177,399,524,480,498,624,524,480,498,402,520,501,513,0,499
24187,399,524,479,499,624,524,479,499,402,520,500,512,0,499
24197,399,524,480,500,624,524,480,500,402,520,501,511,0,499
24207,399,524,480,500,624,524,480,500,402,520,501,511,0,499
24217,400,524,480,500,623,524,480,500,403,520,501,511,0,499
24227,399,525,481,500,624,525,481,500,402,521,502,511,0,499
24237,400,526,480,500,623,526,480,500,403,522,501,511,0,499
24247,400,526,479,498,623,526,479,498,403,522,500,513,0,499
24257,400,526,479,497,623,526,479,497,403,522,500,514,0,499
24267,400,526,479,497,623,526,479,497,403,522,500,514,0,499
24277,400,525,480,497,623,525,480,497,403,521,501,514,0,499
24287,399,524,481,498,624,524,481,498,402,520,502,513,0,499
24297,399,524,483,498,624,524,483,498,402,520,504,513,0,499
24307,399,524,483,499,624,524,483,499,402,520,504,512,0,499
24317,399,525,483,499,624,525,483,499,402,521,504,512,0,499
24327,399,525,482,498,624,525,482,498,402,521,503,513,0,499
24337,400,526,481,497,623,526,481,497,403,522,502,514,0,499
24347,399,526,481,496,624,526,481,496,402,522,502,515,0,499
24357,399,525,480,496,624,525,480,496,402,521,501,515,0,499
24367,399,524,479,497,624,524,479,497,402,520,500,514,0,499
24377,399,524,479,498,624,524,479,498,402,520,500,513,0,499
24387,399,524,480,499,624,524,480,499,402,520,501,512,0,499
24397,399,524,480,500,624,524,480,500,402,520,501,511,0,499
24407,399,525,479,499,624,525,479,499,402,521,500,512,0,499
24417,400,525,480,498,623,525,480,498,403,521,501,513,0,499
24427,400,525,479,498,623,525,479,498,403,521,500,513,0,499
24437,399,525,480,497,624,525,480,497,402,521,501,514,0,499
24447,399,525,480,497,624,525,480,497,402,521,501,514,0,499
24457,399,524,482,498,624,524,482,498,402,520,503,513,0,499
24467,399,524,483,498,624,524,483,498,402,520,504,513,0,499
24477,399,524,484,498,624,524,484,498,402,520,505,513,0,499
24487,399,524,483,499,624,524,483,499,402,520,504,512,0,499
24497,399,525,482,499,624,525,482,499,402,521,503,512,0,499
24507,399,525,481,500,624,525,481,500,402,521,502,511,0,499
24517,400,525,479,499,623,525,479,499,403,521,500,512,0,499
24527,400,525,479,498,623,525,479,498,403,521,500,513,0,499
24537,400,525,478,497,623,525,478,497,403,521,499,514,0,499
24547,400,524,479,498,623,524,479,498,403,520,500,513,0,499
24557,399,524,481,497,624,524,481,497,402,520,502,514,0,499
24567,399,524,482,498,624,524,482,498,402,520,503,513,0,499
24577,399,524,482,498,624,524,482,498,402,520,503,513,0,499
24587,399,525,483,498,624,525,483,498,402,521,504,513,0,499
24597,399,524,482,498,624,524,482,498,402,520,503,513,0,499
24607,399,524,481,499,624,524,481,499,402,520,502,512,0,499
24617,399,524,480,499,624,524,480,499,402,520,501,512,0,499
24627,399,524,480,500,624,524,480,500,402,520,501,511,0,499
24637,399,524,479,500,624,524,479,500,402,520,500,511,0,499
24647,399,525,480,500,624,525,480,500,402,521,501,511,0,499
24657,400,525,481,500,623,525,481,500,403,521,502,511,0,499
24667,400,526,482,499,623,526,482,499,403,522,503,512,0,499
24677,399,526,482,498,624,526,482,498,402,522,503,513,0,499
24687,399,525,482,498,624,525,482,498,402,521,503,513,0,499
24697,399,525,482,499,624,525,482,499,402,521,503,512,0,499
24707,399,524,481,500,624,524,481,500,402,520,502,511,0,499
24717,398,524,481,501,625,524,481,501,401,520,502,510,0,499
24727,399,524,482,502,624,524,482,502,402,520,503,509,0,499
24737,399,524,483,502,624,524,483,502,402,520,504,509,0,499
24747,399,524,482,502,624,524,482,502,402,520,503,509,0,499
24757,399,525,481,502,624,525,481,502,402,521,502,509,0,499
24767,399,525,480,503,624,525,480,503,402,521,501,508,0,499
24777,399,524,479,502,624,524,479,502,402,520,500,509,0,499
24787,399,524,479,502,624,524,479,502,402,520,500,509,0,499
24797,399,525,480,501,624,525,480,501,402,521,501,510,0,499
24807,400,526,481,500,623,526,481,500,403,522,502,511,0,499
24817,400,526,482,498,623,526,482,498,403,522,503,513,0,499
24827,400,526,483,497,623,526,483,497,403,522,504,514,0,499
24837,400,526,482,497,623,526,482,497,403,522,503,514,0,499
24847,400,526,482,497,623,526,482,497,403,522,503,514,0,499
24857,399,525,481,497,624,525,481,497,402,521,502,514,0,499
24867,399,525,480,497,624,525,480,497,402,521,501,514,0,499
24877,400,526,480,497,623,526,480,497,403,522,501,514,0,499
24887,399,525,480,497,624,525,480,497,402,521,501,514,0,499
24897,399,525,480,496,624,525,480,496,402,521,501,515,0,499
24907,399,525,480,496,624,525,480,496,402,521,501,515,0,499
24917,399,525,481,497,624,525,481,497,402,521,502,514,0,499
24927,399,524,481,498,624,524,481,498,402,520,502,513,0,499
24937,399,524,481,498,624,524,481,498,402,520,502,513,0,499
24947,399,524,481,499,624,524,481,499,402,520,502,512,0,499
24957,399,524,481,498,624,524,481,498,402,520,502,513,0,499
24967,400,525,482,498,623,525,482,498,403,521,503,513,0,499
24977,399,525,481,497,624,525,481,497,402,521,502,514,0,499
24987,399,525,482,497,624,525,482,497,402,521,503,514,0,499
24997,399,524,482,498,624,524,482,498,402,520,503,513,0,499
25007,399,524,481,499,624,524,481,499,402,520,502,512,0,499
25017,399,524,481,499,624,524,481,499,402,520,502,512,0,499
25027,400,525,480,499,623,525,480,499,403,521,501,512,0,499
25037,400,525,480,499,623,525,480,499,403,521,501,512,0,499
25047,400,525,479,499,623,525,479,499,403,521,500,512,0,499
25057,400,525,478,499,623,525,478,499,403,521,499,512,0,499
25067,399,525,478,499,624,525,478,499,402,521,499,512,0,499
25077,399,524,478,500,624,524,478,500,402,520,499,511,0,499
25087,400,525,479,499,623,525,479,499,403,521,500,512,0,499
25097,399,525,481,499,624,525,481,499,402,521,502,512,0,499
25107,399,525,482,499,624,525,482,499,402,521,503,512,0,499
25117,399,526,483,499,624,526,483,499,402,522,504,512,0,499
25127,399,525,483,499,624,525,483,499,402,521,504,512,0,499
25137,399,526,482,499,624,526,482,499,402,522,503,512,0,499
25147,400,526,482,498,623,526,482,498,403,522,503,513,0,499
25157,400,526,481,497,623,526,481,497,403,522,502,514,0,499
25167,400,526,480,495,623,526,480,495,403,522,501,516,0,499
25177,400,526,480,495,623,526,480,495,403,522,501,516,0,499
27892,399,524,480,495,624,524,480,495,402,520,501,516,0,499
27893,515,411,476,501,508,411,476,501,520,404,497,510,0,499
27897,516,410,476,506,507,410,476,506,521,403,497,505,0,499
27907,515,410,476,507,508,410,476,507,520,403,497,504,0,499
27917,515,409,476,507,508,409,476,507,520,402,497,504,0,499
27927,513,408,476,509,510,408,476,509,518,401,497,502,0,499
27937,511,407,478,515,512,407,478,515,516,399,499,496,0,499
27947,509,408,479,521,514,408,479,521,513,401,500,490,0,499
27957,508,411,480,523,515,411,480,523,512,404,501,488,0,499
27967,508,414,480,518,515,414,480,518,512,407,501,493,0,499
27977,509,417,480,508,514,417,480,508,513,410,501,503,0,499
27987,510,417,479,498,513,417,479,498,514,410,500,513,0,499
27997,512,417,478,490,511,417,478,490,517,410,499,521,0,499
28007,513,415,477,488,510,415,477,488,518,408,498,523,0,499
28017,513,412,476,489,510,412,476,489,518,405,497,522,0,499
28027,512,410,476,495,511,410,476,495,517,403,497,516,0,499
28037,512,409,477,501,511,409,477,501,517,402,498,510,0,499
28047,511,410,477,503,512,410,477,503,516,403,498,508,0,499
28057,511,411,478,502,512,411,478,502,516,404,499,509,0,499
28067,511,412,477,499,512,412,477,499,516,405,498,512,0,499
28077,509,412,478,500,514,412,478,500,513,405,499,511,0,499
28087,509,412,479,503,514,412,479,503,513,405,500,508,0,499
28097,509,413,481,500,514,413,481,500,513,406,502,511,0,499
28107,510,414,480,492,513,414,480,492,514,407,501,519,0,499
28117,509,415,479,484,514,415,479,484,513,408,500,527,0,499
28127,509,416,478,476,514,416,478,476,513,409,499,535,0,499
28137,511,415,478,470,512,415,478,470,516,408,499,541,0,499
28147,514,413,478,468,509,413,478,468,519,406,499,543,0,499
28157,514,411,477,474,509,411,477,474,519,404,498,537,0,499
28167,513,409,477,485,510,409,477,485,518,402,498,526,0,499
28177,512,409,477,498,511,409,477,498,517,402,498,513,0,499
28187,512,409,478,509,511,409,478,509,517,402,499,502,0,499
28197,511,410,478,514,512,410,478,514,516,403,499,497,0,499
28207,512,412,478,515,511,412,478,515,517,405,499,496,0,499
28217,513,413,477,513,510,413,477,513,518,406,498,498,0,499
28227,513,414,476,509,510,414,476,509,518,407,497,502,0,499
28237,514,414,477,507,509,414,477,507,519,407,498,504,0,499
28247,513,413,478,505,510,413,478,505,518,406,499,506,0,499
28257,511,412,480,502,512,412,480,502,516,405,501,509,0,499
28267,510,412,481,499,513,412,481,499,514,405,502,512,0,499
28277,509,412,482,496,514,412,482,496,513,405,503,515,0,499
28287,509,412,481,493,514,412,481,493,513,405,502,518,0,499
28297,509,412,480,493,514,412,480,493,513,405,501,518,0,499
28307,510,412,479,495,513,412,479,495,514,405,500,516,0,499
28317,511,412,478,498,512,412,478,498,516,405,499,513,0,499
28327,513,412,478,499,510,412,478,499,518,405,499,512,0,499
28337,513,413,478,498,510,413,478,498,518,406,499,513,0,499
28347,513,413,478,496,510,413,478,496,518,406,499,515,0,499
28357,512,412,478,494,511,412,478,494,517,405,499,517,0,499
28367,511,412,479,495,512,412,479,495,516,405,500,516,0,499
28377,510,411,478,497,513,411,478,497,514,404,499,514,0,499
28387,508,411,479,499,515,411,479,499,512,404,500,512,0,499
28397,507,411,479,501,516,411,479,501,512,404,500,510,0,499
28407,505,412,479,500,518,412,479,500,511,405,500,511,0,499
28417,505,413,479,498,518,413,479,498,511,406,500,513,0,499
28427,506,414,479,495,517,414,479,495,512,407,500,516,0,499
28437,508,415,478,494,515,415,478,494,512,408,499,517,0,499
28447,510,417,478,491,513,417,478,491,514,410,499,520,0,499
28457,511,418,477,485,512,418,477,485,516,411,498,526,0,499
28467,511,418,476,480,512,418,476,480,516,411,497,531,0,499
28477,512,417,475,475,511,417,475,475,517,410,496,536,0,499
28487,513,415,475,472,510,415,475,472,518,408,496,539,0,499
28497,513,412,476,472,510,412,476,472,518,405,497,539,0,499
28507,514,410,475,476,509,410,475,476,519,403,496,535,0,499
28517,514,407,475,483,509,407,475,483,519,399,496,528,0,499
28527,514,405,475,491,509,405,475,491,519,398,496,520,0,499
28537,515,406,475,498,508,406,475,498,520,399,496,513,0,499
28547,516,409,476,502,507,409,476,502,521,402,497,509,0,499
28557,516,411,476,500,507,411,476,500,521,404,497,511,0,499
28567,515,414,477,495,508,414,477,495,520,407,498,516,0,499
28577,515,416,478,489,508,416,478,489,520,409,499,522,0,499
28587,514,417,479,484,509,417,479,484,519,410,500,527,0,499
28597,514,417,480,480,509,417,480,480,519,410,501,531,0,499
28607,516,415,480,479,507,415,480,479,521,408,501,532,0,499
28617,517,413,480,482,506,413,480,482,522,406,501,529,0,499
28627,518,410,479,487,505,410,479,487,523,403,500,524,0,499
28637,520,409,479,493,503,409,479,493,525,402,500,518,0,499
28647,520,409,479,496,503,409,479,496,525,402,500,515,0,499
28657,520,409,478,499,503,409,478,499,525,402,499,512,0,499
28667,520,408,478,503,503,408,478,503,525,401,499,508,0,499
28677,519,407,478,508,504,407,478,508,524,399,499,503,0,499
28687,518,407,478,515,505,407,478,515,523,399,499,496,0,499
28697,516,408,479,520,507,408,479,520,521,401,500,491,0,499
28707,516,409,480,520,507,409,480,520,521,402,501,491,0,499
28717,515,411,480,514,508,411,480,514,520,404,501,497,0,499
28727,515,413,480,506,508,413,480,506,520,406,501,505,0,499
28737,515,413,480,501,508,413,480,501,520,406,501,510,0,499
28747,515,413,479,498,508,413,479,498,520,406,500,513,0,499
28757,514,412,479,499,509,412,479,499,519,405,500,512,0,499
28767,512,412,480,500,511,412,480,500,517,405,501,511,0,499
28777,511,411,480,503,512,411,480,503,516,404,501,508,0,499
28787,510,412,481,505,513,412,481,505,514,405,502,506,0,499
28797,510,412,481,505,513,412,481,505,514,405,502,506,0,499
28807,512,413,480,506,511,413,480,506,517,406,501,505,0,499
28817,514,413,479,507,509,413,479,507,519,406,500,504,0,499
28827,515,412,478,510,508,412,478,510,520,405,499,501,0,499
28837,515,412,478,512,508,412,478,512,520,405,499,499,0,499
28847,514,412,478,513,509,412,478,513,519,405,499,498,0,499
28857,512,413,480,511,511,413,480,511,517,406,501,500,0,499
28867,512,413,480,507,511,413,480,507,517,406,501,504,0,499
28877,511,413,479,504,512,413,479,504,516,406,500,507,0,499
28887,511,412,479,502,512,412,479,502,516,405,500,509,0,499
28897,511,411,478,503,512,411,478,503,516,404,499,508,0,499
28907,512,411,479,505,511,411,479,505,517,404,500,506,0,499
28917,511,411,478,506,512,411,478,506,516,404,499,505,0,499
28927,510,412,479,506,513,412,479,506,514,405,500,505,0,499
28937,510,413,479,503,513,413,479,503,514,406,500,508,0,499
28947,510,414,479,498,513,414,479,498,514,407,500,513,0,499
28957,510,415,479,496,513,415,479,496,514,408,500,515,0,499
28967,511,414,479,494,512,414,479,494,516,407,500,517,0,499
28977,511,413,479,495,512,413,479,495,516,406,500,516,0,499
28987,511,412,479,497,512,412,479,497,516,405,500,514,0,499
28997,512,411,480,500,511,411,480,500,517,404,501,511,0,499
29007,512,412,480,501,511,412,480,501,517,405,501,510,0,499
29017,513,412,479,501,510,412,479,501,518,405,500,510,0,499
29027,513,412,479,501,510,412,479,501,518,405,500,510,0,499
29037,513,411,478,501,510,411,478,501,518,404,499,510,0,499
29047,513,410,478,502,510,410,478,502,518,403,499,509,0,499
29057,512,411,479,501,511,411,479,501,517,404,500,510,0,499
29067,511,412,480,500,512,412,480,500,516,405,501,511,0,499
29077,510,412,480,497,513,412,480,497,514,405,501,514,0,499
29087,511,413,479,493,512,413,479,493,516,406,500,518,0,499
29097,511,414,479,492,512,414,479,492,516,407,500,519,0,499
29107,512,414,478,491,511,414,478,491,517,407,499,520,0,499
29117,512,414,478,493,511,414,478,493,517,407,499,518,0,499
29127,512,413,478,494,511,413,478,494,517,406,499,517,0,499
29137,512,412,479,495,511,412,479,495,517,405,500,516,0,499
29147,513,411,479,496,510,411,479,496,518,404,500,515,0,499
29157,513,410,480,498,510,410,480,498,518,403,501,513,0,499
29167,514,410,479,501,509,410,479,501,519,403,500,510,0,499
29177,514,410,479,504,509,410,479,504,519,403,500,507,0,499
29187,513,411,478,506,510,411,478,506,518,404,499,505,0,499
29197,513,412,478,507,510,412,478,507,518,405,499,504,0,499
29207,513,413,479,505,510,413,479,505,518,406,500,506,0,499
29217,512,414,479,501,511,414,479,501,517,407,500,510,0,499
29227,511,414,480,496,512,414,480,496,516,407,501,515,0,499
29237,512,413,479,493,511,413,479,493,517,406,500,518,0,499
29247,512,413,479,493,511,413,479,493,517,406,500,518,0,499
29257,513,412,478,494,510,412,478,494,518,405,499,517,0,499
29267,513,411,478,497,510,411,478,497,518,404,499,514,0,499
29277,513,411,478,500,510,411,478,500,518,404,499,511,0,499
29287,512,411,479,502,511,411,479,502,517,404,500,509,0,499
29297,511,411,479,504,512,411,479,504,516,404,500,507,0,499
29307,510,411,480,506,513,411,480,506,514,404,501,505,0,499
29317,510,411,480,507,513,411,480,507,514,404,501,504,0,499
29327,511,412,480,508,512,412,480,508,516,405,501,503,0,499
29337,512,412,480,507,511,412,480,507,517,405,501,504,0,499
29347,512,412,479,505,511,412,479,505,517,405,500,506,0,499
29357,513,413,479,502,510,413,479,502,518,406,500,509,0,499
29367,513,413,480,500,510,413,480,500,518,406,501,511,0,499
29377,513,414,479,499,510,414,479,499,518,407,500,512,0,499
29387,512,413,479,499,511,413,479,499,517,406,500,512,0,499
29397,510,412,479,499,513,412,479,499,514,405,500,512,0,499
29407,510,413,479,499,513,413,479,499,514,406,500,512,0,499
29417,509,413,481,497,514,413,481,497,513,406,502,514,0,499
29427,508,412,481,496,515,412,481,496,512,405,502,515,0,499
29437,509,411,482,496,514,411,482,496,513,404,503,515,0,499
29447,509,411,481,497,514,411,481,497,513,404,502,514,0,499
29457,510,410,480,500,513,410,480,500,514,403,501,511,0,499
29467,510,410,479,503,513,410,479,503,514,403,500,508,0,499
29477,510,411,479,504,513,411,479,504,514,404,500,507,0,499
29487,510,412,480,503,513,412,480,503,514,405,501,508,0,499
29497,511,414,480,500,512,414,480,500,516,407,501,511,0,499
29507,512,415,480,497,511,415,480,497,517,408,501,514,0,499
29517,513,414,480,495,510,414,480,495,518,407,501,516,0,499
29527,514,413,479,496,509,413,479,496,519,406,500,515,0,499
29537,513,411,478,499,510,411,478,499,518,404,499,512,0,499
29547,512,410,478,502,511,410,478,502,517,403,499,509,0,499
29557,510,410,480,502,513,410,480,502,514,403,501,509,0,499
29567,509,412,481,497,514,412,481,497,513,405,502,514,0,499
29577,508,413,482,492,515,413,482,492,512,406,503,519,0,499
29587,510,413,483,486,513,413,483,486,514,406,504,525,0,499
29597,512,413,481,483,511,413,481,483,517,406,502,528,0,499
29607,514,412,480,484,509,412,480,484,519,405,501,527,0,499
29617,515,411,478,488,508,411,478,488,520,404,499,523,0,499
29627,516,411,477,495,507,411,477,495,521,404,498,516,0,499
29637,515,410,478,502,508,410,478,502,520,403,499,509,0,499
29647,514,410,479,506,509,410,479,506,519,403,500,505,0,499
29657,512,410,481,509,511,410,481,509,517,403,502,502,0,499
29667,510,411,482,508,513,411,482,508,514,404,503,503,0,499
29677,510,412,482,505,513,412,482,505,514,405,503,506,0,499
29687,510,413,481,502,513,413,481,502,514,406,502,509,0,499
29697,511,413,480,498,512,413,480,498,516,406,501,513,0,499
29707,511,413,479,496,512,413,479,496,516,406,500,515,0,499
29717,512,413,479,495,511,413,479,495,517,406,500,516,0,499
29727,511,413,480,494,512,413,480,494,516,406,501,517,0,499
29737,511,412,481,494,512,412,481,494,516,405,502,517,0,499
29747,511,411,481,495,512,411,481,495,516,404,502,516,0,499
29757,511,411,481,497,512,411,481,497,516,404,502,514,0,499
29767,512,411,480,498,511,411,480,498,517,404,501,513,0,499
29777,513,412,479,498,510,412,479,498,518,405,500,513,0,499
29787,513,413,478,497,510,413,478,497,518,406,499,514,0,499
29797,512,414,478,496,511,414,478,496,517,407,499,515,0,499
29807,512,414,479,493,511,414,479,493,517,407,500,518,0,499
29817,511,413,480,492,512,413,480,492,516,406,501,519,0,499
29827,511,411,481,494,512,411,481,494,516,404,502,517,0,499
29837,511,409,481,498,512,409,481,498,516,402,502,513,0,499
29847,511,408,482,504,512,408,482,504,516,401,503,507,0,499
29857,512,409,481,508,511,409,481,508,517,402,502,503,0,499
29867,513,410,480,510,510,410,480,510,518,403,501,501,0,499
29877,512,412,479,508,511,412,479,508,517,405,500,503,0,499
29887,512,413,479,503,511,413,479,503,517,406,500,508,0,499
29897,511,415,480,497,512,415,480,497,516,408,501,514,0,499
29907,510,414,481,490,513,414,481,490,514,407,502,521,0,499
29917,510,414,482,487,513,414,482,487,514,407,503,524,0,499
29927,511,413,482,486,512,413,482,486,516,406,503,525,0,499
29937,512,412,481,488,511,412,481,488,517,405,502,523,0,499
29947,513,412,480,491,510,412,480,491,518,405,501,520,0,499
29957,513,412,478,495,510,412,478,495,518,405,499,516,0,499
29967,513,412,478,498,510,412,478,498,518,405,499,513,0,499
29977,513,412,478,500,510,412,478,500,518,405,499,511,0,499
29987,513,411,480,502,510,411,480,502,518,404,501,509,0,499
29997,512,411,481,502,511,411,481,502,517,404,502,509,0,499
30007,512,411,482,502,511,411,482,502,517,404,503,509,0,499
30017,513,412,481,499,510,412,481,499,518,405,502,512,0,499
30027,513,412,480,496,510,412,480,496,518,405,501,515,0,499
30037,514,412,478,496,509,412,478,496,519,405,499,515,0,499
30047,513,412,478,496,510,412,478,496,518,405,499,515,0,499
30057,512,412,478,497,511,412,478,497,517,405,499,514,0,499
30067,511,412,480,498,512,412,480,498,516,405,501,513,0,499
30077,511,412,481,499,512,412,481,499,516,405,502,512,0,499
30087,511,412,482,500,512,412,482,500,516,405,503,511,0,499
30097,512,412,481,500,511,412,481,500,517,405,502,511,0,499
30107,513,413,480,501,510,413,480,501,518,406,501,510,0,499
30117,513,412,478,503,510,412,478,503,518,405,499,508,0,499
30127,513,412,478,504,510,412,478,504,518,405,499,507,0,499
30137,512,413,479,503,511,413,479,503,517,406,500,508,0,499
30147,511,414,480,500,512,414,480,500,516,407,501,511,0,499
30157,511,415,481,494,512,415,481,494,516,408,502,517,0,499
30167,511,414,481,488,512,414,481,488,516,407,502,523,0,499
30177,512,412,481,486,511,412,481,486,517,405,502,525,0,499
30187,513,411,480,487,510,411,480,487,518,404,501,524,0,499
30197,513,409,479,491,510,409,479,491,518,402,500,520,0,499
30207,513,409,478,495,510,409,478,495,518,402,499,516,0,499
30217,513,409,479,498,510,409,479,498,518,402,500,513,0,499
30227,513,411,480,500,510,411,480,500,518,404,501,511,0,499
30237,512,411,480,501,511,411,480,501,517,404,501,510,0,499
30247,512,411,481,502,511,411,481,502,517,404,502,509,0,499
30257,512,411,481,502,511,411,481,502,517,404,502,509,0,499
30267,512,412,480,503,511,412,480,503,517,405,501,508,0,499
30277,512,412,480,502,511,412,480,502,517,405,501,509,0,499
30287,512,413,480,500,511,413,480,500,517,406,501,511,0,499
30297,512,413,480,496,511,413,480,496,517,406,501,515,0,499
30307,512,412,480,494,511,412,480,494,517,405,501,517,0,499
30317,512,412,481,493,511,412,481,493,517,405,502,518,0,499
30327,512,411,480,495,511,411,480,495,517,404,501,516,0,499
30337,512,410,480,499,511,410,480,499,517,403,501,512,0,499
30347,512,411,480,503,511,411,480,503,517,404,501,508,0,499
30357,512,412,480,504,511,412,480,504,517,405,501,507,0,499
30367,512,414,480,503,511,414,480,503,517,407,501,508,0,499
30377,512,414,480,500,511,414,480,500,517,407,501,511,0,499
30387,512,414,480,497,511,414,480,497,517,407,501,514,0,499
30397,514,412,480,496,509,412,480,496,519,405,501,515,0,499
32745,514,411,480,497,509,411,480,497,519,404,501,514,0,499
32746,518,627,491,506,505,627,491,506,523,626,512,505,0,499
32747,519,628,491,506,504,628,491,506,524,628,512,505,0,499
32757,520,628,491,504,503,628,491,504,525,628,512,507,0,499
32767,522,628,491,501,501,628,491,501,527,628,512,510,0,499
32777,522,629,491,498,501,629,491,498,527,629,512,513,0,499
32787,524,629,490,494,499,629,490,494,529,629,512,517,0,499
32797,524,630,490,492,499,630,490,492,529,630,512,519,0,499
32807,523,629,491,491,500,629,491,491,528,629,512,520,0,499
32817,521,628,492,493,502,628,492,493,526,628,512,518,0,499
32827,519,627,491,498,504,627,491,498,524,626,512,513,0,499
32837,519,627,491,502,504,627,491,502,524,626,512,509,0,499
32847,519,628,492,505,504,628,492,505,524,628,512,506,0,499
32857,519,628,491,506,504,628,491,506,524,628,512,505,0,499
32867,520,629,491,504,503,629,491,504,525,629,512,507,0,499
32877,520,630,490,500,503,630,490,500,525,630,512,511,0,499
32887,522,631,490,495,501,631,490,495,527,631,512,516,0,499
32897,523,632,490,489,500,632,490,489,528,632,512,522,0,499
32907,522,631,490,484,501,631,490,484,527,631,512,527,0,499
32917,521,630,490,480,502,630,490,480,526,630,512,531,0,499
32927,520,629,491,480,503,629,491,480,525,629,512,531,0,499
32937,516,628,492,483,507,628,492,483,521,628,512,528,0,499
32947,515,626,490,489,508,626,490,489,520,625,512,522,0,499
32957,516,627,491,495,507,627,491,495,521,626,512,516,0,499
32967,517,627,491,497,506,627,491,497,522,626,512,514,0,499
32977,518,628,491,498,505,628,491,498,523,628,512,513,0,499
32987,519,629,491,497,504,629,491,497,524,629,512,514,0,499
32997,519,629,490,496,504,629,490,496,524,629,512,515,0,499
33007,520,630,491,494,503,630,491,494,525,630,512,517,0,499
33017,520,629,491,492,503,629,491,492,525,629,512,519,0,499
33027,519,628,491,492,504,628,491,492,524,628,512,519,0,499
33037,519,628,491,492,504,628,491,492,524,628,512,519,0,499
33047,519,627,491,493,504,627,491,493,524,626,512,518,0,499
33057,518,628,491,495,505,628,491,495,523,628,512,516,0,499
33067,518,628,490,496,505,628,490,496,523,628,512,515,0,499
33077,517,629,489,496,506,629,489,496,522,629,511,515,0,499
33087,517,630,489,495,506,630,489,495,522,630,511,516,0,499
33097,518,630,489,494,505,630,489,494,523,630,511,517,0,499
33107,518,631,489,492,505,631,489,492,523,631,511,519,0,499
33117,518,630,489,491,505,630,489,491,523,630,511,520,0,499
33127,518,630,490,491,505,630,490,491,523,630,512,520,0,499
33137,517,628,490,493,506,628,490,493,522,628,512,518,0,499
33147,515,627,489,496,508,627,489,496,520,626,511,515,0,499
33157,514,626,489,502,509,626,489,502,519,625,511,509,0,499
33167,515,625,489,507,508,625,489,507,520,625,511,504,0,499
33177,516,625,488,510,507,625,488,510,521,625,510,501,0,499
33187,518,626,489,511,505,626,489,511,523,625,511,500,0,499
33197,519,628,489,509,504,628,489,509,524,628,511,502,0,499
33207,521,629,489,503,502,629,489,503,526,629,511,508,0,499
33217,522,631,489,496,501,631,489,496,527,631,511,515,0,499
33227,522,633,489,487,501,633,489,487,527,633,511,524,0,499
33237,521,633,489,481,502,633,489,481,526,633,511,530,0,499
33247,519,632,489,478,504,632,489,478,524,632,511,533,0,499
33257,516,631,489,481,507,631,489,481,521,631,511,530,0,499
33267,514,628,490,488,509,628,490,488,519,628,512,523,0,499
33277,512,626,491,498,511,626,491,498,517,625,512,513,0,499
33287,512,625,491,506,511,625,491,506,517,625,512,505,0,499
33297,512,624,492,512,511,624,492,512,517,623,512,499,0,499
33307,514,625,492,513,509,625,492,513,519,625,512,498,0,499
33317,516,627,491,510,507,627,491,510,521,626,512,501,0,499
33327,518,629,491,503,505,629,491,503,523,629,512,508,0,499
33337,520,632,490,493,503,632,490,493,525,632,512,518,0,499
33347,521,633,490,483,502,633,490,483,526,633,512,528,0,499
33357,518,632,489,478,505,632,489,478,523,632,511,533,0,499
33367,514,630,488,481,509,630,488,481,519,630,510,530,0,499
33377,511,627,488,490,512,627,488,490,516,626,510,521,0,499
33387,510,624,488,501,513,624,488,501,514,623,510,510,0,499
33397,510,624,489,510,513,624,489,510,514,623,511,501,0,499
33407,512,625,490,515,511,625,490,515,517,625,512,496,0,499
33417,516,626,490,514,507,626,490,514,521,625,512,497,0,499
33427,519,627,490,511,504,627,490,511,524,626,512,500,0,499
33437,524,629,489,503,499,629,489,503,529,629,511,508,0,499
33447,526,631,490,493,497,631,490,493,531,631,512,518,0,499
33457,526,631,491,485,497,631,491,485,531,631,512,526,0,499
33467,525,631,491,482,498,631,491,482,530,631,512,529,0,499
33477,522,628,490,484,501,628,490,484,527,628,512,527,0,499
33487,518,627,489,490,505,627,489,490,523,626,511,521,0,499
33497,515,626,488,498,508,626,488,498,520,625,510,513,0,499
33507,514,626,488,504,509,626,488,504,519,625,510,507,0,499
33517,514,627,487,508,509,627,487,508,519,626,509,503,0,499
33527,516,629,487,507,507,629,487,507,521,629,509,504,0,499
33537,519,631,488,503,504,631,488,503,524,631,510,508,0,499
33547,522,632,491,495,501,632,491,495,527,632,512,516,0,499
33557,522,632,493,488,501,632,493,488,527,632,513,523,0,499
33567,521,631,493,484,502,631,493,484,526,631,513,527,0,499
33577,519,630,493,484,504,630,493,484,524,630,513,527,0,499
33587,516,628,493,488,507,628,493,488,521,628,513,523,0,499
33597,515,627,492,495,508,627,492,495,520,626,512,516,0,499
33607,515,628,491,500,508,628,491,500,520,628,512,511,0,499
33617,517,630,491,501,506,630,491,501,522,630,512,510,0,499
33627,519,631,490,498,504,631,490,498,524,631,512,513,0,499
33637,521,632,490,493,502,632,490,493,526,632,512,518,0,499
33647,521,633,489,488,502,633,489,488,526,633,511,523,0,499
33657,520,632,489,484,503,632,489,484,525,632,511,527,0,499
33667,518,630,488,482,505,630,488,482,523,630,510,529,0,499
33677,515,629,488,485,508,629,488,485,520,629,510,526,0,499
33687,512,626,487,490,511,626,487,490,517,625,509,521,0,499
33697,511,625,487,496,512,625,487,496,516,625,509,515,0,499
33707,512,624,488,502,511,624,488,502,517,623,510,509,0,499
33717,512,623,488,506,511,623,488,506,517,622,510,505,0,499
33727,514,624,488,506,509,624,488,506,519,623,510,505,0,499
33737,516,625,489,505,507,625,489,505,521,625,511,506,0,499
33747,517,626,490,501,506,626,490,501,522,625,512,510,0,499
33757,518,626,489,498,505,626,489,498,523,625,511,513,0,499
33767,519,628,488,493,504,628,488,493,524,628,510,518,0,499
33777,518,630,488,487,505,630,488,487,523,630,510,524,0,499
33787,516,630,488,483,507,630,488,483,521,630,510,528,0,499
33797,514,631,487,483,509,631,487,483,519,631,509,528,0,499
33807,512,630,487,484,511,630,487,484,517,630,509,527,0,499
33817,512,629,488,488,511,629,488,488,517,629,510,523,0,499
33827,513,629,489,492,510,629,489,492,518,629,511,519,0,499
33837,514,630,489,496,509,630,489,496,519,630,511,515,0,499
33847,515,630,490,498,508,630,490,498,520,630,512,513,0,499
33857,516,631,489,498,507,631,489,498,521,631,511,513,0,499
33867,516,630,488,497,507,630,488,497,521,630,510,514,0,499
33877,515,631,487,496,508,631,487,496,520,631,509,515,0,499
33887,515,632,488,493,508,632,488,493,520,632,510,518,0,499
33897,514,632,488,491,509,632,488,491,519,632,510,520,0,499
33907,514,631,489,489,509,631,489,489,519,631,511,522,0,499
33917,513,629,489,489,510,629,489,489,518,629,511,522,0,499
33927,512,627,490,492,511,627,490,492,517,626,512,519,0,499
33937,511,625,490,496,512,625,490,496,516,625,512,515,0,499
33947,511,624,490,501,512,624,490,501,516,623,512,510,0,499
33957,511,624,489,506,512,624,489,506,516,623,511,505,0,499
33967,513,626,489,507,510,626,489,507,518,625,511,504,0,499
33977,514,627,489,506,509,627,489,506,519,626,511,505,0,499
33987,514,628,488,502,509,628,488,502,519,628,510,509,0,499
33997,514,630,489,497,509,630,489,497,519,630,511,514,0,499
34007,514,629,489,493,509,629,489,493,519,629,511,518,0,499
34017,512,628,490,493,511,628,490,493,517,628,512,518,0,499
34027,512,627,490,496,511,627,490,496,517,626,512,515,0,499
34037,512,627,491,499,511,627,491,499,517,626,512,512,0,499
34047,513,628,490,503,510,628,490,503,518,628,512,508,0,499
34057,515,628,490,504,508,628,490,504,520,628,512,507,0,499
34067,516,631,489,501,507,631,489,501,521,631,511,510,0,499
34077,516,632,488,496,507,632,488,496,521,632,510,515,0,499
34087,516,632,488,491,507,632,488,491,521,632,510,520,0,499
34097,515,632,488,489,508,632,488,489,520,632,510,522,0,499
34107,514,630,488,490,509,630,488,490,519,630,510,521,0,499
34117,513,628,490,494,510,628,490,494,518,628,512,517,0,499
34127,513,627,490,499,510,627,490,499,518,626,512,512,0,499
34137,512,627,490,504,511,627,490,504,517,626,512,507,0,499
34147,513,627,490,507,510,627,490,507,518,626,512,504,0,499
34157,514,627,489,508,509,627,489,508,519,626,511,503,0,499
34167,516,628,489,506,507,628,489,506,521,628,511,505,0,499
34177,517,630,489,503,506,630,489,503,522,630,511,508,0,499
34187,517,630,489,499,506,630,489,499,522,630,511,512,0,499
34197,517,630,489,494,506,630,489,494,522,630,511,517,0,499
34207,517,630,489,491,506,630,489,491,522,630,511,520,0,499
34217,515,629,490,491,508,629,490,491,520,629,512,520,0,499
34227,514,628,490,492,509,628,490,492,519,628,512,519,0,499
34237,512,626,490,497,511,626,490,497,517,625,512,514,0,499
34247,512,626,490,502,511,626,490,502,517,625,512,509,0,499
34257,512,626,490,506,511,626,490,506,517,625,512,505,0,499
34267,513,627,490,507,510,627,490,507,518,626,512,504,0,499
34277,514,628,491,506,509,628,491,506,519,628,512,505,0,499
34287,514,628,490,504,509,628,490,504,519,628,512,507,0,499
34297,514,628,490,503,509,628,490,503,519,628,512,508,0,499
34307,514,628,490,503,509,628,490,503,519,628,512,508,0,499
34317,513,628,489,505,510,628,489,505,518,628,511,506,0,499
34327,514,628,488,506,509,628,488,506,519,628,510,505,0,499
34337,515,630,489,505,508,630,489,505,520,630,511,506,0,499
34347,515,630,489,503,508,630,489,503,520,630,511,508,0,499
34357,515,630,489,501,508,630,489,501,520,630,511,510,0,499
34367,514,629,489,499,509,629,489,499,519,629,511,512,0,499
34377,514,628,490,500,509,628,490,500,519,628,512,511,0,499
34387,514,627,490,503,509,627,490,503,519,626,512,508,0,499
34397,514,627,490,508,509,627,490,508,519,626,512,503,0,499
34407,515,627,491,511,508,627,491,511,520,626,512,500,0,499
34417,517,628,491,512,506,628,491,512,522,628,512,499,0,499
34427,518,630,490,509,505,630,490,509,523,630,512,502,0,499
34437,518,630,489,503,505,630,489,503,523,630,511,508,0,499
34447,516,630,489,498,507,630,489,498,521,630,511,513,0,499
34457,515,629,489,495,508,629,489,495,520,629,511,516,0,499
34467,514,628,489,496,509,628,489,496,519,628,511,515,0,499
34477,514,628,490,498,509,628,490,498,519,628,512,513,0,499
34487,515,628,491,500,508,628,491,500,520,628,512,511,0,499
34497,516,628,491,502,507,628,491,502,521,628,512,509,0,499
34507,518,629,491,503,505,629,491,503,523,629,512,508,0,499
34517,518,629,491,502,505,629,491,502,523,629,512,509,0,499
34527,518,630,490,499,505,630,490,499,523,630,512,512,0,499
34537,518,630,490,496,505,630,490,496,523,630,512,515,0,499
34547,517,629,490,494,506,629,490,494,522,629,512,517,0,499
34557,516,628,490,492,507,628,490,492,521,628,512,519,0,499
34567,515,628,490,492,508,628,490,492,520,628,512,519,0,499
34577,515,627,490,494,508,627,490,494,520,626,512,517,0,499
34587,514,627,490,497,509,627,490,497,519,626,512,514,0,499
34597,515,627,490,500,508,627,490,500,520,626,512,511,0,499
34607,517,629,490,501,506,629,490,501,522,629,512,510,0,499
34617,517,630,490,500,506,630,490,500,522,630,512,511,0,499
34627,517,630,490,498,506,630,490,498,522,630,512,513,0,499
34637,516,630,489,497,507,630,489,497,521,630,511,514,0,499
34647,514,629,489,496,509,629,489,496,519,629,511,515,0,499
34657,514,628,489,497,509,628,489,497,519,628,511,514,0,499
34667,513,628,490,499,510,628,490,499,518,628,512,512,0,499
34677,513,628,490,500,510,628,490,500,518,628,512,511,0,499
34687,514,627,490,503,509,627,490,503,519,626,512,508,0,499
34697,516,628,491,503,507,628,491,503,521,628,512,508,0,499
34707,517,629,490,501,506,629,490,501,522,629,512,510,0,499
34717,518,630,490,498,505,630,490,498,523,630,512,513,0,499
34727,518,630,491,494,505,630,491,494,523,630,512,517,0,499
34737,516,629,490,492,507,629,490,492,521,629,512,519,0,499
34747,515,628,490,492,508,628,490,492,520,628,512,519,0,499
34757,513,627,490,495,510,627,490,495,518,626,512,516,0,499
34767,512,628,489,498,511,628,489,498,517,628,511,513,0,499
34777,513,628,490,501,510,628,490,501,518,628,512,510,0,499
34787,515,629,490,503,508,629,490,503,520,629,512,508,0,499
34797,516,630,490,502,507,630,490,502,521,630,512,509,0,499
34807,517,630,490,500,506,630,490,500,522,630,512,511,0,499
34817,517,629,491,499,506,629,491,499,522,629,512,512,0,499
34827,516,628,490,498,507,628,490,498,521,628,512,513,0,499
34837,515,627,490,498,508,627,490,498,520,626,512,513,0,499
34847,515,627,489,499,508,627,489,499,520,626,511,512,0,499
34857,515,628,489,500,508,628,489,500,520,628,511,511,0,499
34867,515,628,490,500,508,628,490,500,520,628,512,511,0,499
34877,517,629,489,499,506,629,489,499,522,629,511,512,0,499
34887,518,630,489,496,505,630,489,496,523,630,511,515,0,499
34897,518,630,490,495,505,630,490,495,523,630,512,516,0,499
34907,517,629,490,495,506,629,490,495,522,629,512,516,0,499
34917,516,628,490,497,507,628,490,497,521,628,512,514,0,499
34927,514,627,490,500,509,627,490,500,519,626,512,511,0,499
34937,514,626,490,503,509,626,490,503,519,625,512,508,0,499
34947,514,626,490,506,509,626,490,506,519,625,512,505,0,499
34957,514,626,489,507,509,626,489,507,519,625,511,504,0,499
34967,516,628,489,505,507,628,489,505,521,628,511,506,0,499
34977,517,629,489,502,506,629,489,502,522,629,511,509,0,499
34987,518,630,490,498,505,630,490,498,523,630,512,513,0,499
34997,518,630,490,497,505,630,490,497,523,630,512,514,0,499
35007,517,630,490,495,506,630,490,495,522,630,512,516,0,499
35017,516,630,490,494,507,630,490,494,521,630,512,517,0,499
35027,515,629,490,495,508,629,490,495,520,629,512,516,0,499
35037,514,628,489,497,509,628,489,497,519,628,511,514,0,499
35047,514,628,489,499,509,628,489,499,519,628,511,512,0,499
35057,515,629,489,501,508,629,489,501,520,629,511,510,0,499
35067,516,628,490,502,507,628,490,502,521,628,512,509,0,499
35077,516,628,490,503,507,628,490,503,521,628,512,508,0,499
35087,517,629,490,502,506,629,490,502,522,629,512,509,0,499
35097,518,629,490,500,505,629,490,500,523,629,512,511,0,499
35107,518,630,490,496,505,630,490,496,523,630,512,515,0,499
35117,518,630,490,492,505,630,490,492,523,630,512,519,0,499
35127,517,629,489,491,506,629,489,491,522,629,511,520,0,499
35137,516,629,488,491,507,629,488,491,521,629,510,520,0,499
35147,515,629,489,493,508,629,489,493,520,629,511,518,0,499
35157,514,628,489,495,509,628,489,495,519,628,511,516,0,499
35167,514,628,490,498,509,628,490,498,519,628,512,513,0,499
35177,514,627,490,501,509,627,490,501,519,626,512,510,0,499
35187,515,628,491,504,508,628,491,504,520,628,512,507,0,499
35197,517,628,491,506,506,628,491,506,522,628,512,505,0,499
35207,519,629,491,504,504,629,491,504,524,629,512,507,0,499
35217,520,631,490,498,503,631,490,498,525,631,512,513,0,499
35227,520,632,490,493,503,632,490,493,525,632,512,518,0,499
35237,519,632,490,489,504,632,490,489,524,632,512,522,0,499
35247,516,630,489,489,507,630,489,489,521,630,511,522,0,499
37556,514,630,489,492,509,630,489,492,519,630,511,512,0,499
37559,513,511,377,497,510,511,377,497,518,507,398,512,0,499
37560,514,511,375,495,509,511,375,495,519,507,396,512,0,499
37567,514,510,375,494,509,510,375,494,519,506,396,512,0,499
37577,513,509,375,495,510,509,375,495,518,505,396,512,0,499
37587,512,508,375,497,511,508,375,497,517,504,396,512,0,499
37597,511,507,375,499,512,507,375,499,516,503,396,512,0,499
37607,512,507,375,501,511,507,375,501,517,503,396,512,0,499
37617,513,508,374,502,510,508,374,502,518,504,395,512,0,499
37627,515,511,374,500,508,511,374,500,520,507,395,512,0,499
37637,517,514,373,496,506,514,373,496,522,511,394,512,0,499
37647,518,516,373,490,505,516,373,490,523,512,394,512,0,499
37657,518,517,374,484,505,517,374,484,523,512,395,512,0,499
37667,517,516,376,480,506,516,376,480,522,512,397,512,0,499
37677,516,515,377,477,507,515,377,477,521,512,398,512,0,499
37687,515,514,378,475,508,514,378,475,520,511,399,512,0,499
37697,515,513,378,474,508,513,378,474,520,509,399,512,0,499
37707,514,511,377,472,509,511,377,472,519,507,398,512,0,499
37717,514,510,376,474,509,510,376,474,519,506,397,512,0,499
37727,513,509,376,477,510,509,376,477,518,505,397,512,0,499
37737,512,508,375,480,511,508,375,480,517,504,396,512,0,499
37747,511,508,376,482,512,508,376,482,516,504,397,512,0,499
37757,511,509,377,483,512,509,377,483,516,505,398,512,0,499
37767,510,511,378,482,513,511,378,482,514,507,399,512,0,499
37777,511,514,379,479,512,514,379,479,516,511,399,512,0,499
37787,512,515,380,474,511,515,380,474,517,512,401,512,0,499
37797,511,516,380,469,512,516,380,469,516,512,401,512,0,499
37807,511,515,379,466,512,515,379,466,516,512,399,512,0,499
37817,510,513,380,465,513,513,380,465,514,509,401,512,0,499
37827,509,510,381,465,514,510,381,465,513,506,402,512,0,499
37837,507,509,382,467,516,509,382,467,512,505,403,512,0,499
37847,506,508,383,470,517,508,383,470,512,504,404,512,0,499
37857,505,509,385,472,518,509,385,472,511,505,406,539,0,499
37867,506,511,385,472,517,511,385,472,512,507,406,539,0,499
37877,507,513,384,469,516,513,384,469,512,509,405,542,0,499
37887,508,513,382,468,515,513,382,468,512,509,403,543,0,499
37897,509,512,380,467,514,512,380,467,513,508,401,544,0,499
37907,511,513,379,467,512,513,379,467,516,509,399,544,0,499
37917,512,514,377,466,511,514,377,466,517,511,398,545,0,499
37927,515,517,376,462,508,517,376,462,520,512,397,549,0,499
37937,516,519,376,456,507,519,376,456,521,515,397,555,0,499
37947,516,520,375,450,507,520,375,450,521,516,396,561,0,499
37957,515,518,374,446,508,518,374,446,520,513,395,565,0,499
37967,513,515,375,446,510,515,375,446,518,512,396,565,0,499
37977,512,512,375,450,511,512,375,450,517,508,396,561,0,499
37987,511,510,376,455,512,510,376,455,516,506,397,556,0,499
37997,511,509,377,459,512,509,377,459,516,505,398,552,0,499
38007,511,511,378,459,512,511,378,459,516,507,399,552,0,499
38017,514,513,380,455,509,513,380,455,519,509,401,556,0,499
38027,514,513,380,451,509,513,380,451,519,509,401,560,0,499
38037,513,508,378,454,510,508,378,454,518,504,399,557,0,499
38047,513,507,374,456,510,507,374,456,518,503,395,555,0,499
38057,515,514,377,453,508,514,377,453,520,511,398,558,0,499
38067,521,530,389,424,502,530,389,424,526,526,410,587,0,499
38077,524,526,376,414,499,526,376,414,529,522,397,597,0,499
38087,524,517,360,413,499,517,360,413,529,512,380,598,0,499
38097,522,513,356,415,501,513,356,415,527,509,376,596,0,499
38107,523,516,363,410,500,516,363,410,528,512,383,601,0,499
38117,524,524,373,398,499,524,373,398,529,520,394,613,0,499
38127,523,527,382,384,500,527,382,384,528,523,403,627,0,499
38137,520,527,389,374,503,527,389,374,525,523,410,637,0,499
38147,515,524,391,369,508,524,391,369,520,520,412,642,0,499
38157,511,519,386,372,512,519,386,372,516,515,407,639,0,499
38167,510,513,377,375,513,513,377,375,514,509,398,636,0,499
38177,510,509,373,379,513,509,373,379,514,505,394,632,0,499
38187,508,505,373,384,515,505,373,384,512,501,394,627,0,499
38197,510,507,377,384,513,507,377,384,514,503,398,627,0,499
38207,512,515,379,374,511,515,379,374,517,512,399,637,0,499
38217,512,524,378,359,511,524,378,359,517,520,399,652,0,499
38227,511,528,377,345,512,528,377,345,516,524,398,666,0,499
38237,509,527,377,335,514,527,377,335,513,523,398,676,0,499
38247,511,528,376,324,512,528,376,324,516,524,397,687,0,499
38257,514,528,374,315,509,528,374,315,519,524,395,696,0,499
38267,512,520,375,320,511,520,375,320,517,516,396,691,0,499
38277,510,510,378,339,513,510,378,339,514,506,399,672,0,499
38287,514,511,381,353,509,511,381,353,519,507,402,658,0,499
38297,515,514,383,361,508,514,383,361,520,511,404,650,0,499
38307,512,516,382,369,511,516,382,369,517,512,403,642,0,499
38317,510,520,378,375,513,520,378,375,514,516,399,636,0,499
38327,509,525,374,374,514,525,374,374,513,521,395,637,0,499
38337,511,528,373,366,512,528,373,366,516,524,394,645,0,499
38347,511,523,376,365,512,523,376,365,516,519,397,646,0,499
38357,512,517,381,375,511,517,381,375,517,512,402,636,0,499
38367,517,518,383,381,506,518,383,381,522,513,404,630,0,499
38377,518,520,386,384,505,520,386,384,523,516,407,627,0,499
38387,516,520,389,391,507,520,389,391,521,516,410,620,0,499
38397,512,522,386,398,511,522,386,398,517,518,407,613,0,499
38407,509,524,379,402,514,524,379,402,513,520,399,609,0,499
38417,509,525,373,401,514,525,373,401,513,521,394,610,0,499
38427,510,522,370,401,513,522,370,401,514,518,390,610,0,499
38437,515,519,371,402,508,519,371,402,520,515,391,609,0,499
38447,520,517,374,404,503,517,374,404,525,512,395,607,0,499
38457,522,516,378,403,501,516,378,403,527,512,399,608,0,499
38467,522,518,382,398,501,518,382,398,527,513,403,613,0,499
38477,517,520,384,391,506,520,384,391,522,516,405,620,0,499
38487,511,522,382,386,512,522,382,386,516,518,403,625,0,499
38497,509,524,375,382,514,524,375,382,513,520,396,629,0,499
38507,509,525,372,380,514,525,372,380,513,521,392,631,0,499
38517,508,524,373,382,515,524,373,382,512,520,394,629,0,499
38527,511,522,378,385,512,522,378,385,516,518,399,626,0,499
38537,515,520,382,389,508,520,382,389,520,516,403,622,0,499
38547,518,518,385,392,505,518,385,392,523,513,406,619,0,499
38557,518,518,382,390,505,518,382,390,523,513,403,621,0,499
38567,513,520,373,385,510,520,373,385,518,516,394,626,0,499
38577,508,524,362,378,515,524,362,378,512,520,382,633,0,499
38587,505,526,357,375,518,526,357,375,511,522,377,636,0,499
38597,508,527,361,373,515,527,361,373,512,523,381,638,0,499
38607,510,524,369,380,513,524,369,380,514,520,389,631,0,499
38617,512,522,379,391,511,522,379,391,517,518,399,620,0,499
38627,513,523,390,397,510,523,390,397,518,519,411,614,0,499
38637,511,522,395,401,512,522,395,401,516,518,416,610,0,499
38647,510,523,391,400,513,523,391,400,514,519,412,611,0,499
38657,509,523,382,396,514,523,382,396,513,519,403,615,0,499
38667,510,524,374,394,513,524,374,394,514,520,395,617,0,499
38677,513,526,372,392,510,526,372,392,518,522,392,619,0,499
38687,511,525,373,396,512,525,373,396,516,521,394,615,0,499
38697,509,522,375,408,514,522,375,408,513,518,396,603,0,499
38707,508,523,378,420,515,523,378,420,512,519,399,591,0,499
38717,508,524,381,427,515,524,381,427,512,520,402,584,0,499
38727,506,524,382,426,517,524,382,426,512,520,403,585,0,499
38737,506,524,376,422,517,524,376,422,512,520,397,589,0,499
38747,508,525,366,417,515,525,366,417,512,521,386,594,0,499
38757,513,527,360,411,510,527,360,411,518,523,380,600,0,499
38767,516,525,359,414,507,525,359,414,521,521,379,597,0,499
38777,519,521,361,424,504,521,361,424,524,517,381,587,0,499
38787,518,523,370,430,505,523,370,430,523,519,390,581,0,499
38797,514,526,379,433,509,526,379,433,519,522,399,578,0,499
38807,511,526,383,435,512,526,383,435,516,522,404,576,0,499
38817,508,525,381,434,515,525,381,434,512,521,402,577,0,499
38827,505,525,378,432,518,525,378,432,511,521,399,579,0,499
38837,504,525,375,428,519,525,375,428,510,521,396,583,0,499
38847,503,524,372,423,520,524,372,423,508,520,392,588,0,499
38857,504,523,370,421,519,523,370,421,510,519,390,590,0,499
38867,505,523,372,422,518,523,372,422,511,519,392,589,0,499
38877,508,523,379,423,515,523,379,423,512,519,399,588,0,499
38887,509,523,384,426,514,523,384,426,513,519,405,585,0,499
38897,511,524,388,428,512,524,388,428,516,520,409,583,0,499
38907,509,525,388,428,514,525,388,428,513,521,409,583,0,499
38917,506,526,385,426,517,526,385,426,512,522,406,585,0,499
38927,504,526,381,423,519,526,381,423,510,522,402,588,0,499
38937,502,524,381,418,521,524,381,418,507,520,402,593,0,499
38947,502,522,384,415,521,522,384,415,507,518,405,596,0,499
38957,504,519,387,418,519,519,387,418,510,515,408,593,0,499
38967,505,518,389,422,518,518,389,422,511,513,410,589,0,499
38977,506,518,389,425,517,518,389,425,512,513,410,586,0,499
38987,506,519,383,426,517,519,383,426,512,515,404,585,0,499
38997,506,520,374,424,517,520,374,424,512,516,395,587,0,499
39007,505,522,368,418,518,522,368,418,511,518,388,593,0,499
39017,505,523,367,413,518,523,367,413,511,519,387,598,0,499
39027,506,522,369,408,517,522,369,408,512,518,389,603,0,499
39037,507,523,374,409,516,523,374,409,512,519,395,602,0,499
39047,509,523,379,415,514,523,379,415,513,519,399,596,0,499
39057,511,522,383,422,512,522,383,422,516,518,404,589,0,499
39067,511,522,384,428,512,522,384,428,516,518,405,583,0,499
39077,508,522,385,434,515,522,385,434,512,518,406,577,0,499
39087,504,523,383,438,519,523,383,438,510,519,404,573,0,499
39097,500,524,376,439,523,524,376,439,505,520,397,572,0,499
39107,500,524,370,441,523,524,370,441,505,520,390,570,0,499
39117,502,524,366,446,521,524,366,446,507,520,386,565,0,499
39127,504,523,367,450,519,523,367,450,510,519,387,561,0,499
39137,507,521,372,451,516,521,372,451,512,517,392,560,0,499
39147,510,519,378,455,513,519,378,455,514,515,399,556,0,499
39157,510,518,380,461,513,518,380,461,514,513,401,550,0,499
39167,507,520,378,466,516,520,378,466,512,516,399,545,0,499
39177,505,522,374,468,518,522,374,468,511,518,395,543,0,499
39187,504,522,375,467,519,522,375,467,510,518,396,544,0,499
39197,505,521,376,469,518,521,376,469,511,517,397,542,0,499
39207,504,520,377,470,519,520,377,470,510,516,398,541,0,499
39217,504,519,379,472,519,519,379,472,510,515,399,539,0,499
39227,504,518,382,476,519,518,382,476,510,513,403,535,0,499
39237,504,516,384,480,519,516,384,480,510,512,405,531,0,499
39247,504,517,385,483,519,517,385,483,510,512,406,528,0,499
39257,505,518,384,483,518,518,384,483,511,513,405,528,0,499
39267,506,520,380,480,517,520,380,480,512,516,401,531,0,499
39277,507,522,376,476,516,522,376,476,512,518,397,535,0,499
39287,507,523,373,470,516,523,373,470,512,519,394,541,0,499
39297,509,523,372,467,514,523,372,467,513,519,392,544,0,499
39307,511,521,375,465,512,521,375,465,516,517,396,546,0,499
39317,512,520,377,464,511,520,377,464,517,516,398,547,0,499
39327,511,520,376,462,512,520,376,462,516,516,397,549,0,499
39337,509,519,375,462,514,519,375,462,513,515,396,549,0,499
39347,507,520,375,464,516,520,375,464,512,516,396,547,0,499
39357,505,521,375,468,518,521,375,468,511,517,396,543,0,499
39367,504,521,375,475,519,521,375,475,510,517,396,536,0,499
39377,505,521,377,483,518,521,377,483,511,517,398,528,0,499
39387,505,520,380,489,518,520,380,489,511,516,401,522,0,499
39397,506,519,381,493,517,519,381,493,512,515,402,518,0,499
39407,506,519,381,495,517,519,381,495,512,515,402,516,0,499
39417,506,519,379,494,517,519,379,494,512,515,399,517,0,499
39427,507,521,378,494,516,521,378,494,512,517,399,517,0,499
39437,507,522,377,498,516,522,377,498,512,518,398,513,0,499
39447,507,522,375,503,516,522,375,503,512,518,396,508,0,499
39457,507,522,375,508,516,522,375,508,512,518,396,503,0,499
39467,506,520,376,515,517,520,376,515,512,516,397,496,0,499
39477,505,518,378,519,518,518,378,519,511,513,399,492,0,499
39487,504,516,379,524,519,516,379,524,510,512,399,487,0,499
39497,504,517,379,531,519,517,379,531,510,512,399,480,0,499
39507,503,517,378,536,520,517,378,536,508,512,399,475,0,499
39517,505,518,377,537,518,518,377,537,511,513,398,474,0,499
39527,506,519,373,537,517,519,373,537,512,515,394,474,0,499
39537,507,520,370,536,516,520,370,536,512,516,390,475,0,499
39547,509,520,370,542,514,520,370,542,513,516,390,469,0,499
39557,511,519,369,548,512,519,369,548,516,515,389,463,0,499
39567,512,517,370,551,511,517,370,551,517,512,390,460,0,499
39577,513,516,373,550,510,516,373,550,518,512,394,461,0,499
39587,513,515,376,547,510,515,376,547,518,512,397,464,0,499
39597,511,515,378,544,512,515,378,544,516,512,399,467,0,499
39607,509,516,379,541,514,516,379,541,513,512,399,470,0,499
39617,507,518,378,540,516,518,378,540,512,513,399,471,0,499
39627,506,521,376,540,517,521,376,540,512,517,397,471,0,499
39637,504,522,376,543,519,522,376,543,510,518,397,468,0,499
39647,504,525,378,549,519,525,378,549,510,521,399,462,0,499
39657,503,525,382,556,520,525,382,556,508,521,403,455,0,499
39667,503,525,386,560,520,525,386,560,508,521,407,451,0,499
39677,504,523,387,565,519,523,387,565,510,519,408,446,0,499
39687,504,522,385,567,519,522,385,567,510,518,406,444,0,499
39697,505,522,380,570,518,522,380,570,511,518,401,441,0,499
39707,504,522,376,571,519,522,376,571,510,518,397,440,0,499
39717,503,522,372,570,520,522,372,570,508,518,392,441,0,499
39727,503,522,371,571,520,522,371,571,508,518,391,440,0,499
39737,504,522,374,571,519,522,374,571,510,518,395,440,0,499
39747,504,521,378,570,519,521,378,570,510,517,399,441,0,499
39757,505,520,382,570,518,520,382,570,511,516,403,441,0,499
39767,505,520,385,571,518,520,385,571,511,516,406,440,0,499
39777,504,522,382,570,519,522,382,570,510,518,403,441,0,499
39787,502,523,379,572,521,523,379,572,507,519,399,439,0,499
39797,502,526,377,574,521,526,377,574,507,522,398,437,0,499
39807,503,527,375,575,520,527,375,575,508,523,396,436,0,499
39817,505,526,378,576,518,526,378,576,511,522,399,435,0,499
39827,506,526,383,577,517,526,383,577,512,522,404,434,0,499
39837,506,526,388,578,517,526,388,578,512,522,409,433,0,499
39847,506,524,391,578,517,524,391,578,512,520,412,433,0,499
39857,505,525,389,578,518,525,389,578,511,521,410,433,0,499
39867,503,524,384,579,520,524,384,579,508,520,405,432,0,499
39877,502,525,378,582,521,525,378,582,507,521,399,429,0,499
39887,501,525,375,586,522,525,375,586,506,521,396,425,0,499
39897,501,526,374,592,522,526,374,592,506,522,395,419,0,499
39907,503,526,376,599,520,526,376,599,508,522,397,412,0,499
39917,505,526,379,605,518,526,379,605,511,522,399,406,0,499
39927,507,526,382,610,516,526,382,610,512,522,403,401,0,499
39937,508,526,386,615,515,526,386,615,512,522,407,396,0,499
39947,508,526,383,619,515,526,383,619,512,522,404,392,0,499
39957,506,526,379,621,517,526,379,621,512,522,399,390,0,499
39967,504,526,375,622,519,526,375,622,510,522,396,389,0,499
39977,503,527,374,621,520,527,374,621,508,523,395,390,0,499
39987,504,526,374,619,519,526,374,619,510,522,395,392,0,499
39997,507,524,376,617,516,524,376,617,512,520,397,394,0,499
40007,510,525,377,614,513,525,377,614,514,521,398,397,0,499
40017,510,525,376,609,513,525,376,609,514,521,397,402,0,499
40027,509,527,375,602,514,527,375,602,513,523,396,409,0,499
40037,508,527,374,595,515,527,374,595,512,523,395,416,0,499
40047,508,527,373,589,515,527,373,589,512,523,394,422,0,499
40057,509,526,376,586,514,526,376,586,513,522,397,425,0,499
40067,511,525,378,585,512,525,378,585,516,521,399,426,0,499
40077,511,524,380,583,512,524,380,583,516,520,401,428,0,499
40087,511,526,381,578,512,526,381,578,516,522,402,433,0,499
40097,510,527,380,573,513,527,380,573,514,523,401,438,0,499
40107,510,528,376,569,513,528,376,569,514,524,397,442,0,499
40117,510,528,375,571,513,528,375,571,514,524,396,440,0,499
40127,512,527,373,579,511,527,373,579,517,523,394,432,0,499
40137,512,526,372,588,511,526,372,588,517,522,392,423,0,499
40147,513,525,374,595,510,525,374,595,518,521,395,416,0,499
40157,514,525,375,600,509,525,375,600,519,521,396,411,0,499
40167,514,524,376,602,509,524,376,602,519,520,397,409,0,499
40177,514,524,376,605,509,524,376,605,519,520,397,406,0,499
40187,513,525,374,607,510,525,374,607,518,521,395,404,0,499
40197,511,525,371,609,512,525,371,609,516,521,391,402,0,499
40207,511,525,370,612,512,525,370,612,516,521,390,399,0,499
40217,511,525,371,615,512,525,371,615,516,521,391,396,0,499
40227,511,524,371,616,512,524,371,616,516,520,391,395,0,499
40237,510,524,373,616,513,524,373,616,514,520,394,395,0,499
40247,509,525,377,613,514,525,377,613,513,521,398,398,0,499
40257,510,525,379,611,513,525,379,611,514,521,399,400,0,499
40267,511,525,380,608,512,525,380,608,516,521,401,403,0,499
40277,511,525,379,605,512,525,379,605,516,521,399,406,0,499
40287,512,524,378,607,511,524,378,607,517,520,399,404,0,499
40297,515,522,377,612,508,522,377,612,520,518,398,399,0,499
40307,517,521,379,621,506,521,379,621,522,517,399,390,0,499
40317,519,520,380,631,504,520,380,631,524,516,401,380,0,499
40327,519,519,382,638,504,519,382,638,524,515,403,373,0,499
40337,517,520,384,641,506,520,384,641,522,516,405,370,0,499
40347,514,521,384,639,509,521,384,639,519,517,405,372,0,499
40357,511,523,381,633,512,523,381,633,516,519,402,378,0,499
40367,509,524,374,627,514,524,374,627,513,520,395,384,0,499
40377,509,524,372,624,514,524,372,624,513,520,392,387,0,499
40387,512,522,376,624,511,522,376,624,517,518,397,387,0,499
40397,516,517,383,629,507,517,383,629,521,512,404,382,0,499
40407,520,516,387,632,503,516,387,632,525,512,408,379,0,499
40417,522,518,390,631,501,518,390,631,527,513,411,380,0,499
40427,521,519,387,629,502,519,387,629,526,515,408,382,0,499
40437,519,520,381,623,504,520,381,623,524,516,402,388,0,499
40447,515,520,373,618,508,520,373,618,520,516,394,393,0,499
40457,514,520,369,615,509,520,369,615,519,516,389,396,0,499
40467,515,517,369,614,508,517,369,614,520,512,389,397,0,499
40477,518,515,372,616,505,515,372,616,523,512,392,395,0,499
40487,520,516,377,617,503,516,377,617,525,512,398,394,0,499
40497,521,517,382,614,502,517,382,614,526,512,403,397,0,499
40507,522,518,386,610,501,518,386,610,527,513,407,401,0,499
40517,520,519,385,605,503,519,385,605,525,515,406,406,0,499
40527,518,517,382,602,505,517,382,602,523,512,403,409,0,499
40537,516,514,377,604,507,514,377,604,521,511,398,407,0,499
40547,517,511,371,609,506,511,371,609,522,507,391,402,0,499
40557,519,509,371,614,504,509,371,614,524,505,391,397,0,499
40567,522,510,377,615,501,510,377,615,527,506,398,396,0,499
40577,523,512,383,612,500,512,383,612,528,508,404,399,0,499
40587,522,514,383,606,501,514,383,606,527,511,404,405,0,499
40597,521,517,382,600,502,517,382,600,526,512,403,411,0,499
40607,519,518,379,595,504,518,379,595,524,513,399,416,0,499
40617,517,516,375,591,506,516,375,591,522,512,396,420,0,499
40627,517,514,370,592,506,514,370,592,522,511,390,419,0,499
40637,519,512,367,595,504,512,367,595,524,508,387,416,0,499
40647,522,510,369,598,501,510,369,598,527,506,389,413,0,499
40657,525,510,374,602,498,510,374,602,530,506,395,409,0,499
40667,527,512,379,601,496,512,379,601,532,508,399,410,0,499
40677,526,514,381,597,497,514,381,597,531,511,402,414,0,499
40687,523,516,384,590,500,516,384,590,528,512,405,421,0,499
40697,520,519,383,582,503,519,383,582,525,515,404,429,0,499
40707,516,518,380,575,507,518,380,575,521,513,401,436,0,499
40717,515,514,373,574,508,514,373,574,520,511,394,437,0,499
40727,516,509,367,578,507,509,367,578,521,505,387,433,0,499
40737,519,506,365,583,504,506,365,583,524,502,385,428,0,499
40747,523,506,372,585,500,506,372,585,528,502,392,426,0,499
40757,525,509,380,581,498,509,380,581,530,505,401,430,0,499
40767,524,511,384,574,499,511,384,574,529,507,405,437,0,499
40777,520,515,385,565,503,515,385,565,525,512,406,446,0,499
40787,519,517,384,555,504,517,384,555,524,512,405,456,0,499
40797,517,518,382,548,506,518,382,548,522,513,403,463,0,499
40807,516,517,379,545,507,517,379,545,521,512,399,466,0,499
40817,516,515,374,545,507,515,374,545,521,512,395,466,0,499
40827,518,512,370,548,505,512,370,548,523,508,390,463,0,499
40837,522,511,371,550,501,511,371,550,527,507,391,461,0,499
40847,524,511,375,552,499,511,375,552,529,507,396,459,0,499
40857,526,510,380,552,497,510,380,552,531,506,401,459,0,499
40867,528,510,384,554,495,510,384,554,533,506,405,457,0,499
40877,527,511,387,555,496,511,387,555,532,507,408,456,0,499
40887,526,512,388,556,497,512,388,556,531,508,409,455,0,499
40897,522,512,386,557,501,512,386,557,527,508,407,454,0,499
40907,520,512,381,561,503,512,381,561,525,508,402,450,0,499
40917,520,510,375,562,503,510,375,562,525,506,396,449,0,499
40927,522,510,373,561,501,510,373,561,527,506,394,450,0,499
40937,525,512,374,556,498,512,374,556,530,508,395,455,0,499
40947,526,516,375,546,497,516,375,546,531,512,396,465,0,499
40957,526,519,378,532,497,519,378,532,531,515,399,479,0,499
40967,525,523,381,517,498,523,381,517,530,519,402,494,0,499
40977,522,524,382,502,501,524,382,502,527,520,403,509,0,499
40987,519,523,382,492,504,523,382,492,524,519,403,519,0,499
40997,518,520,379,485,505,520,379,485,523,516,399,526,0,499
41007,517,516,376,482,506,516,376,482,522,512,397,529,0,499
41017,519,512,373,482,504,512,373,482,524,508,394,529,0,499
41027,521,510,372,482,502,510,372,482,526,506,392,529,0,499
41037,522,509,373,482,501,509,373,482,527,505,394,529,0,499
41047,523,509,374,482,500,509,374,482,528,505,395,529,0,499
41057,523,510,375,481,500,510,375,481,528,506,396,530,0,499
41067,522,511,378,480,501,511,378,480,527,507,399,531,0,499
41077,522,511,379,478,501,511,379,478,527,507,399,533,0,499
41087,521,511,379,478,502,511,379,478,526,507,399,533,0,499
41097,519,509,378,480,504,509,378,480,524,505,399,531,0,499
41107,519,507,376,484,504,507,376,484,524,503,397,527,0,499
41117,520,505,374,489,503,505,374,489,525,501,395,522,0,499
41127,522,505,372,494,501,505,372,494,527,501,392,517,0,499
41137,523,506,373,498,500,506,373,498,528,502,394,513,0,499
41147,524,509,375,497,499,509,375,497,529,505,396,514,0,499
41157,524,511,377,494,499,511,377,494,529,507,398,517,0,499
41167,522,514,378,490,501,514,378,490,527,511,399,521,0,499
41177,521,514,379,487,502,514,379,487,526,511,399,524,0,499
41187,519,514,377,485,504,514,377,485,524,511,398,526,0,499
41197,518,512,375,486,505,512,375,486,523,508,396,525,0,499
41207,518,509,374,490,505,509,374,490,523,505,395,521,0,499
41217,519,508,374,494,504,508,374,494,524,504,395,517,0,499
41227,521,506,375,499,502,506,375,499,526,502,396,512,0,499
41237,523,507,377,503,500,507,377,503,528,503,398,508,0,499
41247,523,509,380,503,500,509,380,503,528,505,401,508,0,499
41257,523,512,382,502,500,512,382,502,528,508,403,509,0,499
41267,521,513,384,499,502,513,384,499,526,509,405,512,0,499
41277,519,514,383,498,504,514,383,498,524,511,404,513,0,499
41287,517,514,380,498,506,514,380,498,522,511,401,513,0,499
41297,516,513,377,500,507,513,377,500,521,509,398,511,0,499
41307,516,512,375,502,507,512,375,502,521,508,396,509,0,499
41317,518,511,375,504,505,511,375,504,523,507,396,507,0,499
41327,519,511,376,505,504,511,376,505,524,507,397,506,0,499
41337,520,511,376,505,503,511,376,505,525,507,397,506,0,499
41347,520,513,376,503,503,513,376,503,525,509,397,508,0,499
41357,520,515,378,500,503,515,378,500,525,512,399,511,0,499
41367,519,515,380,496,504,515,380,496,524,512,401,515,0,499
41377,518,515,380,494,505,515,380,494,523,512,401,517,0,499
41387,517,515,378,493,506,515,378,493,522,512,399,518,0,499
41397,516,514,376,492,507,514,376,492,521,511,397,519,0,499
41407,516,513,376,493,507,513,376,493,521,509,397,518,0,499
41417,517,512,376,495,506,512,376,495,522,508,397,516,0,499
41427,518,511,376,496,505,511,376,496,523,507,397,515,0,499
41437,519,511,378,498,504,511,378,498,524,507,399,513,0,499
41447,520,512,380,498,503,512,380,498,525,508,401,513,0,499
41457,519,512,382,497,504,512,382,497,524,508,403,514,0,499
41467,519,514,383,496,504,514,383,496,524,511,404,515,0,499
41477,518,515,381,495,505,515,381,495,523,512,402,516,0,499
41487,517,514,379,495,506,514,379,495,522,511,399,516,0,499
41497,518,513,378,496,505,513,378,496,523,509,399,515,0,499
41507,517,512,377,499,506,512,377,499,522,508,398,512,0,499
41517,518,512,376,500,505,512,376,500,523,508,397,511,0,499
41527,518,512,376,501,505,512,376,501,523,508,397,510,0,499
41537,519,513,378,500,504,513,378,500,524,509,399,511,0,499
41547,518,513,379,498,505,513,379,498,523,509,399,513,0,499
41557,518,514,380,496,505,514,380,496,523,511,401,515,0,499
41567,517,515,380,493,506,515,380,493,522,512,401,518,0,499
41577,516,516,379,490,507,516,379,490,521,512,399,521,0,499
41587,516,515,378,488,507,515,378,488,521,512,399,523,0,499
41597,517,515,377,489,506,515,377,489,522,512,398,522,0,499
41607,517,514,376,489,506,514,376,489,522,511,397,522,0,499
41617,518,513,377,491,505,513,377,491,523,509,398,520,0,499
41627,519,513,377,493,504,513,377,493,524,509,398,518,0,499
41637,519,512,378,494,504,512,378,494,524,508,399,517,0,499
41647,520,512,378,496,503,512,378,496,525,508,399,515,0,499
41657,520,512,378,497,503,512,378,497,525,508,399,514,0,499
41667,518,512,377,497,505,512,377,497,523,508,398,514,0,499
41677,518,513,377,497,505,513,377,497,523,509,398,514,0,499
41687,517,513,376,497,506,513,376,497,522,509,397,514,0,499
41697,517,512,375,499,506,512,375,499,522,508,396,512,0,499
41707,518,512,375,501,505,512,375,501,523,508,396,510,0,499
41717,520,512,375,503,503,512,375,503,525,508,396,508,0,499
41727,521,512,377,505,502,512,377,505,526,508,398,506,0,499
41737,522,513,379,506,501,513,379,506,527,509,399,505,0,499
41747,522,513,380,507,501,513,380,507,527,509,401,504,0,499
41757,521,514,380,506,502,514,380,506,526,511,401,505,0,499
41767,520,515,379,506,503,515,379,506,525,512,399,505,0,499
41777,519,515,377,505,504,515,377,505,524,512,398,506,0,499
41787,518,515,377,504,505,515,377,504,523,512,398,507,0,499
41797,518,514,376,504,505,514,376,504,523,511,397,507,0,499
41807,519,514,376,504,504,514,376,504,524,511,397,507,0,499
41817,520,513,375,505,503,513,375,505,525,509,396,506,0,499
41827,520,513,376,505,503,513,376,505,525,509,397,506,0,499
41837,521,513,378,504,502,513,378,504,526,509,399,507,0,499
41847,520,514,379,503,503,514,379,503,525,511,399,508,0,499
41857,520,515,380,502,503,515,380,502,525,512,401,509,0,499
41867,519,515,379,501,504,515,379,501,524,512,399,510,0,499
41877,519,514,378,501,504,514,378,501,524,511,399,510,0,499
41887,519,514,376,502,504,514,376,502,524,511,397,509,0,499
41897,520,513,376,503,503,513,376,503,525,509,397,508,0,499
41907,520,513,376,504,503,513,376,504,525,509,397,507,0,499
41917,520,513,377,506,503,513,377,506,525,509,398,505,0,499
41927,521,513,378,505,502,513,378,505,526,509,399,506,0,499
41937,521,514,378,503,502,514,378,503,526,511,399,508,0,499
41947,520,514,378,502,503,514,378,502,525,511,399,509,0,499
41957,520,515,378,499,503,515,378,499,525,512,399,512,0,499
41967,519,514,378,497,504,514,378,497,524,511,399,514,0,499
41977,519,514,377,497,504,514,377,497,524,511,398,514,0,499
41987,519,513,377,497,504,513,377,497,524,509,398,514,0,499
41997,520,513,377,498,503,513,377,498,525,509,398,513,0,499
42007,520,513,378,499,503,513,378,499,525,509,399,512,0,499
42017,521,513,378,500,502,513,378,500,526,509,399,511,0,499
42027,521,514,379,500,502,514,379,500,526,511,399,511,0,499
42037,521,514,380,498,502,514,380,498,526,511,401,513,0,499
42047,520,515,380,496,503,515,380,496,525,512,401,515,0,499
42057,519,516,380,494,504,516,380,494,524,512,401,517,0,499
42067,518,515,379,493,505,515,379,493,523,512,399,518,0,499
42077,517,515,378,493,506,515,378,493,522,512,399,518,0,499
42087,518,513,378,495,505,513,378,495,523,509,399,516,0,499
42097,518,513,378,498,505,513,378,498,523,509,399,513,0,499
42107,520,513,378,501,503,513,378,501,525,509,399,510,0,499
42117,520,513,379,502,503,513,379,502,525,509,399,509,0,499
42127,521,514,379,503,502,514,379,503,526,511,399,508,0,499
42137,521,514,380,503,502,514,380,503,526,511,401,508,0,499
42147,520,515,380,501,503,515,380,501,525,512,401,510,0,499
42157,519,515,380,499,504,515,380,499,524,512,401,512,0,499
42167,518,515,378,497,505,515,378,497,523,512,399,514,0,499
42177,518,514,376,497,505,514,376,497,523,511,397,514,0,499
42187,518,514,375,498,505,514,375,498,523,511,396,513,0,499
42197,520,513,375,500,503,513,375,500,525,509,396,511,0,499
42207,520,512,375,502,503,512,375,502,525,508,396,509,0,499
42217,522,514,377,503,501,514,377,503,527,511,398,508,0,499
42227,521,514,377,503,502,514,377,503,526,511,398,508,0,499
42237,521,515,378,501,502,515,378,501,526,512,399,510,0,499
42247,520,516,379,498,503,516,379,498,525,512,399,513,0,499
42257,520,516,380,495,503,516,380,495,525,512,401,516,0,499
42267,519,516,380,494,504,516,380,494,524,512,401,517,0,499
42277,519,514,378,494,504,514,378,494,524,511,399,517,0,499
42287,519,513,377,495,504,513,377,495,524,509,398,516,0,499
42297,519,513,378,495,504,513,378,495,524,509,399,516,0,499
42307,520,513,378,497,503,513,378,497,525,509,399,514,0,499
42317,521,513,379,497,502,513,379,497,526,509,399,514,0,499
42327,520,514,380,496,503,514,380,496,525,511,401,515,0,499
42337,520,515,380,496,503,515,380,496,525,512,401,515,0,499
42347,520,515,379,495,503,515,379,495,525,512,399,516,0,499
42357,519,514,377,494,504,514,377,494,524,511,398,517,0,499
42367,519,514,376,495,504,514,376,495,524,511,397,516,0,499
42377,520,513,375,495,503,513,375,495,525,509,396,516,0,499
42387,520,513,375,496,503,513,375,496,525,509,396,515,0,499
42397,521,513,376,497,502,513,376,497,526,509,397,514,0,499
42407,521,513,378,497,502,513,378,497,526,509,399,514,0,499
42417,520,514,380,497,503,514,380,497,525,511,401,514,0,499
42427,520,515,380,496,503,515,380,496,525,512,401,515,0,499
42437,519,515,380,495,504,515,380,495,524,512,401,516,0,499
42447,518,515,379,495,505,515,379,495,523,512,399,516,0,499
42457,518,514,377,496,505,514,377,496,523,511,398,515,0,499
42467,519,513,375,497,504,513,375,497,524,509,396,514,0,499
42477,521,512,374,499,502,512,374,499,526,508,395,512,0,499
42487,522,512,375,500,501,512,375,500,527,508,396,511,0,499
42497,522,513,377,501,501,513,377,501,527,509,398,510,0,499
42507,522,514,378,500,501,514,378,500,527,511,399,511,0,499
42517,522,515,379,499,501,515,379,499,527,512,399,512,0,499
42527,521,516,380,498,502,516,380,498,526,512,401,513,0,499
42537,519,516,380,496,504,516,380,496,524,512,401,515,0,499
42547,519,516,379,495,504,516,379,495,524,512,399,516,0,499
42557,518,515,377,495,505,515,377,495,523,512,398,516,0,499
