t_ms,rawX,rawY,rawZ,rawG,sixX,sixY,sixZ,sixG,calX,calY,calZ,calG,calByte,zeroRef
13192,494,475,396,482,529,475,396,482,509,493,409,511,1,507
13193,494,475,396,483,529,475,396,483,509,493,409,510,1,507
13195,494,474,396,482,529,474,396,482,509,492,409,511,1,507
13205,494,475,396,482,529,475,396,482,509,493,409,511,1,507
13215,494,474,396,482,529,474,396,482,509,492,409,511,1,507
13225,494,474,396,483,529,474,396,483,509,492,409,510,1,507
13235,494,474,396,483,529,474,396,483,509,492,409,510,1,507
13245,494,474,396,483,529,474,396,483,509,492,409,510,1,507
13255,494,474,396,482,529,474,396,482,509,492,409,511,1,507
13265,494,475,396,483,529,475,396,483,509,493,409,510,1,507
13275,494,475,396,482,529,475,396,482,509,493,409,511,1,507
13285,494,475,396,482,529,475,396,482,509,493,409,511,1,507
13295,494,475,396,482,529,475,396,482,509,493,409,511,1,507
13305,494,475,396,483,529,475,396,483,509,493,409,510,1,507
13315,494,474,396,483,529,474,396,483,509,492,409,510,1,507
13325,494,475,396,483,529,475,396,483,509,493,409,510,1,507
13335,494,474,396,483,529,474,396,483,509,492,409,510,1,507
13345,494,474,396,483,529,474,396,483,509,492,409,510,1,507
13355,494,475,396,483,529,475,396,483,509,493,409,510,1,507
13365,494,475,396,483,529,475,396,483,509,493,409,510,1,507
13375,494,475,396,483,529,475,396,483,509,493,409,510,1,507
13385,494,475,396,483,529,475,396,483,509,493,409,510,1,507
13395,494,475,396,483,529,475,396,483,509,493,409,510,1,507
13405,494,474,396,483,529,474,396,483,509,492,409,510,1,507
13415,494,474,396,483,529,474,396,483,509,492,409,510,1,507
13425,494,475,396,482,529,475,396,482,509,493,409,511,1,507
13435,494,474,396,483,529,474,396,483,509,492,409,510,1,507
13445,494,475,396,483,529,475,396,483,509,493,409,510,1,507
13455,494,475,396,483,529,475,396,483,509,493,409,510,1,507
13465,494,475,396,483,529,475,396,483,509,493,409,510,1,507
13475,494,475,396,482,529,475,396,482,509,493,409,511,1,507
13485,494,475,396,483,529,475,396,483,509,493,409,510,1,507
13495,494,475,396,483,529,475,396,483,509,493,409,510,1,507
13505,494,475,396,483,529,475,396,483,509,493,409,510,1,507
13515,494,475,396,483,529,475,396,483,509,493,409,510,1,507
13525,494,474,396,483,529,474,396,483,509,492,409,510,1,507
13535,494,474,396,483,529,474,396,483,509,492,409,510,1,507
13545,494,474,396,483,529,474,396,483,509,492,409,510,1,507
13555,494,474,396,483,529,474,396,483,509,492,409,510,1,507
13565,494,474,396,483,529,474,396,483,509,492,409,510,1,507
13575,494,474,396,482,529,474,396,482,509,492,409,511,1,507
13585,494,474,396,482,529,474,396,482,509,492,409,511,1,507
13595,494,475,396,482,529,475,396,482,509,493,409,511,1,507
13605,494,475,396,483,529,475,396,483,509,493,409,510,1,507
13615,494,475,396,483,529,475,396,483,509,493,409,510,1,507
13625,494,475,396,483,529,475,396,483,509,493,409,510,1,507
13635,494,475,396,483,529,475,396,483,509,493,409,510,1,507
13645,494,475,396,482,529,475,396,482,509,493,409,511,1,507
13655,494,474,396,483,529,474,396,483,509,492,409,510,1,507
13665,494,474,396,483,529,474,396,483,509,492,409,510,1,507
13675,494,474,396,483,529,474,396,483,509,492,409,510,1,507
13685,494,474,396,482,529,474,396,482,509,492,409,511,1,507
13695,494,475,396,483,529,475,396,483,509,493,409,510,1,507
13705,494,475,396,482,529,475,396,482,509,493,409,511,1,507
13715,494,475,396,483,529,475,396,483,509,493,409,510,1,507
13725,494,475,396,483,529,475,396,483,509,493,409,510,1,507
13735,494,475,396,483,529,475,396,483,509,493,409,510,1,507
13745,494,475,396,483,529,475,396,483,509,493,409,510,1,507
13755,494,475,396,483,529,475,396,483,509,493,409,510,1,507
13765,494,474,396,482,529,474,396,482,509,492,409,511,1,507
13775,494,474,396,483,529,474,396,483,509,492,409,510,1,507
13785,494,475,396,483,529,475,396,483,509,493,409,510,1,507
13795,494,474,396,482,529,474,396,482,509,492,409,511,1,507
13805,494,474,396,483,529,474,396,483,509,492,409,510,1,507
13815,494,474,396,482,529,474,396,482,509,492,409,511,1,507
13825,494,474,396,482,529,474,396,482,509,492,409,511,1,507
13835,494,475,396,482,529,475,396,482,509,493,409,511,1,507
13845,494,475,396,482,529,475,396,482,509,493,409,511,1,507
13855,494,474,396,483,529,474,396,483,509,492,409,510,1,507
13865,494,474,396,483,529,474,396,483,509,492,409,510,1,507
13875,494,474,396,483,529,474,396,483,509,492,409,510,1,507
13885,494,474,396,482,529,474,396,482,509,492,409,511,1,507
13895,494,474,396,483,529,474,396,483,509,492,409,510,1,507
13905,494,474,396,483,529,474,396,483,509,492,409,510,1,507
13915,494,475,396,482,529,475,396,482,509,493,409,511,1,507
13925,494,475,396,483,529,475,396,483,509,493,409,510,1,507
13935,494,475,396,483,529,475,396,483,509,493,409,510,1,507
13945,494,474,396,482,529,474,396,482,509,492,409,511,1,507
13955,494,474,396,483,529,474,396,483,509,492,409,510,1,507
13965,494,475,396,483,529,475,396,483,509,493,409,510,1,507
13975,494,474,396,482,529,474,396,482,509,492,409,511,1,507
13985,494,474,396,483,529,474,396,483,509,492,409,510,1,507
13995,494,474,396,483,529,474,396,483,509,492,409,510,1,507
14005,494,474,396,483,529,474,396,483,509,492,409,510,1,507
14015,494,475,396,483,529,475,396,483,509,493,409,510,1,507
14025,494,475,396,483,529,475,396,483,509,493,409,510,1,507
14035,494,475,396,483,529,475,396,483,509,493,409,510,1,507
14045,494,475,396,483,529,475,396,483,509,493,409,510,1,507
14055,494,475,396,483,529,475,396,483,509,493,409,510,1,507
14065,494,475,396,483,529,475,396,483,509,493,409,510,1,507
14075,494,474,396,483,529,474,396,483,509,492,409,510,1,507
14085,494,475,396,482,529,475,396,482,509,493,409,511,1,507
14095,494,474,396,483,529,474,396,483,509,492,409,510,1,507
14105,494,475,396,482,529,475,396,482,509,493,409,511,1,507
14115,494,474,396,483,529,474,396,483,509,492,409,510,1,507
14125,494,474,396,483,529,474,396,483,509,492,409,510,1,507
14135,494,474,396,483,529,474,396,483,509,492,409,510,1,507
14145,494,474,396,483,529,474,396,483,509,492,409,510,1,507
14155,494,474,396,482,529,474,396,482,509,492,409,511,1,507
14165,494,475,396,483,529,475,396,483,509,493,409,510,1,507
14175,494,475,396,483,529,475,396,483,509,493,409,510,1,507
14185,494,474,396,483,529,474,396,483,509,492,409,510,1,507
14195,494,475,396,482,529,475,396,482,509,493,409,511,1,507
14205,494,475,396,483,529,475,396,483,509,493,409,510,1,507
14215,494,474,396,483,529,474,396,483,509,492,409,510,1,507
14225,494,474,396,483,529,474,396,483,509,492,409,510,1,507
14235,494,475,396,483,529,475,396,483,509,493,409,510,1,507
14245,494,474,396,482,529,474,396,482,509,492,409,511,1,507
14255,494,475,396,482,529,475,396,482,509,493,409,511,1,507
14265,494,475,396,482,529,475,396,482,509,493,409,511,1,507
14275,494,474,396,483,529,474,396,483,509,492,409,510,1,507
14285,494,475,396,482,529,475,396,482,509,493,409,511,1,507
14295,494,475,396,483,529,475,396,483,509,493,409,510,1,507
14305,494,475,396,482,529,475,396,482,509,493,409,511,1,507
14315,494,475,396,482,529,475,396,482,509,493,409,511,1,507
14325,494,475,396,483,529,475,396,483,509,493,409,510,1,507
14335,494,475,396,483,529,475,396,483,509,493,409,510,1,507
14345,494,474,396,483,529,474,396,483,509,492,409,510,1,507
14355,494,475,396,483,529,475,396,483,509,493,409,510,1,507
14365,494,474,396,483,529,474,396,483,509,492,409,510,1,507
14375,494,474,396,483,529,474,396,483,509,492,409,510,1,507
14385,494,475,396,483,529,475,396,483,509,493,409,510,1,507
14395,494,474,396,482,529,474,396,482,509,492,409,511,1,507
14405,494,475,396,482,529,475,396,482,509,493,409,511,1,507
14415,494,475,396,482,529,475,396,482,509,493,409,511,1,507
14425,494,474,396,483,529,474,396,483,509,492,409,510,1,507
14435,494,474,396,483,529,474,396,483,509,492,409,510,1,507
14445,494,475,396,483,529,475,396,483,509,493,409,510,1,507
14455,494,475,396,482,529,475,396,482,509,493,409,511,1,507
14465,494,475,396,483,529,475,396,483,509,493,409,510,1,507
14475,494,475,396,483,529,475,396,483,509,493,409,510,1,507
14485,494,475,396,483,529,475,396,483,509,493,409,510,1,507
14495,494,475,396,483,529,475,396,483,509,493,409,510,1,507
14505,494,475,396,482,529,475,396,482,509,493,409,511,1,507
14515,494,475,396,483,529,475,396,483,509,493,409,510,1,507
14525,494,475,396,483,529,475,396,483,509,493,409,510,1,507
14535,494,475,396,482,529,475,396,482,509,493,409,511,1,507
14545,494,475,396,482,529,475,396,482,509,493,409,511,1,507
14555,494,474,396,483,529,474,396,483,509,492,409,510,1,507
14565,494,475,396,483,529,475,396,483,509,493,409,510,1,507
14575,494,474,396,483,529,474,396,483,509,492,409,510,1,507
14585,494,475,396,483,529,475,396,483,509,493,409,510,1,507
14595,494,475,396,483,529,475,396,483,509,493,409,510,1,507
14605,494,475,396,483,529,475,396,483,509,493,409,510,1,507
14615,494,475,396,483,529,475,396,483,509,493,409,510,1,507
14625,494,475,396,483,529,475,396,483,509,493,409,510,1,507
14635,494,475,396,483,529,475,396,483,509,493,409,510,1,507
14645,494,475,396,483,529,475,396,483,509,493,409,510,1,507
14655,494,475,396,483,529,475,396,483,509,493,409,510,1,507
14665,494,474,396,483,529,474,396,483,509,492,409,510,1,507
14675,494,474,396,483,529,474,396,483,509,492,409,510,1,507
14685,494,474,396,483,529,474,396,483,509,492,409,510,1,507
14695,494,474,396,483,529,474,396,483,509,492,409,510,1,507
14705,494,474,396,483,529,474,396,483,509,492,409,510,1,507
14715,494,475,396,483,529,475,396,483,509,493,409,510,1,507
14725,494,474,396,483,529,474,396,483,509,492,409,510,1,507
14735,494,475,396,482,529,475,396,482,509,493,409,511,1,507
14745,494,475,396,483,529,475,396,483,509,493,409,510,1,507
14755,494,474,396,483,529,474,396,483,509,492,409,510,1,507
14765,494,475,396,483,529,475,396,483,509,493,409,510,1,507
14775,494,475,396,483,529,475,396,483,509,493,409,510,1,507
14785,494,474,396,482,529,474,396,482,509,492,409,511,1,507
14795,494,474,396,483,529,474,396,483,509,492,409,510,1,507
14805,494,474,396,483,529,474,396,483,509,492,409,510,1,507
14815,494,474,396,483,529,474,396,483,509,492,409,510,1,507
14825,494,474,396,483,529,474,396,483,509,492,409,510,1,507
14835,494,475,396,483,529,475,396,483,509,493,409,510,1,507
14845,494,474,396,483,529,474,396,483,509,492,409,510,1,507
14855,494,475,396,483,529,475,396,483,509,493,409,510,1,507
14865,494,474,396,482,529,474,396,482,509,492,409,511,1,507
14875,494,474,396,482,529,474,396,482,509,492,409,511,1,507
14885,494,475,396,482,529,475,396,482,509,493,409,511,1,507
14895,494,475,396,483,529,475,396,483,509,493,409,510,1,507
14905,494,475,396,483,529,475,396,483,509,493,409,510,1,507
14915,494,474,396,483,529,474,396,483,509,492,409,510,1,507
14925,494,475,396,483,529,475,396,483,509,493,409,510,1,507
14935,494,474,396,483,529,474,396,483,509,492,409,510,1,507
14945,494,474,396,482,529,474,396,482,509,492,409,511,1,507
14955,494,475,396,483,529,475,396,483,509,493,409,510,1,507
14965,494,474,396,483,529,474,396,483,509,492,409,510,1,507
14975,494,474,396,483,529,474,396,483,509,492,409,510,1,507
14985,494,475,396,483,529,475,396,483,509,493,409,510,1,507
14995,494,474,396,482,529,474,396,482,509,492,409,511,1,507
15005,494,475,396,483,529,475,396,483,509,493,409,510,1,507
15015,494,475,396,483,529,475,396,483,509,493,409,510,1,507
15025,494,475,396,482,529,475,396,482,509,493,409,511,1,507
15035,494,475,396,483,529,475,396,483,509,493,409,510,1,507
15045,494,475,396,483,529,475,396,483,509,493,409,510,1,507
15055,494,475,396,483,529,475,396,483,509,493,409,510,1,507
15065,494,475,396,482,529,475,396,482,509,493,409,511,1,507
15075,494,475,396,483,529,475,396,483,509,493,409,510,1,507
15085,494,474,396,482,529,474,396,482,509,492,409,511,1,507
15095,494,475,396,482,529,475,396,482,509,493,409,511,1,507
15105,494,474,396,483,529,474,396,483,509,492,409,510,1,507
15115,494,474,396,483,529,474,396,483,509,492,409,510,1,507
15125,494,474,396,483,529,474,396,483,509,492,409,510,1,507
15135,494,474,396,483,529,474,396,483,509,492,409,510,1,507
15145,494,474,396,483,529,474,396,483,509,492,409,510,1,507
15155,494,475,396,483,529,475,396,483,509,493,409,510,1,507
15165,494,475,396,483,529,475,396,483,509,493,409,510,1,507
15175,494,474,396,482,529,474,396,482,509,492,409,511,1,507
15185,494,474,396,483,529,474,396,483,509,492,409,510,1,507
15195,494,475,396,483,529,475,396,483,509,493,409,510,1,507
15205,494,475,396,482,529,475,396,482,509,493,409,511,1,507
15215,494,474,396,483,529,474,396,483,509,492,409,510,1,507
15225,494,474,396,483,529,474,396,483,509,492,409,510,1,507
15235,494,474,396,483,529,474,396,483,509,492,409,510,1,507
15245,494,474,396,482,529,474,396,482,509,492,409,511,1,507
15255,494,474,396,483,529,474,396,483,509,492,409,510,1,507
15265,494,474,396,482,529,474,396,482,509,492,409,511,1,507
15275,494,474,396,483,529,474,396,483,509,492,409,510,1,507
15285,494,475,396,483,529,475,396,483,509,493,409,510,1,507
15295,494,474,396,483,529,474,396,483,509,492,409,510,1,507
15305,494,475,396,483,529,475,396,483,509,493,409,510,1,507
15315,494,475,396,483,529,475,396,483,509,493,409,510,1,507
15325,494,475,396,483,529,475,396,483,509,493,409,510,1,507
15335,494,475,396,483,529,475,396,483,509,493,409,510,1,507
15345,494,475,396,483,529,475,396,483,509,493,409,510,1,507
15355,494,474,396,482,529,474,396,482,509,492,409,511,1,507
15365,494,474,396,482,529,474,396,482,509,492,409,511,1,507
15375,494,474,396,483,529,474,396,483,509,492,409,510,1,507
15385,494,474,396,483,529,474,396,483,509,492,409,510,1,507
15395,494,474,396,483,529,474,396,483,509,492,409,510,1,507
15405,494,474,396,483,529,474,396,483,509,492,409,510,1,507
15415,494,474,396,483,529,474,396,483,509,492,409,510,1,507
15425,494,475,396,483,529,475,396,483,509,493,409,510,1,507
15435,494,475,396,482,529,475,396,482,509,493,409,511,1,507
15445,494,474,396,482,529,474,396,482,509,492,409,511,1,507
15455,494,475,396,482,529,475,396,482,509,493,409,511,1,507
15465,494,475,396,483,529,475,396,483,509,493,409,510,1,507
15475,494,475,396,483,529,475,396,483,509,493,409,510,1,507
15485,494,475,396,483,529,475,396,483,509,493,409,510,1,507
15495,494,475,396,482,529,475,396,482,509,493,409,511,1,507
15505,494,475,396,482,529,475,396,482,509,493,409,511,1,507
15515,494,475,396,483,529,475,396,483,509,493,409,510,1,507
15525,494,475,396,483,529,475,396,483,509,493,409,510,1,507
15535,494,474,396,483,529,474,396,483,509,492,409,510,1,507
15545,494,474,396,483,529,474,396,483,509,492,409,510,1,507
15555,494,475,396,483,529,475,396,483,509,493,409,510,1,507
15565,494,474,396,482,529,474,396,482,509,492,409,511,1,507
15575,494,475,396,482,529,475,396,482,509,493,409,511,1,507
15585,494,475,396,483,529,475,396,483,509,493,409,510,1,507
15595,494,474,396,482,529,474,396,482,509,492,409,511,1,507
15605,494,474,396,482,529,474,396,482,509,492,409,511,1,507
15615,494,475,396,483,529,475,396,483,509,493,409,510,1,507
15625,494,475,396,483,529,475,396,483,509,493,409,510,1,507
15635,494,475,396,482,529,475,396,482,509,493,409,511,1,507
15645,494,475,396,483,529,475,396,483,509,493,409,510,1,507
15655,494,474,396,482,529,474,396,482,509,492,409,511,1,507
15665,494,475,396,482,529,475,396,482,509,493,409,511,1,507
15675,494,475,396,483,529,475,396,483,509,493,409,510,1,507
15685,494,474,396,483,529,474,396,483,509,492,409,510,1,507
15695,494,474,396,483,529,474,396,483,509,492,409,510,1,507
24184,494,475,396,483,529,475,396,483,509,493,409,510,1,507
24185,494,470,624,482,529,470,624,482,509,488,644,511,1,507
24186,494,470,624,483,529,470,624,483,509,488,644,510,1,507
24195,494,470,624,483,529,470,624,483,509,488,644,510,1,507
24205,494,470,624,483,529,470,624,483,509,488,644,510,1,507
24215,494,470,623,482,529,470,623,482,509,488,643,511,1,507
24225,494,470,623,483,529,470,623,483,509,488,643,510,1,507
24235,494,470,623,482,529,470,623,482,509,488,643,511,1,507
24245,494,470,624,483,529,470,624,483,509,488,644,510,1,507
24255,494,469,624,483,529,469,624,483,509,487,644,510,1,507
24265,494,469,624,483,529,469,624,483,509,487,644,510,1,507
24275,494,469,624,483,529,469,624,483,509,487,644,510,1,507
24285,494,469,624,483,529,469,624,483,509,487,644,510,1,507
24295,494,470,624,483,529,470,624,483,509,488,644,510,1,507
24305,494,470,624,483,529,470,624,483,509,488,644,510,1,507
24315,494,469,624,483,529,469,624,483,509,487,644,510,1,507
24325,494,470,624,483,529,470,624,483,509,488,644,510,1,507
24335,494,470,624,483,529,470,624,483,509,488,644,510,1,507
24345,494,469,624,482,529,469,624,482,509,487,644,511,1,507
24355,494,469,624,483,529,469,624,483,509,487,644,510,1,507
24365,494,469,624,483,529,469,624,483,509,487,644,510,1,507
24375,494,470,624,483,529,470,624,483,509,488,644,510,1,507
24385,494,470,624,483,529,470,624,483,509,488,644,510,1,507
24395,494,470,624,483,529,470,624,483,509,488,644,510,1,507
24405,494,470,624,483,529,470,624,483,509,488,644,510,1,507
24415,494,469,624,483,529,469,624,483,509,487,644,510,1,507
24425,494,469,624,483,529,469,624,483,509,487,644,510,1,507
24435,494,469,624,483,529,469,624,483,509,487,644,510,1,507
24445,494,470,624,483,529,470,624,483,509,488,644,510,1,507
24455,494,470,624,483,529,470,624,483,509,488,644,510,1,507
24465,494,470,624,483,529,470,624,483,509,488,644,510,1,507
24475,494,470,624,483,529,470,624,483,509,488,644,510,1,507
24485,494,470,624,483,529,470,624,483,509,488,644,510,1,507
24495,494,470,624,483,529,470,624,483,509,488,644,510,1,507
24505,494,470,624,483,529,470,624,483,509,488,644,510,1,507
24515,494,470,624,482,529,470,624,482,509,488,644,511,1,507
24525,494,469,624,483,529,469,624,483,509,487,644,510,1,507
24535,494,469,624,483,529,469,624,483,509,487,644,510,1,507
24545,494,469,624,483,529,469,624,483,509,487,644,510,1,507
24555,494,469,624,483,529,469,624,483,509,487,644,510,1,507
24565,494,469,624,482,529,469,624,482,509,487,644,511,1,507
24575,494,470,624,483,529,470,624,483,509,488,644,510,1,507
24585,494,470,624,483,529,470,624,483,509,488,644,510,1,507
24595,494,470,624,482,529,470,624,482,509,488,644,511,1,507
24605,494,470,624,483,529,470,624,483,509,488,644,510,1,507
24615,494,470,624,483,529,470,624,483,509,488,644,510,1,507
24625,494,470,624,483,529,470,624,483,509,488,644,510,1,507
24635,494,470,624,483,529,470,624,483,509,488,644,510,1,507
24645,494,469,624,483,529,469,624,483,509,487,644,510,1,507
24655,494,469,624,483,529,469,624,483,509,487,644,510,1,507
24665,494,469,624,483,529,469,624,483,509,487,644,510,1,507
24675,494,469,624,483,529,469,624,483,509,487,644,510,1,507
24685,494,469,624,483,529,469,624,483,509,487,644,510,1,507
24695,494,470,624,483,529,470,624,483,509,488,644,510,1,507
24705,494,469,624,483,529,469,624,483,509,487,644,510,1,507
24715,494,470,624,483,529,470,624,483,509,488,644,510,1,507
24725,494,470,624,483,529,470,624,483,509,488,644,510,1,507
24735,494,470,624,483,529,470,624,483,509,488,644,510,1,507
24745,494,470,624,483,529,470,624,483,509,488,644,510,1,507
24755,494,470,624,483,529,470,624,483,509,488,644,510,1,507
24765,494,469,624,483,529,469,624,483,509,487,644,510,1,507
24775,494,469,624,483,529,469,624,483,509,487,644,510,1,507
24785,494,469,624,483,529,469,624,483,509,487,644,510,1,507
24795,494,469,624,483,529,469,624,483,509,487,644,510,1,507
24805,494,469,624,483,529,469,624,483,509,487,644,510,1,507
24815,494,469,624,483,529,469,624,483,509,487,644,510,1,507
24825,494,469,624,483,529,469,624,483,509,487,644,510,1,507
24835,494,469,624,483,529,469,624,483,509,487,644,510,1,507
24845,494,470,624,483,529,470,624,483,509,488,644,510,1,507
24855,494,469,624,483,529,469,624,483,509,487,644,510,1,507
24865,494,469,624,483,529,469,624,483,509,487,644,510,1,507
24875,494,469,624,483,529,469,624,483,509,487,644,510,1,507
24885,494,469,624,483,529,469,624,483,509,487,644,510,1,507
24895,494,469,624,483,529,469,624,483,509,487,644,510,1,507
24905,494,470,624,483,529,470,624,483,509,488,644,510,1,507
24915,494,469,624,483,529,469,624,483,509,487,644,510,1,507
24925,494,470,624,483,529,470,624,483,509,488,644,510,1,507
24935,494,470,624,483,529,470,624,483,509,488,644,510,1,507
24945,494,469,624,483,529,469,624,483,509,487,644,510,1,507
24955,494,470,624,483,529,470,624,483,509,488,644,510,1,507
24965,494,469,624,483,529,469,624,483,509,487,644,510,1,507
24975,494,469,624,483,529,469,624,483,509,487,644,510,1,507
24985,494,469,624,483,529,469,624,483,509,487,644,510,1,507
24995,494,469,624,483,529,469,624,483,509,487,644,510,1,507
25005,494,469,624,483,529,469,624,483,509,487,644,510,1,507
25015,494,469,624,483,529,469,624,483,509,487,644,510,1,507
25025,494,469,624,483,529,469,624,483,509,487,644,510,1,507
25035,494,469,624,483,529,469,624,483,509,487,644,510,1,507
25045,494,469,624,483,529,469,624,483,509,487,644,510,1,507
25055,494,470,624,483,529,470,624,483,509,488,644,510,1,507
25065,494,470,624,483,529,470,624,483,509,488,644,510,1,507
25075,494,469,624,483,529,469,624,483,509,487,644,510,1,507
25085,494,470,624,483,529,470,624,483,509,488,644,510,1,507
25095,494,469,624,483,529,469,624,483,509,487,644,510,1,507
25105,494,469,624,483,529,469,624,483,509,487,644,510,1,507
25115,494,469,624,483,529,469,624,483,509,487,644,510,1,507
25125,494,469,624,483,529,469,624,483,509,487,644,510,1,507
25135,494,469,624,483,529,469,624,483,509,487,644,510,1,507
25145,494,469,624,483,529,469,624,483,509,487,644,510,1,507
25155,494,469,624,483,529,469,624,483,509,487,644,510,1,507
25165,494,469,624,483,529,469,624,483,509,487,644,510,1,507
25175,494,470,624,482,529,470,624,482,509,488,644,511,1,507
25185,494,469,624,483,529,469,624,483,509,487,644,510,1,507
25195,494,469,624,483,529,469,624,483,509,487,644,510,1,507
25205,494,470,624,483,529,470,624,483,509,488,644,510,1,507
25215,494,469,624,483,529,469,624,483,509,487,644,510,1,507
25225,494,469,624,483,529,469,624,483,509,487,644,510,1,507
25235,494,469,624,483,529,469,624,483,509,487,644,510,1,507
25245,494,469,624,483,529,469,624,483,509,487,644,510,1,507
25255,494,469,624,483,529,469,624,483,509,487,644,510,1,507
25265,494,469,624,483,529,469,624,483,509,487,644,510,1,507
25275,494,469,624,483,529,469,624,483,509,487,644,510,1,507
25285,494,469,624,483,529,469,624,483,509,487,644,510,1,507
25295,494,469,624,483,529,469,624,483,509,487,644,510,1,507
25305,494,469,624,483,529,469,624,483,509,487,644,510,1,507
25315,494,469,624,483,529,469,624,483,509,487,644,510,1,507
25325,494,469,624,483,529,469,624,483,509,487,644,510,1,507
25335,494,469,624,483,529,469,624,483,509,487,644,510,1,507
25345,494,469,624,483,529,469,624,483,509,487,644,510,1,507
25355,494,469,624,482,529,469,624,482,509,487,644,511,1,507
25365,494,469,624,482,529,469,624,482,509,487,644,511,1,507
25375,494,469,624,483,529,469,624,483,509,487,644,510,1,507
25385,494,469,624,483,529,469,624,483,509,487,644,510,1,507
25395,494,469,624,483,529,469,624,483,509,487,644,510,1,507
25405,494,469,624,482,529,469,624,482,509,487,644,511,1,507
25415,494,469,624,483,529,469,624,483,509,487,644,510,1,507
25425,494,469,624,483,529,469,624,483,509,487,644,510,1,507
25435,494,469,624,482,529,469,624,482,509,487,644,511,1,507
25445,494,469,624,483,529,469,624,483,509,487,644,510,1,507
25455,494,469,624,483,529,469,624,483,509,487,644,510,1,507
25465,494,469,624,483,529,469,624,483,509,487,644,510,1,507
25475,494,469,624,483,529,469,624,483,509,487,644,510,1,507
25485,494,469,624,483,529,469,624,483,509,487,644,510,1,507
25495,494,469,624,483,529,469,624,483,509,487,644,510,1,507
25505,494,469,624,483,529,469,624,483,509,487,644,510,1,507
25515,494,469,624,483,529,469,624,483,509,487,644,510,1,507
25525,494,469,624,483,529,469,624,483,509,487,644,510,1,507
25535,494,469,624,483,529,469,624,483,509,487,644,510,1,507
25545,494,469,624,483,529,469,624,483,509,487,644,510,1,507
25555,494,469,624,483,529,469,624,483,509,487,644,510,1,507
25565,494,469,624,483,529,469,624,483,509,487,644,510,1,507
25575,494,469,624,483,529,469,624,483,509,487,644,510,1,507
25585,494,469,624,483,529,469,624,483,509,487,644,510,1,507
25595,494,469,624,483,529,469,624,483,509,487,644,510,1,507
25605,494,469,624,483,529,469,624,483,509,487,644,510,1,507
25615,494,469,624,483,529,469,624,483,509,487,644,510,1,507
25625,494,469,624,483,529,469,624,483,509,487,644,510,1,507
25635,494,469,624,483,529,469,624,483,509,487,644,510,1,507
25645,494,469,624,483,529,469,624,483,509,487,644,510,1,507
25655,494,469,624,483,529,469,624,483,509,487,644,510,1,507
25665,494,469,624,483,529,469,624,483,509,487,644,510,1,507
25675,494,469,624,483,529,469,624,483,509,487,644,510,1,507
25685,494,469,624,483,529,469,624,483,509,487,644,510,1,507
25695,494,469,624,482,529,469,624,482,509,487,644,511,1,507
25705,494,469,624,483,529,469,624,483,509,487,644,510,1,507
25715,494,469,624,483,529,469,624,483,509,487,644,510,1,507
25725,494,469,624,483,529,469,624,483,509,487,644,510,1,507
25735,494,469,624,483,529,469,624,483,509,487,644,510,1,507
25745,494,469,624,483,529,469,624,483,509,487,644,510,1,507
25755,494,469,624,483,529,469,624,483,509,487,644,510,1,507
25765,494,469,624,482,529,469,624,482,509,487,644,511,1,507
25775,494,469,624,483,529,469,624,483,509,487,644,510,1,507
25785,494,469,624,482,529,469,624,482,509,487,644,511,1,507
25795,494,469,624,483,529,469,624,483,509,487,644,510,1,507
25805,494,469,624,483,529,469,624,483,509,487,644,510,1,507
25815,494,469,624,483,529,469,624,483,509,487,644,510,1,507
25825,494,469,624,483,529,469,624,483,509,487,644,510,1,507
25835,494,469,624,483,529,469,624,483,509,487,644,510,1,507
25845,494,469,624,483,529,469,624,483,509,487,644,510,1,507
25855,494,469,624,483,529,469,624,483,509,487,644,510,1,507
25865,494,469,624,483,529,469,624,483,509,487,644,510,1,507
25875,494,469,624,483,529,469,624,483,509,487,644,510,1,507
25885,494,469,624,483,529,469,624,483,509,487,644,510,1,507
25895,494,469,624,483,529,469,624,483,509,487,644,510,1,507
25905,494,469,624,483,529,469,624,483,509,487,644,510,1,507
25915,494,469,624,483,529,469,624,483,509,487,644,510,1,507
25925,494,469,624,483,529,469,624,483,509,487,644,510,1,507
25935,494,469,624,483,529,469,624,483,509,487,644,510,1,507
25945,494,469,624,483,529,469,624,483,509,487,644,510,1,507
25955,494,469,624,483,529,469,624,483,509,487,644,510,1,507
25965,494,469,624,483,529,469,624,483,509,487,644,510,1,507
25975,494,469,624,482,529,469,624,482,509,487,644,511,1,507
25985,494,469,624,483,529,469,624,483,509,487,644,510,1,507
25995,494,469,624,483,529,469,624,483,509,487,644,510,1,507
26005,494,469,624,483,529,469,624,483,509,487,644,510,1,507
26015,494,469,624,483,529,469,624,483,509,487,644,510,1,507
26025,494,469,624,483,529,469,624,483,509,487,644,510,1,507
26035,494,469,624,482,529,469,624,482,509,487,644,511,1,507
26045,494,469,624,482,529,469,624,482,509,487,644,511,1,507
26055,494,469,624,483,529,469,624,483,509,487,644,510,1,507
26065,494,469,624,483,529,469,624,483,509,487,644,510,1,507
26075,494,469,624,483,529,469,624,483,509,487,644,510,1,507
26085,494,469,624,483,529,469,624,483,509,487,644,510,1,507
26095,494,469,624,482,529,469,624,482,509,487,644,511,1,507
26105,494,469,624,483,529,469,624,483,509,487,644,510,1,507
26115,494,469,624,483,529,469,624,483,509,487,644,510,1,507
26125,494,469,624,482,529,469,624,482,509,487,644,511,1,507
26135,494,469,624,483,529,469,624,483,509,487,644,510,1,507
26145,494,469,623,483,529,469,623,483,509,487,643,510,1,507
26155,494,469,624,482,529,469,624,482,509,487,644,511,1,507
26165,494,469,624,483,529,469,624,483,509,487,644,510,1,507
26175,494,469,624,483,529,469,624,483,509,487,644,510,1,507
26185,494,469,624,483,529,469,624,483,509,487,644,510,1,507
26195,494,469,624,483,529,469,624,483,509,487,644,510,1,507
26205,494,469,624,483,529,469,624,483,509,487,644,510,1,507
26215,494,469,624,483,529,469,624,483,509,487,644,510,1,507
26225,494,469,624,483,529,469,624,483,509,487,644,510,1,507
26235,494,469,623,483,529,469,623,483,509,487,643,510,1,507
26245,494,469,624,482,529,469,624,482,509,487,644,511,1,507
26255,494,469,624,483,529,469,624,483,509,487,644,510,1,507
26265,494,469,624,483,529,469,624,483,509,487,644,510,1,507
26275,494,469,624,483,529,469,624,483,509,487,644,510,1,507
26285,494,469,624,483,529,469,624,483,509,487,644,510,1,507
26295,494,469,624,483,529,469,624,483,509,487,644,510,1,507
26305,494,469,624,482,529,469,624,482,509,487,644,511,1,507
26315,494,469,624,483,529,469,624,483,509,487,644,510,1,507
26325,494,469,624,483,529,469,624,483,509,487,644,510,1,507
26335,494,469,624,483,529,469,624,483,509,487,644,510,1,507
26345,494,469,624,483,529,469,624,483,509,487,644,510,1,507
26355,494,469,624,483,529,469,624,483,509,487,644,510,1,507
26365,494,469,624,483,529,469,624,483,509,487,644,510,1,507
26375,494,469,624,483,529,469,624,483,509,487,644,510,1,507
26385,494,469,624,483,529,469,624,483,509,487,644,510,1,507
26395,494,469,624,483,529,469,624,483,509,487,644,510,1,507
26405,494,469,624,483,529,469,624,483,509,487,644,510,1,507
26415,494,469,624,483,529,469,624,483,509,487,644,510,1,507
26425,494,469,624,482,529,469,624,482,509,487,644,511,1,507
26435,494,469,624,483,529,469,624,483,509,487,644,510,1,507
26445,494,469,624,483,529,469,624,483,509,487,644,510,1,507
26455,494,469,624,483,529,469,624,483,509,487,644,510,1,507
26465,494,469,624,483,529,469,624,483,509,487,644,510,1,507
26475,494,469,624,483,529,469,624,483,509,487,644,510,1,507
26485,494,469,624,483,529,469,624,483,509,487,644,510,1,507
26495,494,469,624,483,529,469,624,483,509,487,644,510,1,507
26505,494,469,624,483,529,469,624,483,509,487,644,510,1,507
26515,494,469,624,483,529,469,624,483,509,487,644,510,1,507
26525,494,469,624,483,529,469,624,483,509,487,644,510,1,507
26535,494,469,623,483,529,469,623,483,509,487,643,510,1,507
26545,494,469,624,483,529,469,624,483,509,487,644,510,1,507
26555,494,469,624,483,529,469,624,483,509,487,644,510,1,507
26565,494,469,624,483,529,469,624,483,509,487,644,510,1,507
26575,494,469,624,483,529,469,624,483,509,487,644,510,1,507
26585,494,469,624,483,529,469,624,483,509,487,644,510,1,507
26595,494,469,624,482,529,469,624,482,509,487,644,511,1,507
26605,494,469,624,483,529,469,624,483,509,487,644,510,1,507
26615,494,469,624,483,529,469,624,483,509,487,644,510,1,507
26625,494,469,624,483,529,469,624,483,509,487,644,510,1,507
26635,494,469,624,482,529,469,624,482,509,487,644,511,1,507
26645,494,469,624,483,529,469,624,483,509,487,644,510,1,507
26655,494,469,624,483,529,469,624,483,509,487,644,510,1,507
26665,494,469,624,483,529,469,624,483,509,487,644,510,1,507
26675,494,469,624,483,529,469,624,483,509,487,644,510,1,507
26685,494,469,624,483,529,469,624,483,509,487,644,510,1,507
41493,494,469,624,483,529,469,624,483,509,487,644,510,1,507
41494,606,512,513,484,417,512,513,484,620,530,529,509,1,507
41495,606,512,513,484,417,512,513,484,620,530,529,509,1,507
41505,607,512,513,484,416,512,513,484,621,530,529,509,1,507
41515,607,511,512,482,416,511,512,482,621,529,528,511,1,507
41525,607,511,512,482,416,511,512,482,621,529,528,511,1,507
41535,607,511,512,481,416,511,512,481,621,529,528,512,1,507
41545,606,511,512,482,417,511,512,482,620,529,528,511,1,507
41555,606,512,512,482,417,512,512,482,620,530,528,511,1,507
41565,607,512,513,483,416,512,513,483,621,530,529,510,1,507
41575,606,512,513,483,417,512,513,483,620,530,529,510,1,507
41585,607,512,513,482,416,512,513,482,621,530,529,511,1,507
41595,607,512,513,482,416,512,513,482,621,530,529,511,1,507
41605,606,512,513,482,417,512,513,482,620,530,529,511,1,507
41615,606,512,513,483,417,512,513,483,620,530,529,510,1,507
41625,607,512,512,484,416,512,512,484,621,530,528,509,1,507
41635,606,511,512,483,417,511,512,483,620,529,528,510,1,507
41645,607,511,512,483,416,511,512,483,621,529,528,510,1,507
41655,606,512,512,483,417,512,512,483,620,530,528,510,1,507
41665,606,512,513,483,417,512,513,483,620,530,529,510,1,507
41675,607,512,513,483,416,512,513,483,621,530,529,510,1,507
41685,606,513,513,484,417,513,513,484,620,531,529,509,1,507
41695,606,513,514,485,417,513,514,485,620,531,530,508,1,507
41705,607,512,513,486,416,512,513,486,621,530,529,507,1,507
41715,607,512,513,486,416,512,513,486,621,530,529,507,1,507
41725,607,511,512,485,416,511,512,485,621,529,528,508,1,507
41735,607,510,511,483,416,510,511,483,621,528,527,510,1,507
41745,607,510,511,482,416,510,511,482,621,528,527,511,1,507
41755,607,510,511,481,416,510,511,481,621,528,527,512,1,507
41765,607,511,511,481,416,511,511,481,621,529,527,512,1,507
41775,607,511,512,481,416,511,512,481,621,529,528,512,1,507
41785,606,512,513,481,417,512,513,481,620,530,529,512,1,507
41795,606,512,514,483,417,512,514,483,620,530,530,510,1,507
41805,606,513,514,484,417,513,514,484,620,531,530,509,1,507
41815,606,512,513,484,417,512,513,484,620,530,529,509,1,507
41825,606,512,513,486,417,512,513,486,620,530,529,507,1,507
41835,606,511,512,485,417,511,512,485,620,529,528,508,1,507
41845,607,511,512,485,416,511,512,485,621,529,528,508,1,507
41855,607,510,511,483,416,510,511,483,621,528,527,510,1,507
41865,607,510,511,482,416,510,511,482,621,528,527,511,1,507
41875,607,511,511,481,416,511,511,481,621,529,527,512,1,507
41885,607,511,512,481,416,511,512,481,621,529,528,512,1,507
41895,606,512,512,481,417,512,512,481,620,530,528,512,1,507
41905,606,511,512,482,417,511,512,482,620,529,528,511,1,507
41915,607,511,512,482,416,511,512,482,621,529,528,511,1,507
41925,607,511,512,482,416,511,512,482,621,529,528,511,1,507
41935,607,511,512,481,416,511,512,481,621,529,528,512,1,507
41945,607,511,513,480,416,511,513,480,621,529,529,513,1,507
41955,607,512,513,481,416,512,513,481,621,530,529,512,1,507
41965,606,512,513,482,417,512,513,482,620,530,529,511,1,507
41975,606,512,512,483,417,512,512,483,620,530,528,510,1,507
41985,606,512,512,483,417,512,512,483,620,530,528,510,1,507
41995,606,511,512,482,417,511,512,482,620,529,528,511,1,507
42005,607,511,512,480,416,511,512,480,621,529,528,513,1,507
42015,607,511,512,479,416,511,512,479,621,529,528,514,1,507
42025,607,511,512,480,416,511,512,480,621,529,528,513,1,507
42035,606,512,513,480,417,512,513,480,620,530,529,513,1,507
42045,607,512,514,481,416,512,514,481,621,530,530,512,1,507
42055,606,512,514,483,417,512,514,483,620,530,530,510,1,507
42065,606,512,514,483,417,512,514,483,620,530,530,510,1,507
42075,607,512,513,483,416,512,513,483,621,530,529,510,1,507
42085,606,512,513,484,417,512,513,484,620,530,529,509,1,507
42095,607,512,513,483,416,512,513,483,621,530,529,510,1,507
42105,607,512,512,482,416,512,512,482,621,530,528,511,1,507
42115,606,512,512,482,417,512,512,482,620,530,528,511,1,507
42125,606,512,513,483,417,512,513,483,620,530,529,510,1,507
42135,606,512,513,484,417,512,513,484,620,530,529,509,1,507
42145,606,512,513,485,417,512,513,485,620,530,529,508,1,507
42155,606,512,513,486,417,512,513,486,620,530,529,507,1,507
42165,606,512,513,485,417,512,513,485,620,530,529,508,1,507
42175,606,511,512,485,417,511,512,485,620,529,528,508,1,507
42185,607,511,512,483,416,511,512,483,621,529,528,510,1,507
42195,607,511,512,482,416,511,512,482,621,529,528,511,1,507
42205,607,511,512,481,416,511,512,481,621,529,528,512,1,507
42215,606,511,512,482,417,511,512,482,620,529,528,511,1,507
42225,606,512,513,482,417,512,513,482,620,530,529,511,1,507
42235,607,512,513,483,416,512,513,483,621,530,529,510,1,507
42245,607,513,514,482,416,513,514,482,621,531,530,511,1,507
42255,607,512,513,483,416,512,513,483,621,530,529,510,1,507
42265,607,511,513,483,416,511,513,483,621,529,529,510,1,507
42275,607,511,512,482,416,511,512,482,621,529,528,511,1,507
42285,607,511,512,481,416,511,512,481,621,529,528,512,1,507
42295,607,511,512,480,416,511,512,480,621,529,528,513,1,507
42305,606,511,512,480,417,511,512,480,620,529,528,513,1,507
42315,606,512,512,481,417,512,512,481,620,530,528,512,1,507
42325,606,512,513,481,417,512,513,481,620,530,529,512,1,507
42335,606,512,514,483,417,512,514,483,620,530,530,510,1,507
42345,606,513,514,484,417,513,514,484,620,531,530,509,1,507
42355,606,513,514,485,417,513,514,485,620,531,530,508,1,507
42365,606,512,514,486,417,512,514,486,620,530,530,507,1,507
42375,606,512,513,486,417,512,513,486,620,530,529,507,1,507
42385,606,511,512,486,417,511,512,486,620,529,528,507,1,507
42395,607,511,512,484,416,511,512,484,621,529,528,509,1,507
42405,607,511,512,483,416,511,512,483,621,529,528,510,1,507
42415,607,511,512,482,416,511,512,482,621,529,528,511,1,507
42425,607,512,513,482,416,512,513,482,621,530,529,511,1,507
42435,606,512,513,483,417,512,513,483,620,530,529,510,1,507
42445,606,512,513,484,417,512,513,484,620,530,529,509,1,507
42455,606,512,512,485,417,512,512,485,620,530,528,508,1,507
42465,606,512,512,486,417,512,512,486,620,530,528,507,1,507
42475,607,511,512,485,416,511,512,485,621,529,528,508,1,507
42485,607,511,512,483,416,511,512,483,621,529,528,510,1,507
42495,607,511,512,481,416,511,512,481,621,529,528,512,1,507
42505,607,511,512,481,416,511,512,481,621,529,528,512,1,507
42515,606,512,513,482,417,512,513,482,620,530,529,511,1,507
42525,606,512,513,482,417,512,513,482,620,530,529,511,1,507
42535,606,512,513,484,417,512,513,484,620,530,529,509,1,507
42545,606,512,513,484,417,512,513,484,620,530,529,509,1,507
42555,607,511,512,484,416,511,512,484,621,529,528,509,1,507
42565,607,511,512,483,416,511,512,483,621,529,528,510,1,507
42575,607,511,512,482,416,511,512,482,621,529,528,511,1,507
42585,607,511,512,482,416,511,512,482,621,529,528,511,1,507
42595,606,511,512,482,417,511,512,482,620,529,528,511,1,507
42605,606,512,513,483,417,512,513,483,620,530,529,510,1,507
42615,607,512,513,484,416,512,513,484,621,530,529,509,1,507
42625,607,512,513,484,416,512,513,484,621,530,529,509,1,507
42635,607,512,512,484,416,512,512,484,621,530,528,509,1,507
42645,607,511,512,484,416,511,512,484,621,529,528,509,1,507
42655,607,511,511,483,416,511,511,483,621,529,527,510,1,507
42665,607,510,511,481,416,510,511,481,621,528,527,512,1,507
42675,607,511,511,480,416,511,511,480,621,529,527,513,1,507
42685,606,511,511,480,417,511,511,480,620,529,527,513,1,507
42695,606,511,512,481,417,511,512,481,620,529,528,512,1,507
42705,606,512,512,483,417,512,512,483,620,530,528,510,1,507
42715,606,512,513,485,417,512,513,485,620,530,529,508,1,507
42725,606,512,513,485,417,512,513,485,620,530,529,508,1,507
42735,607,512,513,485,416,512,513,485,621,530,529,508,1,507
42745,607,512,513,484,416,512,513,484,621,530,529,509,1,507
42755,607,511,512,484,416,511,512,484,621,529,528,509,1,507
42765,607,511,512,483,416,511,512,483,621,529,528,510,1,507
42775,606,511,511,483,417,511,511,483,620,529,527,510,1,507
42785,606,511,511,482,417,511,511,482,620,529,527,511,1,507
42795,607,511,512,482,416,511,512,482,621,529,528,511,1,507
42805,607,511,512,482,416,511,512,482,621,529,528,511,1,507
42815,607,511,512,482,416,511,512,482,621,529,528,511,1,507
42825,607,511,513,482,416,511,513,482,621,529,529,511,1,507
42835,607,511,513,482,416,511,513,482,621,529,529,511,1,507
42845,607,511,513,482,416,511,513,482,621,529,529,511,1,507
42855,607,511,513,483,416,511,513,483,621,529,529,510,1,507
42865,606,511,513,484,417,511,513,484,620,529,529,509,1,507
42875,607,511,513,484,416,511,513,484,621,529,529,509,1,507
42885,607,511,513,484,416,511,513,484,621,529,529,509,1,507
42895,607,512,514,485,416,512,514,485,621,530,530,508,1,507
42905,606,512,514,488,417,512,514,488,620,530,530,505,1,507
42915,607,513,514,489,416,513,514,489,621,531,530,504,1,507
42925,606,513,513,491,417,513,513,491,620,531,529,502,1,507
42935,606,512,512,492,417,512,512,492,620,530,528,501,1,507
42945,606,511,511,492,417,511,511,492,620,529,527,501,1,507
42955,607,511,510,491,416,511,510,491,621,529,526,502,1,507
42965,607,510,510,489,416,510,510,489,621,528,526,504,1,507
42975,607,510,510,486,416,510,510,486,621,528,526,507,1,507
42985,607,510,509,485,416,510,509,485,621,528,525,508,1,507
42995,607,510,510,484,416,510,510,484,621,528,526,509,1,507
43005,607,511,510,485,416,511,510,485,621,529,526,508,1,507
43015,607,511,510,485,416,511,510,485,621,529,526,508,1,507
43025,607,510,510,486,416,510,510,486,621,528,526,507,1,507
43035,607,510,509,485,416,510,509,485,621,528,525,508,1,507
43045,607,510,508,483,416,510,508,483,621,528,524,510,1,507
43055,607,510,507,481,416,510,507,481,621,528,523,512,1,507
43065,607,509,507,478,416,509,507,478,621,527,523,515,1,507
43075,607,509,507,475,416,509,507,475,621,527,523,518,1,507
43085,607,510,507,473,416,510,507,473,621,528,523,520,1,507
43095,607,510,508,472,416,510,508,472,621,528,524,521,1,507
43105,607,511,509,470,416,511,509,470,621,529,525,523,1,507
43115,607,511,511,470,416,511,511,470,621,529,527,523,1,507
43125,607,512,512,471,416,512,512,471,621,530,528,522,1,507
43135,607,512,513,472,416,512,513,472,621,530,529,521,1,507
43145,606,512,514,475,417,512,514,475,620,530,530,518,1,507
43155,606,512,515,478,417,512,515,478,620,530,531,515,1,507
43165,606,512,516,480,417,512,516,480,620,530,532,513,1,507
43175,606,512,515,483,417,512,515,483,620,530,531,510,1,507
43185,606,512,515,484,417,512,515,484,620,530,531,509,1,507
43195,606,512,515,485,417,512,515,485,620,530,531,508,1,507
43205,606,512,515,486,417,512,515,486,620,530,531,507,1,507
43215,606,511,514,487,417,511,514,487,620,529,530,506,1,507
43225,607,511,513,485,416,511,513,485,621,529,529,508,1,507
43235,607,511,512,484,416,511,512,484,621,529,528,509,1,507
43245,607,510,511,482,416,510,511,482,621,528,527,511,1,507
43255,607,510,511,481,416,510,511,481,621,528,527,512,1,507
43265,607,511,511,480,416,511,511,480,621,529,527,513,1,507
43275,606,512,512,480,417,512,512,480,620,530,528,513,1,507
43285,606,512,513,481,417,512,513,481,620,530,529,512,1,507
43295,606,513,513,482,417,513,513,482,620,531,529,511,1,507
43305,606,513,514,482,417,513,514,482,620,531,530,511,1,507
43315,607,513,514,482,416,513,514,482,621,531,530,511,1,507
43325,606,512,514,483,417,512,514,483,620,530,530,510,1,507
43335,607,512,513,484,416,512,513,484,621,530,529,509,1,507
43345,607,511,513,484,416,511,513,484,621,529,529,509,1,507
43355,607,511,512,483,416,511,512,483,621,529,528,510,1,507
43365,607,511,512,483,416,511,512,483,621,529,528,510,1,507
43375,606,511,512,482,417,511,512,482,620,529,528,511,1,507
43385,607,511,513,483,416,511,513,483,621,529,529,510,1,507
43395,607,512,514,484,416,512,514,484,621,530,530,509,1,507
43405,606,512,514,485,417,512,514,485,620,530,530,508,1,507
43415,606,512,514,486,417,512,514,486,620,530,530,507,1,507
43425,607,512,514,486,416,512,514,486,621,530,530,507,1,507
43435,607,511,513,486,416,511,513,486,621,529,529,507,1,507
43445,607,510,513,483,416,510,513,483,621,528,529,510,1,507
43455,607,511,512,482,416,511,512,482,621,529,528,511,1,507
43465,606,511,512,482,417,511,512,482,620,529,528,511,1,507
43475,606,511,512,482,417,511,512,482,620,529,528,511,1,507
43485,607,511,512,483,416,511,512,483,621,529,528,510,1,507
43495,607,511,512,482,416,511,512,482,621,529,528,511,1,507
43505,607,511,512,482,416,511,512,482,621,529,528,511,1,507
43515,607,511,512,482,416,511,512,482,621,529,528,511,1,507
43525,607,511,512,481,416,511,512,481,621,529,528,512,1,507
43535,607,511,512,481,416,511,512,481,621,529,528,512,1,507
43545,607,512,513,481,416,512,513,481,621,530,529,512,1,507
43555,607,511,513,481,416,511,513,481,621,529,529,512,1,507
43565,607,511,513,482,416,511,513,482,621,529,529,511,1,507
43575,606,512,513,482,417,512,513,482,620,530,529,511,1,507
43585,606,512,513,483,417,512,513,483,620,530,529,510,1,507
43595,606,512,514,484,417,512,514,484,620,530,530,509,1,507
43605,606,512,514,485,417,512,514,485,620,530,530,508,1,507
43615,606,512,514,486,417,512,514,486,620,530,530,507,1,507
43625,606,512,513,487,417,512,513,487,620,530,529,506,1,507
43635,607,512,512,487,416,512,512,487,621,530,528,506,1,507
43645,607,511,512,485,416,511,512,485,621,529,528,508,1,507
43655,607,510,511,482,416,510,511,482,621,528,527,511,1,507
43665,608,509,511,478,415,509,511,478,622,527,527,515,1,507
43675,607,510,511,477,416,510,511,477,621,528,527,516,1,507
43685,607,511,512,478,416,511,512,478,621,529,528,515,1,507
43695,606,512,513,480,417,512,513,480,620,530,529,513,1,507
43705,606,512,513,482,417,512,513,482,620,530,529,511,1,507
43715,606,513,514,484,417,513,514,484,620,531,530,509,1,507
43725,606,513,514,484,417,513,514,484,620,531,530,509,1,507
43735,606,512,513,485,417,512,513,485,620,530,529,508,1,507
43745,606,511,513,485,417,511,513,485,620,529,529,508,1,507
43755,607,511,512,484,416,511,512,484,621,529,528,509,1,507
43765,607,511,512,483,416,511,512,483,621,529,528,510,1,507
43775,607,511,512,482,416,511,512,482,621,529,528,511,1,507
43785,607,511,512,482,416,511,512,482,621,529,528,511,1,507
43795,607,511,512,481,416,511,512,481,621,529,528,512,1,507
43805,607,511,512,481,416,511,512,481,621,529,528,512,1,507
43815,607,511,513,481,416,511,513,481,621,529,529,512,1,507
43825,607,511,513,481,416,511,513,481,621,529,529,512,1,507
43835,606,512,513,482,417,512,513,482,620,530,529,511,1,507
43845,606,512,513,483,417,512,513,483,620,530,529,510,1,507
43855,606,512,513,483,417,512,513,483,620,530,529,510,1,507
43865,606,512,513,484,417,512,513,484,620,530,529,509,1,507
43875,606,512,512,483,417,512,512,483,620,530,528,510,1,507
43885,607,511,512,483,416,511,512,483,621,529,528,510,1,507
43895,607,511,512,482,416,511,512,482,621,529,528,511,1,507
43905,607,511,512,481,416,511,512,481,621,529,528,512,1,507
43915,607,511,512,480,416,511,512,480,621,529,528,513,1,507
43925,606,511,513,481,417,511,513,481,620,529,529,512,1,507
43935,607,512,513,482,416,512,513,482,621,530,529,511,1,507
43945,606,512,513,482,417,512,513,482,620,530,529,511,1,507
43955,606,512,513,483,417,512,513,483,620,530,529,510,1,507
43965,606,512,513,484,417,512,513,484,620,530,529,509,1,507
43975,606,512,513,485,417,512,513,485,620,530,529,508,1,507
43985,606,512,513,485,417,512,513,485,620,530,529,508,1,507
43995,607,512,513,485,416,512,513,485,621,530,529,508,1,507
50757,607,511,512,484,416,511,512,484,621,529,528,509,1,507
50758,382,514,517,489,641,514,517,489,396,532,533,504,1,507
50765,383,516,516,487,640,516,516,487,397,534,532,506,1,507
50775,385,519,515,483,638,519,515,483,399,537,531,510,1,507
50785,385,520,514,478,638,520,514,478,399,538,530,515,1,507
50795,384,519,514,476,639,519,514,476,398,537,530,517,1,507
50805,383,517,516,477,640,517,516,477,397,535,532,516,1,507
50815,382,515,516,480,641,515,516,480,396,533,532,513,1,507
50825,382,514,517,483,641,514,517,483,396,532,533,510,1,507
50835,382,514,518,485,641,514,518,485,396,532,534,508,1,507
50845,382,514,518,485,641,514,518,485,396,532,534,508,1,507
50855,382,514,517,486,641,514,517,486,396,532,533,507,1,507
50865,383,515,514,487,640,515,514,487,397,533,530,506,1,507
50875,384,517,510,486,639,517,510,486,398,535,526,507,1,507
50885,384,518,511,484,639,518,511,484,398,536,527,509,1,507
50895,384,518,514,481,639,518,514,481,398,536,530,512,1,507
50905,383,518,518,479,640,518,518,479,397,536,534,514,1,507
50915,383,516,520,479,640,516,520,479,397,534,536,514,1,507
50925,382,515,520,481,641,515,520,481,396,533,536,512,1,507
50935,382,514,518,484,641,514,518,484,396,532,534,509,1,507
50945,382,514,517,487,641,514,517,487,396,532,533,506,1,507
50955,382,514,516,488,641,514,516,488,396,532,532,505,1,507
50965,383,516,514,487,640,516,514,487,397,534,530,506,1,507
50975,384,518,514,483,639,518,514,483,398,536,530,510,1,507
50985,385,519,514,479,638,519,514,479,399,537,530,514,1,507
50995,383,517,517,479,640,517,517,479,397,535,533,514,1,507
51006,382,514,519,483,641,514,519,483,396,532,535,510,1,507
51015,380,512,520,488,643,512,520,488,394,530,536,505,1,507
51025,380,512,520,493,643,512,520,493,394,530,536,500,1,507
51035,381,513,519,495,642,513,519,495,395,531,535,498,1,507
51045,383,516,517,494,640,516,517,494,397,534,533,499,1,507
51055,385,519,514,489,638,519,514,489,399,537,530,504,1,507
51065,386,521,512,482,637,521,512,482,399,539,528,511,1,507
51075,387,522,510,476,636,522,510,476,401,540,526,517,1,507
51085,387,522,508,473,636,522,508,473,401,540,524,520,1,507
51095,386,520,508,473,637,520,508,473,399,538,524,520,1,507
51105,384,518,510,475,639,518,510,475,398,536,526,518,1,507
51115,382,515,514,479,641,515,514,479,396,533,530,514,1,507
51125,379,511,521,486,644,511,521,486,392,529,537,507,1,507
51135,377,508,527,495,646,508,527,495,390,526,544,498,1,507
51145,376,508,529,502,647,508,529,502,389,526,546,491,1,507
51155,378,510,527,507,645,510,527,507,391,528,544,486,1,507
51165,381,513,523,507,642,513,523,507,395,531,539,486,1,507
51175,384,517,516,502,639,517,516,502,398,535,532,491,1,507
51185,386,522,510,495,637,522,510,495,399,540,526,498,1,507
51195,389,525,504,487,634,525,504,487,403,543,520,506,1,507
51205,390,527,500,478,633,527,500,478,404,545,516,515,1,507
51215,391,527,498,470,632,527,498,470,405,545,513,523,1,507
51225,390,526,499,465,633,526,499,465,404,544,515,528,1,507
51235,387,522,504,464,636,522,504,464,401,540,520,529,1,507
51245,383,518,512,468,640,518,512,468,397,536,528,525,1,507
51255,380,513,519,475,643,513,519,475,394,531,535,518,1,507
51265,378,510,524,484,645,510,524,484,391,528,541,509,1,507
51275,377,510,526,492,646,510,526,492,390,528,543,501,1,507
51285,379,511,525,496,644,511,525,496,392,529,542,497,1,507
51295,381,514,521,496,642,514,521,496,395,532,537,497,1,507
51305,383,517,516,493,640,517,516,493,397,535,532,500,1,507
51315,385,519,511,489,638,519,511,489,399,537,527,504,1,507
51325,386,521,507,484,637,521,507,484,399,539,523,509,1,507
51335,387,522,505,480,636,522,505,480,401,540,521,513,1,507
51345,387,522,505,476,636,522,505,476,401,540,521,517,1,507
51355,386,521,507,475,637,521,507,475,399,539,523,518,1,507
51365,387,522,502,472,636,522,502,472,401,540,518,521,1,507
51375,386,522,506,469,637,522,506,469,399,540,522,524,1,507
51385,385,521,509,469,638,521,509,469,399,539,525,524,1,507
51395,385,520,510,469,638,520,510,469,399,538,526,524,1,507
51405,384,518,512,470,639,518,512,470,398,536,528,523,1,507
51415,381,514,517,476,642,514,517,476,395,532,533,517,1,507
51425,380,512,523,481,643,512,523,481,394,530,539,512,1,507
51435,380,512,527,484,643,512,527,484,394,530,544,509,1,507
51445,380,513,530,484,643,513,530,484,394,531,547,509,1,507
51455,380,514,530,483,643,514,530,483,394,532,547,510,1,507
51465,381,516,528,481,642,516,528,481,395,534,545,512,1,507
51475,382,516,524,480,641,516,524,480,396,534,541,513,1,507
51485,383,517,518,479,640,517,518,479,397,535,534,514,1,507
51495,384,517,514,479,639,517,514,479,398,535,530,514,1,507
51505,384,517,511,478,639,517,511,478,398,535,527,515,1,507
51515,384,517,510,478,639,517,510,478,398,535,526,515,1,507
51525,384,517,509,477,639,517,509,477,398,535,525,516,1,507
51535,384,517,510,476,639,517,510,476,398,535,526,517,1,507
51545,384,517,513,477,639,517,513,477,398,535,529,516,1,507
51555,383,517,516,477,640,517,516,477,397,535,532,516,1,507
51565,382,516,519,477,641,516,519,477,396,534,535,516,1,507
51575,382,515,520,478,641,515,520,478,396,533,536,515,1,507
51585,381,514,519,481,642,514,519,481,395,532,535,512,1,507
51595,382,514,516,483,641,514,516,483,396,532,532,510,1,507
51605,382,514,513,484,641,514,513,484,396,532,529,509,1,507
51615,383,515,510,484,640,515,510,484,397,533,526,509,1,507
51625,384,515,508,484,639,515,508,484,398,533,524,509,1,507
51635,383,515,507,486,640,515,507,486,397,533,523,507,1,507
51645,383,514,509,486,640,514,509,486,397,532,525,507,1,507
51655,383,515,512,487,640,515,512,487,397,533,528,506,1,507
51665,382,516,515,486,641,516,515,486,396,534,531,507,1,507
51675,382,516,518,486,641,516,518,486,396,534,534,507,1,507
51685,382,516,519,486,641,516,519,486,396,534,535,507,1,507
51695,382,516,518,486,641,516,518,486,396,534,534,507,1,507
51705,382,516,516,486,641,516,516,486,396,534,532,507,1,507
51715,383,516,514,487,640,516,514,487,397,534,530,506,1,507
51725,384,517,511,486,639,517,511,486,398,535,527,507,1,507
51735,385,518,509,484,638,518,509,484,399,536,525,509,1,507
51745,386,519,508,480,637,519,508,480,399,537,524,513,1,507
51755,385,519,510,478,638,519,510,478,399,537,526,515,1,507
51765,384,519,513,476,639,519,513,476,398,537,529,517,1,507
51775,383,517,517,476,640,517,517,476,397,535,533,517,1,507
51785,382,516,519,478,641,516,519,478,396,534,535,515,1,507
51795,382,515,519,480,641,515,519,480,396,533,535,513,1,507
51805,382,515,518,482,641,515,518,482,396,533,534,511,1,507
51815,382,515,517,482,641,515,517,482,396,533,533,511,1,507
51825,383,516,515,481,640,516,515,481,397,534,531,512,1,507
51835,383,516,514,480,640,516,514,480,397,534,530,513,1,507
51845,383,516,514,479,640,516,514,479,397,534,530,514,1,507
51855,383,516,514,479,640,516,514,479,397,534,530,514,1,507
51865,383,516,515,479,640,516,515,479,397,534,531,514,1,507
51875,383,515,517,480,640,515,517,480,397,533,533,513,1,507
51885,382,515,517,481,641,515,517,481,396,533,533,512,1,507
51895,382,514,517,483,641,514,517,483,396,532,533,510,1,507
51905,382,514,516,485,641,514,516,485,396,532,532,508,1,507
51915,382,514,514,487,641,514,514,487,396,532,530,506,1,507
51925,383,516,514,486,640,516,514,486,397,534,530,507,1,507
51935,383,517,513,484,640,517,513,484,397,535,529,509,1,507
51945,384,517,514,482,639,517,514,482,398,535,530,511,1,507
51955,383,516,515,482,640,516,515,482,397,534,531,511,1,507
51965,383,516,516,483,640,516,516,483,397,534,532,510,1,507
51975,382,515,516,484,641,515,516,484,396,533,532,509,1,507
51985,382,515,516,485,641,515,516,485,396,533,532,508,1,507
51995,382,515,516,485,641,515,516,485,396,533,532,508,1,507
52005,382,515,516,486,641,515,516,486,396,533,532,507,1,507
52015,382,516,515,487,641,516,515,487,396,534,531,506,1,507
52025,383,517,515,486,640,517,515,486,397,535,531,507,1,507
52035,384,518,515,483,639,518,515,483,398,536,531,510,1,507
52045,384,518,515,481,639,518,515,481,398,536,531,512,1,507
52055,384,518,516,479,639,518,516,479,398,536,532,514,1,507
52065,383,517,517,478,640,517,517,478,397,535,533,515,1,507
52075,383,516,518,479,640,516,518,479,397,534,534,514,1,507
52085,382,515,518,480,641,515,518,480,396,533,534,513,1,507
52095,382,514,517,483,641,514,517,483,396,532,533,510,1,507
52105,382,514,516,485,641,514,516,485,396,532,532,508,1,507
52115,383,515,514,485,640,515,514,485,397,533,530,508,1,507
52125,383,516,514,484,640,516,514,484,397,534,530,509,1,507
52135,384,518,514,482,639,518,514,482,398,536,530,511,1,507
52145,384,518,514,480,639,518,514,480,398,536,530,513,1,507
52155,384,517,514,479,639,517,514,479,398,535,530,514,1,507
52165,383,516,514,479,640,516,514,479,397,534,530,514,1,507
52175,383,516,515,480,640,516,515,480,397,534,531,513,1,507
52185,383,515,515,481,640,515,515,481,397,533,531,512,1,507
52195,382,515,516,483,641,515,516,483,396,533,532,510,1,507
52205,382,515,516,484,641,515,516,484,396,533,532,509,1,507
52215,382,515,516,485,641,515,516,485,396,533,532,508,1,507
52225,382,515,515,486,641,515,515,486,396,533,531,507,1,507
52235,383,516,516,486,640,516,516,486,397,534,532,507,1,507
52245,383,517,517,483,640,517,517,483,397,535,533,510,1,507
52255,383,518,518,480,640,518,518,480,397,536,534,513,1,507
52265,383,518,520,478,640,518,520,478,397,536,536,515,1,507
52275,383,517,521,477,640,517,521,477,397,535,537,516,1,507
52285,382,516,520,477,641,516,520,477,396,534,536,516,1,507
52295,382,515,518,479,641,515,518,479,396,533,534,514,1,507
52305,382,514,515,482,641,514,515,482,396,532,531,511,1,507
52315,382,514,511,484,641,514,511,484,396,532,527,509,1,507
52325,383,514,508,485,640,514,508,485,397,532,524,508,1,507
52335,383,514,507,486,640,514,507,486,397,532,523,507,1,507
52345,383,515,508,486,640,515,508,486,397,533,524,507,1,507
52355,383,516,511,485,640,516,511,485,397,534,527,508,1,507
52365,383,516,516,484,640,516,516,484,397,534,532,509,1,507
52375,382,516,519,484,641,516,519,484,396,534,535,509,1,507
52385,382,515,521,484,641,515,521,484,396,533,537,509,1,507
52395,382,515,520,485,641,515,520,485,396,533,536,508,1,507
52405,382,514,518,487,641,514,518,487,396,532,534,506,1,507
52415,382,515,516,487,641,515,516,487,396,533,532,506,1,507
52425,383,515,513,488,640,515,513,488,397,533,529,505,1,507
52435,384,516,510,487,639,516,510,487,398,534,526,506,1,507
52445,384,516,508,487,639,516,508,487,398,534,524,506,1,507
52455,384,517,508,487,639,517,508,487,398,535,524,506,1,507
52465,384,517,511,486,639,517,511,486,398,535,527,507,1,507
52475,383,517,515,486,640,517,515,486,397,535,531,507,1,507
52485,383,517,518,484,640,517,518,484,397,535,534,509,1,507
52495,383,517,518,484,640,517,518,484,397,535,534,509,1,507
52505,383,517,518,483,640,517,518,483,397,535,534,510,1,507
52515,383,517,516,482,640,517,516,482,397,535,532,511,1,507
52525,384,517,514,481,639,517,514,481,398,535,530,512,1,507
52535,384,517,512,480,639,517,512,480,398,535,528,513,1,507
52545,384,517,512,480,639,517,512,480,398,535,528,513,1,507
52555,383,517,514,479,640,517,514,479,397,535,530,514,1,507
52565,383,516,516,479,640,516,516,479,397,534,532,514,1,507
52575,382,516,518,480,641,516,518,480,396,534,534,513,1,507
52585,382,516,519,480,641,516,519,480,396,534,535,513,1,507
52595,383,516,518,480,640,516,518,480,397,534,534,513,1,507
52605,383,516,514,480,640,516,514,480,397,534,530,513,1,507
52615,383,516,512,482,640,516,512,482,397,534,528,511,1,507
52625,383,515,510,483,640,515,510,483,397,533,526,510,1,507
52635,383,515,508,483,640,515,508,483,397,533,524,510,1,507
52645,384,516,509,483,639,516,509,483,398,534,525,510,1,507
52655,383,516,512,482,640,516,512,482,397,534,528,511,1,507
52665,383,516,516,482,640,516,516,482,397,534,532,511,1,507
52675,382,516,519,482,641,516,519,482,396,534,535,511,1,507
52685,382,515,521,483,641,515,521,483,396,533,537,510,1,507
52695,382,516,521,483,641,516,521,483,396,534,537,510,1,507
52705,383,516,519,482,640,516,519,482,397,534,535,511,1,507
52715,383,517,516,481,640,517,516,481,397,535,532,512,1,507
52725,384,517,514,480,639,517,514,480,398,535,530,513,1,507
52735,384,517,512,479,639,517,512,479,398,535,528,514,1,507
52745,384,516,511,479,639,516,511,479,398,534,527,514,1,507
52755,383,516,511,479,640,516,511,479,397,534,527,514,1,507
52765,383,515,513,480,640,515,513,480,397,533,529,513,1,507
52775,382,514,515,482,641,514,515,482,396,532,531,511,1,507
52785,381,514,517,484,642,514,517,484,395,532,533,509,1,507
52795,382,514,518,485,641,514,518,485,396,532,534,508,1,507
52805,382,515,517,485,641,515,517,485,396,533,533,508,1,507
52815,383,516,515,484,640,516,515,484,397,534,531,509,1,507
52825,383,516,513,483,640,516,513,483,397,534,529,510,1,507
52835,384,517,512,482,639,517,512,482,398,535,528,511,1,507
52845,384,516,511,481,639,516,511,481,398,534,527,512,1,507
52855,384,516,510,482,639,516,510,482,398,534,526,511,1,507
52865,383,515,512,482,640,515,512,482,397,533,528,511,1,507
52875,382,515,515,484,641,515,515,484,396,533,531,509,1,507
52885,382,514,518,485,641,514,518,485,396,532,534,508,1,507
52895,382,514,519,486,641,514,519,486,396,532,535,507,1,507
52905,382,515,520,485,641,515,520,485,396,533,536,508,1,507
52915,383,516,518,484,640,516,518,484,397,534,534,509,1,507
52925,383,517,516,483,640,517,516,483,397,535,532,510,1,507
52935,384,517,515,481,639,517,515,481,398,535,531,512,1,507
52945,384,517,513,480,639,517,513,480,398,535,529,513,1,507
52955,383,516,512,481,640,516,512,481,397,534,528,512,1,507
52965,383,515,513,481,640,515,513,481,397,533,529,512,1,507
52975,382,515,514,482,641,515,514,482,396,533,530,511,1,507
52985,382,515,517,484,641,515,517,484,396,533,533,509,1,507
52995,382,515,518,484,641,515,518,484,396,533,534,509,1,507
53005,382,516,518,484,641,516,518,484,396,534,534,509,1,507
53015,383,517,518,483,640,517,518,483,397,535,534,510,1,507
53025,383,517,516,481,640,517,516,481,397,535,532,512,1,507
53035,384,517,514,480,639,517,514,480,398,535,530,513,1,507
53045,384,517,512,480,639,517,512,480,398,535,528,513,1,507
53055,384,516,511,480,639,516,511,480,398,534,527,513,1,507
53065,383,516,512,481,640,516,512,481,397,534,528,512,1,507
53075,383,515,513,482,640,515,513,482,397,533,529,511,1,507
53085,382,515,516,483,641,515,516,483,396,533,532,510,1,507
53095,382,515,518,483,641,515,518,483,396,533,534,510,1,507
53105,383,516,518,483,640,516,518,483,397,534,534,510,1,507
53115,383,516,516,483,640,516,516,483,397,534,532,510,1,507
53125,383,516,514,482,640,516,514,482,397,534,530,511,1,507
53135,383,516,512,482,640,516,512,482,397,534,528,511,1,507
53145,383,516,511,481,640,516,511,481,397,534,527,512,1,507
53155,383,516,512,482,640,516,512,482,397,534,528,511,1,507
53165,383,515,513,482,640,515,513,482,397,533,529,511,1,507
53175,383,515,515,483,640,515,515,483,397,533,531,510,1,507
53185,382,515,518,483,641,515,518,483,396,533,534,510,1,507
53195,382,515,519,484,641,515,519,484,396,533,535,509,1,507
53205,382,516,519,484,641,516,519,484,396,534,535,509,1,507
53215,383,516,518,483,640,516,518,483,397,534,534,510,1,507
53225,383,517,516,482,640,517,516,482,397,535,532,511,1,507
53235,383,516,514,482,640,516,514,482,397,534,530,511,1,507
53245,383,516,513,482,640,516,513,482,397,534,529,511,1,507
53255,383,516,513,481,640,516,513,481,397,534,529,512,1,507
60773,383,516,514,481,640,516,514,481,397,534,530,512,1,507
60774,496,385,500,483,527,385,500,483,511,402,516,510,1,507
60776,496,384,500,486,527,384,500,486,511,401,516,507,1,507
60786,496,384,501,487,527,384,501,487,511,401,517,506,1,507
60796,497,384,501,488,526,384,501,488,512,401,517,505,1,507
60806,498,384,501,488,525,384,501,488,512,401,517,505,1,507
60816,499,385,501,485,524,385,501,485,512,402,517,508,1,507
60826,499,385,500,482,524,385,500,482,512,402,516,511,1,507
60836,498,386,500,479,525,386,500,479,512,403,516,514,1,507
60846,498,385,500,475,525,385,500,475,512,402,516,518,1,507
60856,497,385,501,474,526,385,501,474,512,402,517,519,1,507
60866,497,384,501,474,526,384,501,474,512,401,517,519,1,507
60876,497,384,501,478,526,384,501,478,512,401,517,515,1,507
60886,497,384,500,482,526,384,500,482,512,401,516,511,1,507
60896,497,384,501,488,526,384,501,488,512,401,517,505,1,507
60906,497,385,501,493,526,385,501,493,512,402,517,500,1,507
60916,496,385,501,496,527,385,501,496,511,402,517,497,1,507
60926,496,386,501,495,527,386,501,495,511,403,517,498,1,507
60936,496,386,501,491,527,386,501,491,511,403,517,502,1,507
60946,496,385,501,487,527,385,501,487,511,402,517,506,1,507
60956,497,385,501,483,526,385,501,483,512,402,517,510,1,507
60966,497,384,501,480,526,384,501,480,512,401,517,513,1,507
60976,498,384,501,478,525,384,501,478,512,401,517,515,1,507
60986,498,384,501,479,525,384,501,479,512,401,517,514,1,507
60996,497,384,501,479,526,384,501,479,512,401,517,514,1,507
61006,497,385,501,480,526,385,501,480,512,402,517,513,1,507
61016,496,384,502,480,527,384,502,480,511,401,518,513,1,507
61026,497,384,501,480,526,384,501,480,512,401,517,513,1,507
61036,497,385,500,481,526,385,500,481,512,402,516,512,1,507
61046,497,385,500,483,526,385,500,483,512,402,516,510,1,507
61056,498,385,501,486,525,385,501,486,512,402,517,507,1,507
61066,498,385,502,489,525,385,502,489,512,402,518,504,1,507
61076,498,384,502,493,525,384,502,493,512,401,518,500,1,507
61086,498,385,502,495,525,385,502,495,512,402,518,498,1,507
61096,498,385,501,495,525,385,501,495,512,402,517,498,1,507
61106,497,385,500,490,526,385,500,490,512,402,516,503,1,507
61116,496,384,500,485,527,384,500,485,511,401,516,508,1,507
61126,495,384,501,480,528,384,501,480,510,401,517,513,1,507
61136,494,384,502,476,529,384,502,476,509,401,518,517,1,507
61146,494,384,504,474,529,384,504,474,509,401,520,519,1,507
61156,494,385,504,472,529,385,504,472,509,402,520,521,1,507
61166,495,385,503,470,528,385,503,470,510,402,519,523,1,507
61176,496,386,503,468,527,386,503,468,511,403,519,525,1,507
61186,497,385,502,469,526,385,502,469,512,402,518,524,1,507
61196,498,384,501,474,525,384,501,474,512,401,517,519,1,507
61206,498,384,501,482,525,384,501,482,512,401,517,511,1,507
61216,497,384,501,489,526,384,501,489,512,401,517,504,1,507
61226,496,384,502,493,527,384,502,493,511,401,518,500,1,507
61236,496,385,502,493,527,385,502,493,511,402,518,500,1,507
61246,496,385,502,489,527,385,502,489,511,402,518,504,1,507
61256,497,386,502,484,526,386,502,484,512,403,518,509,1,507
61266,499,385,502,479,524,385,502,479,512,402,518,514,1,507
61276,500,384,501,478,523,384,501,478,513,401,517,515,1,507
61286,499,384,500,478,524,384,500,478,512,401,516,515,1,507
61296,498,384,500,480,525,384,500,480,512,401,516,513,1,507
61306,497,384,501,482,526,384,501,482,512,401,517,511,1,507
61316,496,384,502,482,527,384,502,482,511,401,518,511,1,507
61326,496,385,502,481,527,385,502,481,511,402,518,512,1,507
61336,496,386,502,480,527,386,502,480,511,403,518,513,1,507
61346,498,386,502,479,525,386,502,479,512,403,518,514,1,507
61356,499,386,501,480,524,386,501,480,512,403,517,513,1,507
61366,499,385,500,483,524,385,500,483,512,402,516,510,1,507
61376,498,385,500,488,525,385,500,488,512,402,516,505,1,507
61386,498,384,500,492,525,384,500,492,512,401,516,501,1,507
61396,497,384,501,495,526,384,501,495,512,401,517,498,1,507
61406,497,384,501,494,526,384,501,494,512,401,517,499,1,507
61416,497,384,501,491,526,384,501,491,512,401,517,502,1,507
61426,496,385,501,486,527,385,501,486,511,402,517,507,1,507
61436,496,385,501,481,527,385,501,481,511,402,517,512,1,507
61446,496,386,502,478,527,386,502,478,511,403,518,515,1,507
61456,496,385,502,476,527,385,502,476,511,402,518,517,1,507
61466,496,385,502,475,527,385,502,475,511,402,518,518,1,507
61476,496,384,502,475,527,384,502,475,511,401,518,518,1,507
61486,496,384,502,477,527,384,502,477,511,401,518,516,1,507
61496,497,383,502,480,526,383,502,480,512,399,518,513,1,507
61506,497,383,502,484,526,383,502,484,512,399,518,509,1,507
61516,497,384,502,487,526,384,502,487,512,401,518,506,1,507
61526,497,385,501,489,526,385,501,489,512,402,517,504,1,507
61536,497,387,500,487,526,387,500,487,512,404,516,506,1,507
61546,498,388,499,480,525,388,499,480,512,405,515,513,1,507
61556,498,388,499,472,525,388,499,472,512,405,515,521,1,507
61566,497,385,500,469,526,385,500,469,512,402,516,524,1,507
61576,497,383,501,473,526,383,501,473,512,399,517,520,1,507
61586,497,382,503,478,526,382,503,478,512,399,519,515,1,507
61596,496,383,503,482,527,383,503,482,511,399,519,511,1,507
61606,496,384,503,482,527,384,503,482,511,401,519,511,1,507
61616,496,385,502,480,527,385,502,480,511,402,518,513,1,507
61626,497,385,502,480,526,385,502,480,512,402,518,513,1,507
61636,498,385,501,481,525,385,501,481,512,402,517,512,1,507
61646,499,384,501,485,524,384,501,485,512,401,517,508,1,507
61656,499,384,500,490,524,384,500,490,512,401,516,503,1,507
61666,500,384,500,493,523,384,500,493,513,401,516,500,1,507
61676,499,384,501,497,524,384,501,497,512,401,517,496,1,507
61686,498,384,502,498,525,384,502,498,512,401,518,495,1,507
61696,497,385,504,497,526,385,504,497,512,402,520,496,1,507
61706,496,385,503,494,527,385,503,494,511,402,519,499,1,507
61716,495,385,502,489,528,385,502,489,510,402,518,504,1,507
61726,496,385,501,483,527,385,501,483,511,402,517,510,1,507
61736,496,385,501,477,527,385,501,477,511,402,517,516,1,507
61746,497,386,501,473,526,386,501,473,512,403,517,520,1,507
61756,497,385,501,473,526,385,501,473,512,402,517,520,1,507
61766,497,384,501,478,526,384,501,478,512,401,517,515,1,507
61776,497,384,502,488,526,384,502,488,512,401,518,505,1,507
61786,497,384,503,497,526,384,503,497,512,401,519,496,1,507
61796,496,384,504,501,527,384,504,501,511,401,520,492,1,507
61806,496,384,504,499,527,384,504,499,511,401,520,494,1,507
61816,496,385,504,492,527,385,504,492,511,402,520,501,1,507
61826,496,386,502,481,527,386,502,481,511,403,518,512,1,507
61836,496,386,502,471,527,386,502,471,511,403,518,522,1,507
61846,496,385,501,465,527,385,501,465,511,402,517,528,1,507
61856,496,384,501,464,527,384,501,464,511,401,517,529,1,507
61866,497,383,500,470,526,383,500,470,512,399,516,523,1,507
61876,496,384,501,478,527,384,501,478,511,401,517,515,1,507
61886,496,385,501,486,527,385,501,486,511,402,517,507,1,507
61896,495,384,502,494,528,384,502,494,510,401,518,499,1,507
61906,495,384,502,499,528,384,502,499,510,401,518,494,1,507
61916,494,384,502,499,529,384,502,499,509,401,518,494,1,507
61926,494,385,503,494,529,385,503,494,509,402,519,499,1,507
61936,494,386,504,485,529,386,504,485,509,403,520,508,1,507
61946,495,385,503,479,528,385,503,479,510,402,519,514,1,507
61956,497,385,503,476,526,385,503,476,512,402,519,517,1,507
61966,499,384,502,475,524,384,502,475,512,401,518,518,1,507
61976,499,384,502,478,524,384,502,478,512,401,518,515,1,507
61986,499,384,502,480,524,384,502,480,512,401,518,513,1,507
61996,498,384,502,481,525,384,502,481,512,401,518,512,1,507
62006,498,385,502,480,525,385,502,480,512,402,518,513,1,507
62016,497,385,502,479,526,385,502,479,512,402,518,514,1,507
62026,497,385,501,479,526,385,501,479,512,402,517,514,1,507
62036,496,385,501,479,527,385,501,479,511,402,517,514,1,507
62046,496,384,502,480,527,384,502,480,511,401,518,513,1,507
62056,496,383,502,484,527,383,502,484,511,399,518,509,1,507
62066,496,384,502,487,527,384,502,487,511,401,518,506,1,507
62076,496,385,502,484,527,385,502,484,511,402,518,509,1,507
62086,496,384,503,482,527,384,503,482,511,401,519,511,1,507
62096,496,383,502,484,527,383,502,484,511,399,518,509,1,507
62106,497,384,502,487,526,384,502,487,512,401,518,506,1,507
62116,497,385,502,489,526,385,502,489,512,402,518,504,1,507
62126,496,387,501,486,527,387,501,486,511,404,517,507,1,507
62136,496,387,501,483,527,387,501,483,511,404,517,510,1,507
62146,497,385,501,482,526,385,501,482,512,402,517,511,1,507
62156,498,384,501,484,525,384,501,484,512,401,517,509,1,507
62166,498,383,501,488,525,383,501,488,512,399,517,505,1,507
62176,498,383,502,493,525,383,502,493,512,399,518,500,1,507
62186,497,383,502,495,526,383,502,495,512,399,518,498,1,507
62196,496,384,503,495,527,384,503,495,511,401,519,498,1,507
62206,495,385,503,491,528,385,503,491,510,402,519,502,1,507
62216,494,386,502,484,529,386,502,484,509,403,518,509,1,507
62226,494,386,502,479,529,386,502,479,509,403,518,514,1,507
62236,494,385,501,477,529,385,501,477,509,402,517,516,1,507
62246,495,384,501,478,528,384,501,478,510,401,517,515,1,507
62256,496,384,501,482,527,384,501,482,511,401,517,511,1,507
62266,497,384,501,485,526,384,501,485,512,401,517,508,1,507
62276,497,385,502,488,526,385,502,488,512,402,518,505,1,507
62286,496,385,502,488,527,385,502,488,511,402,518,505,1,507
62296,496,385,502,486,527,385,502,486,511,402,518,507,1,507
62306,496,385,502,481,527,385,502,481,511,402,518,512,1,507
62316,496,385,502,475,527,385,502,475,511,402,518,518,1,507
62326,495,385,501,472,528,385,501,472,510,402,517,521,1,507
62336,496,384,501,472,527,384,501,472,511,401,517,521,1,507
62346,496,384,501,476,527,384,501,476,511,401,517,517,1,507
62356,497,384,501,482,526,384,501,482,512,401,517,511,1,507
62366,497,384,502,487,526,384,502,487,512,401,518,506,1,507
62376,497,385,502,490,526,385,502,490,512,402,518,503,1,507
62386,496,386,502,488,527,386,502,488,511,403,518,505,1,507
62396,495,385,502,486,528,385,502,486,510,402,518,507,1,507
62406,495,385,501,483,528,385,501,483,510,402,517,510,1,507
62416,494,384,501,482,529,384,501,482,509,401,517,511,1,507
62426,494,384,501,483,529,384,501,483,509,401,517,510,1,507
62436,495,384,501,485,528,384,501,485,510,401,517,508,1,507
62446,495,384,501,485,528,384,501,485,510,401,517,508,1,507
62456,496,385,501,484,527,385,501,484,511,402,517,509,1,507
62466,496,385,501,481,527,385,501,481,511,402,517,512,1,507
62476,496,384,500,479,527,384,500,479,511,401,516,514,1,507
62486,496,384,500,479,527,384,500,479,511,401,516,514,1,507
62496,496,384,500,482,527,384,500,482,511,401,516,511,1,507
62506,496,383,501,488,527,383,501,488,511,399,517,505,1,507
62516,496,384,501,493,527,384,501,493,511,401,517,500,1,507
62526,496,385,502,496,527,385,502,496,511,402,518,497,1,507
62536,496,386,502,494,527,386,502,494,511,403,518,499,1,507
62546,496,386,502,490,527,386,502,490,511,403,518,503,1,507
62556,496,386,502,487,527,386,502,487,511,403,518,506,1,507
62566,495,386,502,481,528,386,502,481,510,403,518,512,1,507
62576,495,386,501,475,528,386,501,475,510,403,517,518,1,507
62586,494,385,500,471,529,385,500,471,509,402,516,522,1,507
62596,494,384,500,469,529,384,500,469,509,401,516,524,1,507
62606,494,383,500,471,529,383,500,471,509,399,516,522,1,507
62616,495,382,500,475,528,382,500,475,510,399,516,518,1,507
62626,497,383,500,482,526,383,500,482,512,399,516,511,1,507
62636,497,384,500,488,526,384,500,488,512,401,516,505,1,507
62646,497,385,501,490,526,385,501,490,512,402,517,503,1,507
62656,497,386,502,490,526,386,502,490,512,403,518,503,1,507
62666,496,386,502,486,527,386,502,486,511,403,518,507,1,507
62676,496,386,502,482,527,386,502,482,511,403,518,511,1,507
62686,496,385,502,478,527,385,502,478,511,402,518,515,1,507
62696,496,384,501,476,527,384,501,476,511,401,517,517,1,507
62706,497,384,501,476,526,384,501,476,512,401,517,517,1,507
62716,497,383,501,479,526,383,501,479,512,399,517,514,1,507
62726,497,384,500,484,526,384,500,484,512,401,516,509,1,507
62736,496,385,500,488,527,385,500,488,511,402,516,505,1,507
62746,496,385,501,491,527,385,501,491,511,402,517,502,1,507
62756,495,386,501,492,528,386,501,492,510,403,517,501,1,507
62766,494,385,502,488,529,385,502,488,509,402,518,505,1,507
62776,495,385,502,479,528,385,502,479,510,402,518,514,1,507
62786,495,385,502,470,528,385,502,470,510,402,518,523,1,507
62796,496,385,501,463,527,385,501,463,511,402,517,530,1,507
62806,497,384,500,460,526,384,500,460,512,401,516,533,1,507
62816,498,384,500,464,525,384,500,464,512,401,516,529,1,507
62826,497,383,500,472,526,383,500,472,512,399,516,521,1,507
62836,496,384,501,482,527,384,501,482,511,401,517,511,1,507
62846,495,384,501,490,528,384,501,490,510,401,517,503,1,507
62856,495,385,502,494,528,385,502,494,510,402,518,499,1,507
62866,495,386,502,493,528,386,502,493,510,403,518,500,1,507
62876,496,386,502,489,527,386,502,489,511,403,518,504,1,507
62886,497,385,501,485,526,385,501,485,512,402,517,508,1,507
62896,497,385,501,483,526,385,501,483,512,402,517,510,1,507
62906,497,384,501,481,526,384,501,481,512,401,517,512,1,507
62916,496,384,501,482,527,384,501,482,511,401,517,511,1,507
62926,496,383,501,484,527,383,501,484,511,399,517,509,1,507
62936,496,383,501,487,527,383,501,487,511,399,517,506,1,507
62946,496,384,501,489,527,384,501,489,511,401,517,504,1,507
62956,496,384,501,490,527,384,501,490,511,401,517,503,1,507
62966,496,385,501,489,527,385,501,489,511,402,517,504,1,507
62976,496,385,502,486,527,385,502,486,511,402,518,507,1,507
62986,496,385,502,482,527,385,502,482,511,402,518,511,1,507
62996,496,385,502,479,527,385,502,479,511,402,518,514,1,507
63006,496,384,502,477,527,384,502,477,511,401,518,516,1,507
63016,495,384,501,476,528,384,501,476,510,401,517,517,1,507
63026,495,384,501,479,528,384,501,479,510,401,517,514,1,507
63036,495,384,501,484,528,384,501,484,510,401,517,509,1,507
63046,495,384,501,489,528,384,501,489,510,401,517,504,1,507
63056,495,384,501,493,528,384,501,493,510,401,517,500,1,507
63066,496,384,502,493,527,384,502,493,511,401,518,500,1,507
63076,496,385,501,489,527,385,501,489,511,402,517,504,1,507
63086,497,385,502,482,526,385,502,482,512,402,518,511,1,507
63096,497,386,502,477,526,386,502,477,512,403,518,516,1,507
63106,496,385,503,474,527,385,503,474,511,402,519,519,1,507
63116,495,385,502,474,528,385,502,474,510,402,518,519,1,507
63126,495,384,502,477,528,384,502,477,510,401,518,516,1,507
63136,495,384,501,480,528,384,501,480,510,401,517,513,1,507
63146,496,384,501,482,527,384,501,482,511,401,517,511,1,507
63156,497,384,500,484,526,384,500,484,512,401,516,509,1,507
63166,497,384,500,485,526,384,500,485,512,401,516,508,1,507
63176,497,384,501,485,526,384,501,485,512,401,517,508,1,507
63186,497,384,502,486,526,384,502,486,512,401,518,507,1,507
63196,496,384,502,486,527,384,502,486,511,401,518,507,1,507
63206,495,385,502,486,528,385,502,486,510,402,518,507,1,507
63216,495,386,502,485,528,386,502,485,510,403,518,508,1,507
63226,495,386,501,485,528,386,501,485,510,403,517,508,1,507
63236,496,385,501,484,527,385,501,484,511,402,517,509,1,507
63246,496,384,500,485,527,384,500,485,511,401,516,508,1,507
63256,496,384,500,485,527,384,500,485,511,401,516,508,1,507
63266,496,384,500,486,527,384,500,486,511,401,516,507,1,507
63276,496,384,501,486,527,384,501,486,511,401,517,507,1,507
70159,495,384,501,485,528,384,501,485,510,401,517,508,1,507
70160,495,604,521,483,528,604,521,483,510,623,537,510,1,507
70166,496,603,520,483,527,603,520,483,511,622,536,510,1,507
70176,496,603,518,483,527,603,518,483,511,622,534,510,1,507
70186,496,603,517,483,527,603,517,483,511,622,533,510,1,507
70196,495,603,516,483,528,603,516,483,510,622,532,510,1,507
70206,495,603,517,483,528,603,517,483,510,622,533,510,1,507
70216,495,603,518,483,528,603,518,483,510,622,534,510,1,507
70226,495,603,518,483,528,603,518,483,510,622,534,510,1,507
70236,495,603,517,483,528,603,517,483,510,622,533,510,1,507
70246,495,603,517,482,528,603,517,482,510,622,533,511,1,507
70256,495,603,516,483,528,603,516,483,510,622,532,510,1,507
70266,495,603,517,483,528,603,517,483,510,622,533,510,1,507
70276,495,604,518,483,528,604,518,483,510,623,534,510,1,507
70286,495,604,519,483,528,604,519,483,510,623,535,510,1,507
70296,494,604,520,483,529,604,520,483,509,623,536,510,1,507
70306,495,604,520,483,528,604,520,483,510,623,536,510,1,507
70316,495,604,520,483,528,604,520,483,510,623,536,510,1,507
70326,495,603,520,483,528,603,520,483,510,622,536,510,1,507
70336,495,603,519,483,528,603,519,483,510,622,535,510,1,507
70346,495,603,519,482,528,603,519,482,510,622,535,511,1,507
70356,495,603,518,482,528,603,518,482,510,622,534,511,1,507
70366,495,603,519,483,528,603,519,483,510,622,535,510,1,507
70376,495,603,519,483,528,603,519,483,510,622,535,510,1,507
70386,495,603,518,483,528,603,518,483,510,622,534,510,1,507
70396,495,603,518,483,528,603,518,483,510,622,534,510,1,507
70406,495,603,518,483,528,603,518,483,510,622,534,510,1,507
70416,495,603,518,483,528,603,518,483,510,622,534,510,1,507
70426,495,603,519,483,528,603,519,483,510,622,535,510,1,507
70436,495,604,520,483,528,604,520,483,510,623,536,510,1,507
70446,495,604,521,483,528,604,521,483,510,623,537,510,1,507
70456,495,604,521,483,528,604,521,483,510,623,537,510,1,507
70466,495,604,520,483,528,604,520,483,510,623,536,510,1,507
70476,495,603,520,482,528,603,520,482,510,622,536,511,1,507
70486,495,603,519,483,528,603,519,483,510,622,535,510,1,507
70496,495,603,519,482,528,603,519,482,510,622,535,511,1,507
70506,495,603,519,482,528,603,519,482,510,622,535,511,1,507
70516,495,603,519,482,528,603,519,482,510,622,535,511,1,507
70526,495,604,520,482,528,604,520,482,510,623,536,511,1,507
70536,495,604,521,483,528,604,521,483,510,623,537,510,1,507
70546,495,604,521,483,528,604,521,483,510,623,537,510,1,507
70556,495,604,520,482,528,604,520,482,510,623,536,511,1,507
70566,495,603,520,483,528,603,520,483,510,622,536,510,1,507
70576,495,604,520,483,528,604,520,483,510,623,536,510,1,507
70586,495,603,519,482,528,603,519,482,510,622,535,511,1,507
70596,495,603,519,483,528,603,519,483,510,622,535,510,1,507
70606,495,603,519,483,528,603,519,483,510,622,535,510,1,507
70616,495,603,519,483,528,603,519,483,510,622,535,510,1,507
70626,495,603,520,483,528,603,520,483,510,622,536,510,1,507
70636,495,603,520,482,528,603,520,482,510,622,536,511,1,507
70646,495,603,520,482,528,603,520,482,510,622,536,511,1,507
70656,495,603,520,483,528,603,520,483,510,622,536,510,1,507
70666,495,603,520,483,528,603,520,483,510,622,536,510,1,507
70676,495,603,520,483,528,603,520,483,510,622,536,510,1,507
70686,495,603,520,482,528,603,520,482,510,622,536,511,1,507
70696,495,603,520,483,528,603,520,483,510,622,536,510,1,507
70706,495,603,519,483,528,603,519,483,510,622,535,510,1,507
70716,495,603,520,483,528,603,520,483,510,622,536,510,1,507
70726,495,603,520,483,528,603,520,483,510,622,536,510,1,507
70736,495,603,520,483,528,603,520,483,510,622,536,510,1,507
70746,495,603,521,483,528,603,521,483,510,622,537,510,1,507
70756,495,604,521,483,528,604,521,483,510,623,537,510,1,507
70766,495,604,520,482,528,604,520,482,510,623,536,511,1,507
70776,495,603,520,483,528,603,520,483,510,622,536,510,1,507
70786,495,603,520,483,528,603,520,483,510,622,536,510,1,507
70796,495,603,520,483,528,603,520,483,510,622,536,510,1,507
70806,495,603,520,483,528,603,520,483,510,622,536,510,1,507
70816,495,603,520,483,528,603,520,483,510,622,536,510,1,507
70826,495,603,520,482,528,603,520,482,510,622,536,511,1,507
70836,495,603,520,483,528,603,520,483,510,622,536,510,1,507
70846,495,603,521,483,528,603,521,483,510,622,537,510,1,507
70856,495,603,520,483,528,603,520,483,510,622,536,510,1,507
70866,495,603,520,483,528,603,520,483,510,622,536,510,1,507
70876,495,603,519,483,528,603,519,483,510,622,535,510,1,507
70886,495,603,519,483,528,603,519,483,510,622,535,510,1,507
70896,495,603,519,483,528,603,519,483,510,622,535,510,1,507
70906,495,603,519,483,528,603,519,483,510,622,535,510,1,507
70916,495,603,519,483,528,603,519,483,510,622,535,510,1,507
70926,495,603,520,483,528,603,520,483,510,622,536,510,1,507
70936,495,603,520,483,528,603,520,483,510,622,536,510,1,507
70946,495,604,520,483,528,604,520,483,510,623,536,510,1,507
70956,495,603,520,483,528,603,520,483,510,622,536,510,1,507
70966,495,603,520,483,528,603,520,483,510,622,536,510,1,507
70976,495,603,519,483,528,603,519,483,510,622,535,510,1,507
70986,495,603,519,482,528,603,519,482,510,622,535,511,1,507
70996,495,603,520,483,528,603,520,483,510,622,536,510,1,507
71006,495,603,520,483,528,603,520,483,510,622,536,510,1,507
71016,495,603,521,483,528,603,521,483,510,622,537,510,1,507
71026,495,604,521,483,528,604,521,483,510,623,537,510,1,507
71036,495,604,521,483,528,604,521,483,510,623,537,510,1,507
71046,495,603,521,483,528,603,521,483,510,622,537,510,1,507
71056,495,603,520,483,528,603,520,483,510,622,536,510,1,507
71066,495,603,520,483,528,603,520,483,510,622,536,510,1,507
71076,495,603,519,483,528,603,519,483,510,622,535,510,1,507
71086,495,603,518,482,528,603,518,482,510,622,534,511,1,507
71096,495,603,518,482,528,603,518,482,510,622,534,511,1,507
71106,495,603,518,482,528,603,518,482,510,622,534,511,1,507
71116,495,603,519,482,528,603,519,482,510,622,535,511,1,507
71126,495,603,520,482,528,603,520,482,510,622,536,511,1,507
71136,495,603,521,483,528,603,521,483,510,622,537,510,1,507
71146,495,604,521,483,528,604,521,483,510,623,537,510,1,507
71156,495,604,521,483,528,604,521,483,510,623,537,510,1,507
71166,495,604,521,483,528,604,521,483,510,623,537,510,1,507
71176,495,603,520,483,528,603,520,483,510,622,536,510,1,507
71186,495,603,520,483,528,603,520,483,510,622,536,510,1,507
71196,495,604,520,483,528,604,520,483,510,623,536,510,1,507
71206,495,603,520,483,528,603,520,483,510,622,536,510,1,507
71216,495,603,520,483,528,603,520,483,510,622,536,510,1,507
71226,495,603,520,483,528,603,520,483,510,622,536,510,1,507
71236,495,603,520,483,528,603,520,483,510,622,536,510,1,507
71246,495,603,520,483,528,603,520,483,510,622,536,510,1,507
71256,495,603,520,483,528,603,520,483,510,622,536,510,1,507
71266,495,603,519,483,528,603,519,483,510,622,535,510,1,507
71276,495,603,519,482,528,603,519,482,510,622,535,511,1,507
71286,495,603,519,483,528,603,519,483,510,622,535,510,1,507
71296,495,603,520,483,528,603,520,483,510,622,536,510,1,507
71306,495,604,520,482,528,604,520,482,510,623,536,511,1,507
71316,495,604,520,483,528,604,520,483,510,623,536,510,1,507
71326,495,604,520,483,528,604,520,483,510,623,536,510,1,507
71336,495,604,520,482,528,604,520,482,510,623,536,511,1,507
71346,495,603,520,483,528,603,520,483,510,622,536,510,1,507
71356,495,603,520,482,528,603,520,482,510,622,536,511,1,507
71366,494,603,519,483,529,603,519,483,509,622,535,510,1,507
71376,494,603,519,483,529,603,519,483,509,622,535,510,1,507
71386,495,603,519,483,528,603,519,483,510,622,535,510,1,507
71396,495,604,520,482,528,604,520,482,510,623,536,511,1,507
71406,495,603,520,482,528,603,520,482,510,622,536,511,1,507
71416,495,603,520,483,528,603,520,483,510,622,536,510,1,507
71426,495,603,520,482,528,603,520,482,510,622,536,511,1,507
71436,495,603,520,482,528,603,520,482,510,622,536,511,1,507
71446,495,603,520,483,528,603,520,483,510,622,536,510,1,507
71456,495,603,519,482,528,603,519,482,510,622,535,511,1,507
71466,495,603,519,483,528,603,519,483,510,622,535,510,1,507
71476,495,603,519,483,528,603,519,483,510,622,535,510,1,507
71486,495,603,519,482,528,603,519,482,510,622,535,511,1,507
71496,495,603,520,482,528,603,520,482,510,622,536,511,1,507
71506,495,604,520,483,528,604,520,483,510,623,536,510,1,507
71516,495,604,520,483,528,604,520,483,510,623,536,510,1,507
71526,495,603,520,483,528,603,520,483,510,622,536,510,1,507
71536,495,604,520,483,528,604,520,483,510,623,536,510,1,507
71546,495,603,519,483,528,603,519,483,510,622,535,510,1,507
71556,495,603,519,483,528,603,519,483,510,622,535,510,1,507
71566,495,603,519,483,528,603,519,483,510,622,535,510,1,507
71576,495,603,519,483,528,603,519,483,510,622,535,510,1,507
71586,495,603,519,483,528,603,519,483,510,622,535,510,1,507
71596,495,603,520,483,528,603,520,483,510,622,536,510,1,507
71606,495,604,521,483,528,604,521,483,510,623,537,510,1,507
71616,495,604,521,483,528,604,521,483,510,623,537,510,1,507
71626,495,604,521,483,528,604,521,483,510,623,537,510,1,507
71636,495,604,520,483,528,604,520,483,510,623,536,510,1,507
71646,495,603,519,483,528,603,519,483,510,622,535,510,1,507
71656,495,603,519,483,528,603,519,483,510,622,535,510,1,507
71666,495,603,519,483,528,603,519,483,510,622,535,510,1,507
71676,495,603,519,482,528,603,519,482,510,622,535,511,1,507
71686,495,603,520,483,528,603,520,483,510,622,536,510,1,507
71696,495,604,520,482,528,604,520,482,510,623,536,511,1,507
71706,495,604,521,483,528,604,521,483,510,623,537,510,1,507
71716,495,604,521,482,528,604,521,482,510,623,537,511,1,507
71726,495,604,520,482,528,604,520,482,510,623,536,511,1,507
71736,495,603,519,483,528,603,519,483,510,622,535,510,1,507
71746,495,603,518,483,528,603,518,483,510,622,534,510,1,507
71756,495,603,518,482,528,603,518,482,510,622,534,511,1,507
71766,495,603,518,483,528,603,518,483,510,622,534,510,1,507
71776,495,603,519,482,528,603,519,482,510,622,535,511,1,507
71786,495,603,520,483,528,603,520,483,510,622,536,510,1,507
71796,495,604,521,483,528,604,521,483,510,623,537,510,1,507
71806,495,604,521,483,528,604,521,483,510,623,537,510,1,507
71816,495,604,521,482,528,604,521,482,510,623,537,511,1,507
71826,495,604,520,482,528,604,520,482,510,623,536,511,1,507
71836,495,604,520,483,528,604,520,483,510,623,536,510,1,507
71846,495,603,519,482,528,603,519,482,510,622,535,511,1,507
71856,495,603,519,483,528,603,519,483,510,622,535,510,1,507
71866,495,603,519,482,528,603,519,482,510,622,535,511,1,507
71876,495,603,519,482,528,603,519,482,510,622,535,511,1,507
71886,495,603,519,483,528,603,519,483,510,622,535,510,1,507
71896,495,603,520,483,528,603,520,483,510,622,536,510,1,507
71906,495,603,520,483,528,603,520,483,510,622,536,510,1,507
71916,495,603,520,483,528,603,520,483,510,622,536,510,1,507
71926,495,603,520,483,528,603,520,483,510,622,536,510,1,507
71936,495,603,520,483,528,603,520,483,510,622,536,510,1,507
71946,495,603,520,483,528,603,520,483,510,622,536,510,1,507
71956,495,604,520,483,528,604,520,483,510,623,536,510,1,507
71966,495,604,520,483,528,604,520,483,510,623,536,510,1,507
71976,495,603,520,483,528,603,520,483,510,622,536,510,1,507
71986,495,603,520,483,528,603,520,483,510,622,536,510,1,507
71996,495,604,520,483,528,604,520,483,510,623,536,510,1,507
72006,495,603,520,483,528,603,520,483,510,622,536,510,1,507
72016,495,603,520,483,528,603,520,483,510,622,536,510,1,507
72026,495,603,520,483,528,603,520,483,510,622,536,510,1,507
72036,495,603,520,483,528,603,520,483,510,622,536,510,1,507
72046,495,604,520,483,528,604,520,483,510,623,536,510,1,507
72056,495,603,520,483,528,603,520,483,510,622,536,510,1,507
72066,495,603,520,483,528,603,520,483,510,622,536,510,1,507
72076,495,603,520,483,528,603,520,483,510,622,536,510,1,507
72086,495,603,519,482,528,603,519,482,510,622,535,511,1,507
72096,495,603,518,483,528,603,518,483,510,622,534,510,1,507
72106,495,603,518,483,528,603,518,483,510,622,534,510,1,507
72116,495,603,519,483,528,603,519,483,510,622,535,510,1,507
72126,495,603,519,483,528,603,519,483,510,622,535,510,1,507
72136,495,603,519,483,528,603,519,483,510,622,535,510,1,507
72146,495,603,519,482,528,603,519,482,510,622,535,511,1,507
72156,495,603,519,482,528,603,519,482,510,622,535,511,1,507
72166,495,603,519,483,528,603,519,483,510,622,535,510,1,507
72176,495,603,518,483,528,603,518,483,510,622,534,510,1,507
72186,495,603,518,483,528,603,518,483,510,622,534,510,1,507
72196,495,603,518,483,528,603,518,483,510,622,534,510,1,507
72206,495,603,518,482,528,603,518,482,510,622,534,511,1,507
72216,495,603,519,483,528,603,519,483,510,622,535,510,1,507
72226,495,604,519,483,528,604,519,483,510,623,535,510,1,507
72236,495,604,519,483,528,604,519,483,510,623,535,510,1,507
72246,495,603,519,483,528,603,519,483,510,622,535,510,1,507
72256,495,604,519,483,528,604,519,483,510,623,535,510,1,507
72266,495,603,518,482,528,603,518,482,510,622,534,511,1,507
72276,495,603,519,482,528,603,519,482,510,622,535,511,1,507
72286,495,603,518,483,528,603,518,483,510,622,534,510,1,507
72296,495,603,518,482,528,603,518,482,510,622,534,511,1,507
72306,495,603,518,483,528,603,518,483,510,622,534,510,1,507
72316,495,603,519,482,528,603,519,482,510,622,535,511,1,507
72326,495,603,519,482,528,603,519,482,510,622,535,511,1,507
72336,495,603,520,483,528,603,520,483,510,622,536,510,1,507
72346,495,604,520,483,528,604,520,483,510,623,536,510,1,507
72356,495,604,520,482,528,604,520,482,510,623,536,511,1,507
72366,495,603,519,482,528,603,519,482,510,622,535,511,1,507
72376,495,603,519,482,528,603,519,482,510,622,535,511,1,507
72386,495,603,518,483,528,603,518,483,510,622,534,510,1,507
72396,495,603,518,483,528,603,518,483,510,622,534,510,1,507
72406,495,603,519,483,528,603,519,483,510,622,535,510,1,507
72416,495,604,519,482,528,604,519,482,510,623,535,511,1,507
72426,495,603,520,482,528,603,520,482,510,622,536,511,1,507
72436,495,604,520,483,528,604,520,483,510,623,536,510,1,507
72446,495,604,520,483,528,604,520,483,510,623,536,510,1,507
72456,495,604,520,483,528,604,520,483,510,623,536,510,1,507
72466,495,604,519,483,528,604,519,483,510,623,535,510,1,507
72476,495,603,519,482,528,603,519,482,510,622,535,511,1,507
72486,495,603,519,482,528,603,519,482,510,622,535,511,1,507
72496,495,603,519,483,528,603,519,483,510,622,535,510,1,507
72506,495,603,519,482,528,603,519,482,510,622,535,511,1,507
72516,495,603,519,483,528,603,519,483,510,622,535,510,1,507
72526,495,603,519,483,528,603,519,483,510,622,535,510,1,507
72536,495,604,520,482,528,604,520,482,510,623,536,511,1,507
72546,495,603,520,483,528,603,520,483,510,622,536,510,1,507
72556,495,603,519,483,528,603,519,483,510,622,535,510,1,507
72566,495,603,519,482,528,603,519,482,510,622,535,511,1,507
72576,495,603,519,482,528,603,519,482,510,622,535,511,1,507
72586,495,603,520,482,528,603,520,482,510,622,536,511,1,507
72596,495,603,519,483,528,603,519,483,510,622,535,510,1,507
72606,495,603,520,482,528,603,520,482,510,622,536,511,1,507
72616,495,604,519,483,528,604,519,483,510,623,535,510,1,507
72626,495,603,519,482,528,603,519,482,510,622,535,511,1,507
72636,495,603,519,483,528,603,519,483,510,622,535,510,1,507
72646,495,603,519,483,528,603,519,483,510,622,535,510,1,507
72656,495,603,519,483,528,603,519,483,510,622,535,510,1,507
72666,495,603,519,483,528,603,519,483,510,622,535,510,1,507
89136,495,603,520,483,528,603,520,483,510,622,536,538,1,507
89138,499,498,395,472,524,498,395,472,512,515,408,538,1,507
89139,499,499,395,468,524,499,395,468,512,517,408,538,1,507
89146,500,499,395,465,523,499,395,465,513,517,408,538,1,507
89156,500,498,394,464,523,498,394,464,513,515,407,538,1,507
89166,499,497,394,465,524,497,394,465,512,514,407,538,1,507
89176,499,495,394,468,524,495,394,468,512,512,407,538,1,507
89186,499,495,394,471,524,495,394,471,512,512,407,538,1,507
89196,500,496,394,472,523,496,394,472,513,513,407,538,1,507
89206,500,497,394,470,523,497,394,470,513,514,407,538,1,507
89216,501,498,393,466,522,498,393,466,514,515,406,538,1,507
89226,501,499,393,464,522,499,393,464,514,517,406,538,1,507
89236,501,500,393,462,522,500,393,462,514,518,406,538,1,507
89246,501,500,393,462,522,500,393,462,514,518,406,538,1,507
89256,500,499,395,461,523,499,395,461,513,517,408,538,1,507
89266,499,499,397,462,524,499,397,462,512,517,410,538,1,507
89276,498,498,398,463,525,498,398,463,512,515,411,538,1,507
89286,498,497,398,461,525,497,398,461,512,514,411,538,1,507
89296,497,497,397,458,526,497,397,458,512,514,410,538,1,507
89306,497,496,395,455,526,496,395,455,512,513,408,538,1,507
89316,497,495,394,454,526,495,394,454,512,512,407,538,1,507
89326,497,493,394,455,526,493,394,455,512,512,407,538,1,507
89336,496,491,396,460,527,491,396,460,511,510,409,538,1,507
89346,495,492,398,463,528,492,398,463,510,511,411,538,1,507
89356,494,494,400,463,529,494,400,463,509,512,413,538,1,507
89366,493,496,400,460,530,496,400,460,508,513,413,538,1,507
89376,493,495,397,459,530,495,397,459,508,512,410,538,1,507
89386,493,492,395,461,530,492,395,461,508,511,408,538,1,507
89396,492,490,393,468,531,490,393,468,507,509,406,538,1,507
89406,491,488,392,474,532,488,392,474,505,506,405,538,1,507
89416,490,489,393,479,533,489,393,479,504,507,406,538,1,507
89426,490,490,394,480,533,490,394,480,504,509,407,538,1,507
89437,489,491,396,482,534,491,396,482,503,510,409,537,1,507
89446,490,485,392,489,533,485,392,489,504,503,405,530,1,507
89456,489,484,391,501,534,484,391,501,503,502,404,518,1,507
89466,489,488,392,505,534,488,392,505,503,506,405,514,1,507
89476,491,491,395,504,532,491,395,504,505,510,408,515,1,507
89486,495,493,398,503,528,493,398,503,510,512,411,516,1,507
89496,498,494,394,503,525,494,394,503,512,512,407,516,1,507
89506,499,497,385,500,524,497,385,500,512,514,398,519,1,507
89516,500,500,372,496,523,500,372,496,513,518,384,523,1,507
89526,499,499,367,492,524,499,367,492,512,517,379,527,1,507
89536,496,494,372,494,527,494,372,494,511,512,384,525,1,507
89546,493,490,382,499,530,490,382,499,508,509,394,520,1,507
89556,490,489,394,504,533,489,394,504,504,507,407,515,1,507
89566,490,488,405,509,533,488,405,509,504,506,418,510,1,507
89576,494,493,418,506,529,493,418,506,509,512,432,513,1,507
89586,496,494,422,508,527,494,422,508,511,512,436,511,1,507
89596,498,499,418,504,525,499,418,504,512,517,432,515,1,507
89606,499,503,408,495,524,503,408,495,512,521,421,524,1,507
89616,500,504,400,485,523,504,400,485,513,522,413,534,1,507
89626,501,503,396,479,522,503,396,479,514,521,409,540,1,507
89636,500,498,392,483,523,498,392,483,513,515,405,536,1,507
89646,499,489,389,495,524,489,389,495,512,507,402,524,1,507
89656,497,481,388,515,526,481,388,515,512,499,401,504,1,507
89666,495,476,388,534,528,476,388,534,510,494,401,485,1,507
89676,494,477,387,549,529,477,387,549,509,495,399,470,1,507
89686,494,483,387,556,529,483,387,556,509,501,399,463,1,507
89696,496,492,388,553,527,492,388,553,511,511,401,466,1,507
89706,499,502,390,539,524,502,390,539,512,520,403,480,1,507
89716,501,510,393,523,522,510,393,523,514,528,406,496,1,507
89726,502,511,396,512,521,511,396,512,515,529,409,507,1,507
89736,500,506,397,511,523,506,397,511,513,524,410,508,1,507
89746,497,498,398,521,526,498,398,521,512,515,411,498,1,507
89756,493,489,398,538,530,489,398,538,508,507,411,481,1,507
89766,490,483,399,555,533,483,399,555,504,501,412,464,1,507
89776,488,483,399,569,535,483,399,569,502,501,412,450,1,507
89786,488,486,396,573,535,486,396,573,502,504,409,446,1,507
89796,490,492,391,568,533,492,391,568,504,511,404,451,1,507
89806,493,498,385,558,530,498,385,558,508,515,398,461,1,507
89816,497,502,383,547,526,502,383,547,512,520,395,472,1,507
89826,499,503,384,538,524,503,384,538,512,521,396,481,1,507
89836,497,498,389,537,526,498,389,537,512,515,402,482,1,507
89846,494,491,395,543,529,491,395,543,509,510,408,476,1,507
89856,490,484,401,554,533,484,401,554,504,502,414,465,1,507
89866,486,480,404,569,537,480,404,569,500,498,417,450,1,507
89876,485,480,403,581,538,480,403,581,499,498,416,438,1,507
89886,486,483,401,586,537,483,401,586,500,501,414,433,1,507
89896,489,488,399,584,534,488,399,584,503,506,412,435,1,507
89906,494,496,396,576,529,496,396,576,509,513,409,443,1,507
89916,499,502,393,564,524,502,393,564,512,520,406,455,1,507
89926,501,505,391,553,522,505,391,553,514,523,404,466,1,507
89936,501,502,390,546,522,502,390,546,514,520,403,473,1,507
89946,498,496,391,544,525,496,391,544,512,513,404,475,1,507
89956,495,489,392,548,528,489,392,548,510,507,405,471,1,507
89966,492,485,394,554,531,485,394,554,507,503,407,465,1,507
89976,491,484,396,559,532,484,396,559,505,502,409,460,1,507
89986,492,486,397,561,531,486,397,561,507,504,410,458,1,507
89996,494,490,397,558,529,490,397,558,509,509,410,461,1,507
90006,499,495,394,551,524,495,394,551,512,512,407,468,1,507
90016,504,499,391,543,519,499,391,543,517,517,404,476,1,507
90026,507,500,389,535,516,500,389,535,521,518,402,484,1,507
90036,507,498,389,530,516,498,389,530,521,515,402,489,1,507
90046,504,493,389,530,519,493,389,530,517,512,402,489,1,507
90056,499,488,389,535,524,488,389,535,512,506,402,484,1,507
90066,496,486,391,540,527,486,391,540,511,504,404,479,1,507
90076,494,485,394,544,529,485,394,544,509,503,407,475,1,507
90086,494,486,397,546,529,486,397,546,509,504,410,473,1,507
90096,496,489,398,546,527,489,398,546,511,507,411,473,1,507
90106,500,493,397,544,523,493,397,544,513,512,410,475,1,507
90116,503,494,396,541,520,494,396,541,516,512,409,478,1,507
90126,504,493,395,542,519,493,395,542,517,512,408,477,1,507
90136,501,489,394,546,522,489,394,546,514,507,407,473,1,507
90146,498,486,394,554,525,486,394,554,512,504,407,465,1,507
90156,494,483,394,562,529,483,394,562,509,501,407,457,1,507
90166,492,482,395,569,531,482,395,569,507,500,408,450,1,507
90176,491,483,395,574,532,483,395,574,505,501,408,445,1,507
90186,494,488,394,574,529,488,394,574,509,506,407,445,1,507
90196,500,494,393,568,523,494,393,568,513,512,406,451,1,507
90206,505,496,394,561,518,496,394,561,519,513,407,458,1,507
90216,506,495,394,559,517,495,394,559,520,512,407,460,1,507
90226,504,491,394,562,519,491,394,562,517,510,407,457,1,507
90236,500,486,392,569,523,486,392,569,513,504,405,450,1,507
90246,496,482,389,578,527,482,389,578,511,500,402,441,1,507
90256,494,483,390,585,529,483,390,585,509,501,403,434,1,507
90266,493,484,393,587,530,484,393,587,508,502,406,432,1,507
90276,493,487,395,586,530,487,395,586,508,505,408,433,1,507
90286,497,492,395,579,526,492,395,579,512,511,408,440,1,507
90296,504,500,393,568,519,500,393,568,517,518,406,451,1,507
90306,510,504,394,556,513,504,394,556,524,522,407,463,1,507
90316,511,502,394,549,512,502,394,549,525,520,407,470,1,507
90326,507,495,394,548,516,495,394,548,521,512,407,471,1,507
90336,502,488,392,552,521,488,392,552,515,506,405,467,1,507
90346,497,483,389,561,526,483,389,561,512,501,402,458,1,507
90356,494,480,387,571,529,480,387,571,509,498,399,448,1,507
90366,492,479,388,578,531,479,388,578,507,497,401,441,1,507
90376,493,481,390,584,530,481,390,584,508,499,403,435,1,507
90386,499,487,391,582,524,487,391,582,512,505,404,437,1,507
90396,507,495,392,575,516,495,392,575,521,512,405,444,1,507
90406,512,499,394,565,511,499,394,565,526,517,407,454,1,507
90416,511,497,397,558,512,497,397,558,525,514,410,461,1,507
90426,506,492,398,557,517,492,398,557,520,511,411,462,1,507
90436,500,487,398,559,523,487,398,559,513,505,411,460,1,507
90446,496,484,396,564,527,484,396,564,511,502,409,455,1,507
90456,494,483,395,568,529,483,395,568,509,501,408,451,1,507
90466,494,485,395,570,529,485,395,570,509,503,408,449,1,507
90476,497,489,394,568,526,489,394,568,512,507,407,451,1,507
90486,502,493,392,564,521,493,392,564,515,512,405,455,1,507
90496,507,497,394,559,516,497,394,559,521,514,407,460,1,507
90506,508,495,397,558,515,495,397,558,522,512,410,461,1,507
90516,504,488,401,562,519,488,401,562,517,506,414,457,1,507
90526,498,482,403,570,525,482,403,570,512,500,416,449,1,507
90536,493,477,402,580,530,477,402,580,508,495,415,439,1,507
90546,491,476,399,589,532,476,399,589,505,494,412,430,1,507
90556,492,478,395,595,531,478,395,595,507,496,408,424,1,507
90566,496,484,392,596,527,484,392,596,511,502,405,423,1,507
90576,504,491,390,590,519,491,390,590,517,510,403,429,1,507
90586,512,499,391,580,511,499,391,580,526,517,404,439,1,507
90596,516,501,395,572,507,501,395,572,530,519,408,447,1,507
90606,512,495,399,570,511,495,399,570,526,512,412,449,1,507
90616,504,487,399,573,519,487,399,573,517,505,412,446,1,507
90626,496,481,397,580,527,481,397,580,511,499,410,439,1,507
90636,493,479,394,586,530,479,394,586,508,497,407,433,1,507
90646,493,482,393,587,530,482,393,587,508,500,406,432,1,507
90656,498,487,391,583,525,487,391,583,512,505,404,436,1,507
90666,508,495,388,572,515,495,388,572,522,512,401,447,1,507
90676,516,500,390,559,507,500,390,559,530,518,403,460,1,507
90686,518,500,396,549,505,500,396,549,532,518,409,470,1,507
90696,514,493,403,544,509,493,403,544,528,512,416,475,1,507
90706,506,485,406,549,517,485,406,549,520,503,419,470,1,507
90716,497,478,404,559,526,478,404,559,512,496,417,460,1,507
90726,491,476,401,570,532,476,401,570,505,494,414,449,1,507
90736,492,480,396,576,531,480,396,576,507,498,409,443,1,507
90746,500,488,390,573,523,488,390,573,513,506,403,446,1,507
90756,510,497,389,563,513,497,389,563,524,514,402,456,1,507
90766,517,501,394,550,506,501,394,550,531,519,407,469,1,507
90776,518,499,401,539,505,499,401,539,532,517,414,480,1,507
90786,515,493,405,534,508,493,405,534,529,512,418,485,1,507
90796,509,487,406,534,514,487,406,534,523,505,419,485,1,507
90806,504,482,406,539,519,482,406,539,517,500,419,480,1,507
90816,502,482,400,543,521,482,400,543,515,500,413,476,1,507
90826,505,487,389,543,518,487,389,543,519,505,402,476,1,507
90836,510,492,381,540,513,492,381,540,524,511,393,479,1,507
90846,513,493,380,536,510,493,380,536,527,512,392,483,1,507
90856,511,489,384,535,512,489,384,535,525,507,396,484,1,507
90866,506,481,389,539,517,481,389,539,520,499,402,480,1,507
90876,502,475,392,547,521,475,392,547,515,493,405,472,1,507
90886,501,472,395,555,522,472,395,555,514,490,408,464,1,507
90896,501,473,400,561,522,473,400,561,514,491,413,458,1,507
90906,504,478,402,562,519,478,402,562,517,496,415,457,1,507
90916,509,486,399,555,514,486,399,555,523,504,412,464,1,507
90926,515,493,396,544,508,493,396,544,529,512,409,475,1,507
90936,517,494,394,534,506,494,394,534,531,512,407,485,1,507
90946,515,490,395,530,508,490,395,530,529,509,408,489,1,507
90956,510,483,396,532,513,483,396,532,524,501,409,487,1,507
90966,505,478,397,539,518,478,397,539,519,496,410,480,1,507
90976,502,476,398,547,521,476,398,547,515,494,411,472,1,507
90986,502,478,398,552,521,478,398,552,515,496,411,467,1,507
90996,506,484,397,550,517,484,397,550,520,502,410,469,1,507
91006,509,487,395,546,514,487,395,546,523,505,408,473,1,507
91016,510,487,393,544,513,487,393,544,524,505,406,475,1,507
91026,508,484,392,544,515,484,392,544,522,502,405,475,1,507
91036,504,480,392,549,519,480,392,549,517,498,405,470,1,507
91046,502,476,393,558,521,476,393,558,515,494,406,461,1,507
91056,501,476,397,566,522,476,397,566,514,494,410,453,1,507
91066,504,478,399,571,519,478,399,571,517,496,412,448,1,507
91076,508,484,399,567,515,484,399,567,522,502,412,452,1,507
91086,513,488,397,561,510,488,397,561,527,506,410,458,1,507
91096,515,489,395,556,508,489,395,556,529,507,408,463,1,507
91106,514,488,394,553,509,488,394,553,528,506,407,466,1,507
91116,512,485,395,554,511,485,395,554,526,503,408,465,1,507
91126,508,482,396,557,515,482,396,557,522,500,409,462,1,507
91136,507,481,397,560,516,481,397,560,521,499,410,459,1,507
91146,508,483,399,559,515,483,399,559,522,501,412,460,1,507
91156,511,485,399,555,512,485,399,555,525,503,412,464,1,507
91166,513,489,400,547,510,489,400,547,527,507,413,472,1,507
91176,515,490,398,537,508,490,398,537,529,509,411,482,1,507
91186,514,489,395,533,509,489,395,533,528,507,408,486,1,507
91196,512,486,394,532,511,486,394,532,526,504,407,487,1,507
91206,509,483,394,535,514,483,394,535,523,501,407,484,1,507
91216,508,481,395,540,515,481,395,540,522,499,408,479,1,507
91226,507,481,397,542,516,481,397,542,521,499,410,477,1,507
91236,508,481,398,542,515,481,398,542,522,499,411,477,1,507
91246,509,481,396,541,514,481,396,541,523,499,409,478,1,507
91256,510,482,394,540,513,482,394,540,524,500,407,479,1,507
91266,510,482,393,540,513,482,393,540,524,500,406,479,1,507
91276,509,482,393,540,514,482,393,540,523,500,406,479,1,507
91286,508,482,394,542,515,482,394,542,522,500,407,477,1,507
91296,506,480,395,545,517,480,395,545,520,498,408,474,1,507
91306,505,481,398,547,518,481,398,547,519,499,411,472,1,507
91316,506,482,400,545,517,482,400,545,520,500,413,474,1,507
91326,507,484,400,542,516,484,400,542,521,502,413,477,1,507
91336,509,484,400,540,514,484,400,540,523,502,413,479,1,507
91346,510,485,399,539,513,485,399,539,524,503,412,480,1,507
91356,509,482,398,542,514,482,398,542,523,500,411,477,1,507
91366,506,479,397,546,517,479,397,546,520,497,410,473,1,507
91376,501,475,398,554,522,475,398,554,514,493,411,465,1,507
91386,499,474,397,562,524,474,397,562,512,492,410,457,1,507
91396,501,478,397,562,522,478,397,562,514,496,410,457,1,507
91406,505,482,396,557,518,482,396,557,519,500,409,462,1,507
91416,507,484,397,552,516,484,397,552,521,502,410,467,1,507
91426,508,482,396,549,515,482,396,549,522,500,409,470,1,507
91436,509,480,396,550,514,480,396,550,523,498,409,469,1,507
91446,509,480,397,548,514,480,397,548,523,498,410,471,1,507
91456,509,480,399,546,514,480,399,546,523,498,412,473,1,507
91466,509,480,400,544,514,480,400,544,523,498,413,475,1,507
91476,510,481,399,541,513,481,399,541,524,499,412,478,1,507
91486,509,481,396,539,514,481,396,539,523,499,409,480,1,507
91496,508,481,393,538,515,481,393,538,522,499,406,481,1,507
91506,508,479,389,538,515,479,389,538,522,497,402,481,1,507
91516,506,477,388,539,517,477,388,539,520,495,401,480,1,507
91526,505,474,389,541,518,474,389,541,519,492,402,478,1,507
91536,504,471,391,546,519,471,391,546,517,489,404,473,1,507
91546,504,471,394,548,519,471,394,548,517,489,407,471,1,507
91556,506,474,395,547,517,474,395,547,520,492,408,472,1,507
91566,509,478,396,543,514,478,396,543,523,496,409,476,1,507
91576,511,481,396,539,512,481,396,539,525,499,409,480,1,507
91586,511,481,396,535,512,481,396,535,525,499,409,484,1,507
91596,509,479,395,535,514,479,395,535,523,497,408,484,1,507
91606,505,475,396,538,518,475,396,538,519,493,409,481,1,507
91616,503,472,397,542,520,472,397,542,516,490,410,477,1,507
91626,502,472,398,544,521,472,398,544,515,490,411,475,1,507
91636,503,473,398,546,520,473,398,546,516,491,411,473,1,507
91646,504,474,397,548,519,474,397,548,517,492,410,471,1,507
91656,505,475,396,548,518,475,396,548,519,493,409,471,1,507
91666,505,476,394,548,518,476,394,548,519,494,407,471,1,507
91676,506,478,393,546,517,478,393,546,520,496,406,473,1,507
91686,505,476,393,544,518,476,393,544,519,494,406,475,1,507
91696,502,473,394,546,521,473,394,546,515,491,407,473,1,507
91706,500,471,395,547,523,471,395,547,513,489,408,472,1,507
91716,502,473,396,546,521,473,396,546,515,491,409,473,1,507
91726,506,474,397,544,517,474,397,544,520,492,410,475,1,507
91736,508,477,400,536,515,477,400,536,522,495,413,483,1,507
91746,510,479,401,527,513,479,401,527,524,497,414,492,1,507
91756,510,478,400,520,513,478,400,520,524,496,413,499,1,507
91766,508,476,398,514,515,476,398,514,522,494,411,505,1,507
91776,507,474,398,511,516,474,398,511,521,492,411,508,1,507
91786,506,472,399,508,517,472,399,508,520,490,412,511,1,507
91796,508,474,401,502,515,474,401,502,522,492,414,517,1,507
91806,511,478,402,490,512,478,402,490,525,496,415,529,1,507
91816,515,480,401,476,508,480,401,476,529,498,414,543,1,507
91826,515,480,399,464,508,480,399,464,529,498,412,555,1,507
91836,513,478,396,454,510,478,396,454,527,496,409,565,1,507
91846,511,476,395,446,512,476,395,446,525,494,408,573,1,507
91856,508,474,394,439,515,474,394,439,522,492,407,580,1,507
91866,505,473,394,435,518,473,394,435,519,491,407,584,1,507
91876,503,473,394,432,520,473,394,432,516,491,407,587,1,507
91886,503,474,395,428,520,474,395,428,516,492,408,591,1,507
91896,505,477,396,424,518,477,396,424,519,495,409,595,1,507
91906,506,478,397,420,517,478,397,420,520,496,410,599,1,507
91916,505,478,398,416,518,478,398,416,519,496,411,603,1,507
91926,506,478,399,412,517,478,399,412,520,496,412,607,1,507
91936,506,478,400,409,517,478,400,409,520,496,413,610,1,507
91946,505,477,401,405,518,477,401,405,519,495,414,614,1,507
91956,503,475,401,404,520,475,401,404,516,493,414,615,1,507
91966,502,475,401,402,521,475,401,402,515,493,414,617,1,507
91976,502,476,400,400,521,476,400,400,515,494,413,619,1,507
91986,502,477,399,399,521,477,399,399,515,495,412,620,1,507
91996,501,477,396,399,522,477,396,399,514,495,409,620,1,507
92006,499,476,393,401,524,476,393,401,512,494,406,618,1,507
92016,498,474,390,404,525,474,390,404,512,492,403,615,1,507
92026,497,473,390,408,526,473,390,408,512,491,403,611,1,507
92036,496,472,392,412,527,472,392,412,511,490,405,607,1,507
92046,496,473,394,416,527,473,394,416,511,491,407,603,1,507
92056,498,476,397,417,525,476,397,417,512,494,410,602,1,507
92066,500,478,400,417,523,478,400,417,513,496,413,602,1,507
92076,503,479,400,416,520,479,400,416,516,497,413,603,1,507
92086,505,479,400,414,518,479,400,414,519,497,413,605,1,507
92096,506,477,400,413,517,477,400,413,520,495,413,606,1,507
92106,506,475,400,412,517,475,400,412,520,493,413,607,1,507
92116,505,473,398,415,518,473,398,415,519,491,411,604,1,507
92126,504,473,396,418,519,473,396,418,517,491,409,601,1,507
92136,504,475,393,421,519,475,393,421,517,493,406,598,1,507
92146,505,477,391,424,518,477,391,424,519,495,404,595,1,507
92156,505,478,392,426,518,478,392,426,519,496,405,593,1,507
92166,504,479,395,426,519,479,395,426,517,497,408,593,1,507
92176,503,478,397,428,520,478,397,428,516,496,410,591,1,507
92186,501,477,397,430,522,477,397,430,514,495,410,589,1,507
92196,500,476,396,432,523,476,396,432,513,494,409,587,1,507
92206,500,476,394,433,523,476,394,433,513,494,407,586,1,507
92216,501,476,394,433,522,476,394,433,514,494,407,586,1,507
92226,502,478,394,430,521,478,394,430,515,496,407,589,1,507
92236,504,479,394,426,519,479,394,426,517,497,407,593,1,507
92246,506,481,394,420,517,481,394,420,520,499,407,599,1,507
92256,507,482,395,414,516,482,395,414,521,500,408,605,1,507
92266,506,482,395,409,517,482,395,409,520,500,408,610,1,507
92276,506,481,396,404,517,481,396,404,520,499,409,615,1,507
92286,505,481,396,402,518,481,396,402,519,499,409,617,1,507
92296,505,482,398,399,518,482,398,399,519,500,411,620,1,507
92306,505,482,399,396,518,482,399,396,519,500,412,623,1,507
92316,506,483,398,392,517,483,398,392,520,501,411,627,1,507
92326,507,483,396,387,516,483,396,387,521,501,409,632,1,507
92336,508,483,394,383,515,483,394,383,522,501,407,636,1,507
92346,508,483,392,379,515,483,392,379,522,501,405,640,1,507
92356,507,483,392,376,516,483,392,376,521,501,405,643,1,507
92366,505,480,395,374,518,480,395,374,519,498,408,645,1,507
92376,504,478,397,374,519,478,397,374,517,496,410,645,1,507
92386,503,477,399,375,520,477,399,375,516,495,412,644,1,507
92396,503,478,398,376,520,478,398,376,516,496,411,643,1,507
92406,504,479,396,377,519,479,396,377,517,497,409,642,1,507
92416,504,480,395,380,519,480,395,380,517,498,408,639,1,507
92426,504,481,394,382,519,481,394,382,517,499,407,637,1,507
92436,505,482,397,384,518,482,397,384,519,500,410,635,1,507
92446,505,482,400,383,518,482,400,383,519,500,413,636,1,507
92456,503,480,402,383,520,480,402,383,516,498,415,636,1,507
92466,503,480,402,384,520,480,402,384,516,498,415,635,1,507
92476,504,481,402,384,519,481,402,384,517,499,415,635,1,507
92486,505,482,400,383,518,482,400,383,519,500,413,636,1,507
92496,506,482,397,384,517,482,397,384,520,500,410,635,1,507
92506,507,482,394,386,516,482,394,386,521,500,407,633,1,507
92516,508,483,393,388,515,483,393,388,522,501,406,631,1,507
92526,509,485,393,386,514,485,393,386,523,503,406,633,1,507
92536,509,484,395,380,514,484,395,380,523,502,408,639,1,507
92546,508,481,397,379,515,481,397,379,522,499,410,640,1,507
92556,507,478,398,380,516,478,398,380,521,496,411,639,1,507
92566,506,477,397,383,517,477,397,383,520,495,410,636,1,507
92576,505,476,395,389,518,476,395,389,519,494,408,630,1,507
92586,505,476,393,396,518,476,393,396,519,494,406,623,1,507
92596,505,477,391,402,518,477,391,402,519,495,404,617,1,507
92606,507,480,390,404,516,480,390,404,521,498,403,615,1,507
92616,509,483,391,400,514,483,391,400,523,501,404,619,1,507
92626,509,484,392,394,514,484,392,394,523,502,405,625,1,507
92636,508,481,393,391,515,481,393,391,522,499,406,628,1,507
92646,507,477,392,394,516,477,392,394,521,495,405,625,1,507
92656,506,475,392,400,517,475,392,400,520,493,405,619,1,507
92666,506,475,393,407,517,475,393,407,520,493,406,612,1,507
92676,507,478,395,411,516,478,395,411,521,496,408,608,1,507
92686,509,483,396,411,514,483,396,411,523,501,409,608,1,507
92696,510,487,397,406,513,487,397,406,524,505,410,613,1,507
92706,511,489,397,399,512,489,397,399,525,507,410,620,1,507
92716,511,487,396,393,512,487,396,393,525,505,409,626,1,507
92726,510,483,396,391,513,483,396,391,524,501,409,628,1,507
92736,509,479,395,392,514,479,395,392,523,497,408,627,1,507
92746,508,478,394,397,515,478,394,397,522,496,407,622,1,507
92756,507,478,394,402,516,478,394,402,521,496,407,617,1,507
92766,507,479,395,406,516,479,395,406,521,497,408,613,1,507
92776,506,482,396,407,517,482,396,407,520,500,409,612,1,507
92786,507,486,397,404,516,486,397,404,521,504,410,615,1,507
92796,508,488,398,400,515,488,398,400,522,506,411,619,1,507
92806,508,488,398,396,515,488,398,396,522,506,411,623,1,507
92816,508,486,397,394,515,486,397,394,522,504,410,625,1,507
92826,508,484,397,395,515,484,397,395,522,502,410,624,1,507
92836,508,483,397,399,515,483,397,399,522,501,410,620,1,507
92846,508,484,397,402,515,484,397,402,522,502,410,617,1,507
92856,509,486,396,401,514,486,396,401,523,504,409,618,1,507
92866,509,489,395,396,514,489,395,396,523,507,408,623,1,507
92876,509,492,394,388,514,492,394,388,523,511,407,631,1,507
92886,508,491,393,380,515,491,393,380,522,510,406,639,1,507
92896,507,488,394,376,516,488,394,376,521,506,407,643,1,507
92906,507,485,394,376,516,485,394,376,521,503,407,643,1,507
92916,506,483,395,381,517,483,395,381,520,501,408,638,1,507
92926,507,483,396,386,516,483,396,386,521,501,409,633,1,507
92936,507,483,396,392,516,483,396,392,521,501,409,627,1,507
92946,507,484,395,396,516,484,395,396,521,502,408,623,1,507
92956,507,487,395,397,516,487,395,397,521,505,408,622,1,507
92966,507,488,395,395,516,488,395,395,521,506,408,624,1,507
92976,506,488,394,393,517,488,394,393,520,506,407,626,1,507
92986,505,485,394,394,518,485,394,394,519,503,407,625,1,507
92996,504,483,396,398,519,483,396,398,517,501,409,621,1,507
93006,504,483,398,401,519,483,398,401,517,501,411,618,1,507
93016,505,483,399,405,518,483,399,405,519,501,412,614,1,507
93026,505,484,398,408,518,484,398,408,519,502,411,611,1,507
93036,506,485,396,410,517,485,396,410,520,503,409,609,1,507
93046,505,486,394,412,518,486,394,412,519,504,407,607,1,507
93056,505,487,392,414,518,487,392,414,519,505,405,605,1,507
93066,506,488,391,415,517,488,391,415,520,506,404,604,1,507
93076,506,488,391,413,517,488,391,413,520,506,404,606,1,507
93086,506,487,391,413,517,487,391,413,520,505,404,606,1,507
93096,506,485,392,413,517,485,392,413,520,503,405,606,1,507
93106,507,484,393,413,516,484,393,413,521,502,406,606,1,507
93116,508,486,394,409,515,486,394,409,522,504,407,610,1,507
93126,508,489,392,404,515,489,392,404,522,507,405,615,1,507
93136,508,490,392,399,515,490,392,399,522,509,405,620,1,507
93146,507,492,393,393,516,492,393,393,521,511,406,626,1,507
93156,506,494,393,389,517,494,393,389,520,512,406,630,1,507
93166,505,494,394,385,518,494,394,385,519,512,407,634,1,507
93176,506,494,395,383,517,494,395,383,520,512,408,636,1,507
93186,506,493,395,381,517,493,395,381,520,512,408,638,1,507
93196,507,492,394,378,516,492,394,378,521,511,407,641,1,507
93206,507,491,395,376,516,491,395,376,521,510,408,643,1,507
93216,506,491,396,374,517,491,396,374,520,510,409,645,1,507
93226,505,491,395,371,518,491,395,371,519,510,408,648,1,507
93236,504,490,394,372,519,490,394,372,517,509,407,647,1,507
93246,505,489,393,371,518,489,393,371,519,507,406,648,1,507
93256,506,489,393,372,517,489,393,372,520,507,406,647,1,507
93266,506,488,396,371,517,488,396,371,520,506,409,648,1,507
93276,506,488,397,373,517,488,397,373,520,506,410,646,1,507
93286,505,489,397,374,518,489,397,374,519,507,410,645,1,507
93296,504,490,395,376,519,490,395,376,517,509,408,643,1,507
93306,504,490,394,378,519,490,394,378,517,509,407,641,1,507
93316,504,491,394,378,519,491,394,378,517,510,407,641,1,507
93326,503,492,393,378,520,492,393,378,516,511,406,641,1,507
93336,503,491,395,378,520,491,395,378,516,510,408,641,1,507
93346,505,491,396,377,518,491,396,377,519,510,409,642,1,507
93356,506,491,398,374,517,491,398,374,520,510,411,645,1,507
93366,505,491,400,371,518,491,400,371,519,510,413,648,1,507
93376,503,492,399,366,520,492,399,366,516,511,412,653,1,507
93386,502,492,398,362,521,492,398,362,515,511,411,657,1,507
93396,502,491,395,363,521,491,395,363,515,510,408,656,1,507
93406,504,492,394,365,519,492,394,365,517,511,407,654,1,507
93416,504,491,391,369,519,491,391,369,517,510,404,650,1,507
93426,504,492,392,373,519,492,392,373,517,511,405,646,1,507
93436,502,492,394,376,521,492,394,376,515,511,407,643,1,507
93446,500,492,396,376,523,492,396,376,513,511,409,643,1,507
93456,498,491,397,374,525,491,397,374,512,510,410,645,1,507
93466,497,490,398,373,526,490,398,373,512,509,411,646,1,507
93476,498,492,397,375,525,492,397,375,512,511,410,644,1,507
93486,499,491,394,381,524,491,394,381,512,510,407,638,1,507
93496,501,493,393,387,522,493,393,387,514,512,406,632,1,507
93506,502,492,392,396,521,492,392,396,515,511,405,623,1,507
93516,502,494,393,404,521,494,393,404,515,512,406,615,1,507
93526,501,494,393,409,522,494,393,409,514,512,406,610,1,507
93536,500,493,394,411,523,493,394,411,513,512,407,608,1,507
93546,498,494,397,407,525,494,397,407,512,512,410,612,1,507
93556,496,493,399,403,527,493,399,403,511,512,412,616,1,507
93566,494,494,401,396,529,494,401,396,509,512,414,623,1,507
93576,494,493,402,394,529,493,402,394,509,512,415,625,1,507
93586,497,494,402,389,526,494,402,389,512,512,415,630,1,507
93596,499,494,399,388,524,494,399,388,512,512,412,631,1,507
93606,501,495,396,385,522,495,396,385,514,512,409,634,1,507
93616,503,495,395,383,520,495,395,383,516,512,408,636,1,507
93626,502,494,396,381,521,494,396,381,515,512,409,638,1,507
93636,499,493,396,377,524,493,396,377,512,512,409,642,1,507
93646,494,494,396,374,529,494,396,374,509,512,409,645,1,507
93656,491,493,395,373,532,493,395,373,505,512,408,646,1,507
93666,490,493,393,376,533,493,393,376,504,512,406,643,1,507
93676,492,495,392,382,531,495,392,382,507,512,405,637,1,507
93686,496,494,392,390,527,494,392,390,511,512,405,629,1,507
93696,500,496,392,395,523,496,392,395,513,513,405,624,1,507
93706,501,495,391,400,522,495,391,400,514,512,404,619,1,507
93716,498,495,390,404,525,495,390,404,512,512,403,615,1,507
93726,494,494,393,402,529,494,393,402,509,512,406,617,1,507
93736,491,493,393,402,532,493,393,402,505,512,406,617,1,507
93746,489,493,395,397,534,493,395,397,503,512,408,622,1,507
93756,491,492,396,396,532,492,396,396,505,511,409,623,1,507
93766,493,494,399,394,530,494,399,394,508,512,412,625,1,507
93776,494,494,399,395,529,494,399,395,509,512,412,624,1,507
93786,496,497,400,397,527,497,400,397,511,514,413,622,1,507
93796,496,497,399,401,527,497,399,401,511,514,412,618,1,507
93806,495,498,398,402,528,498,398,402,510,515,411,617,1,507
93816,494,496,396,403,529,496,396,403,509,513,409,616,1,507
93826,493,493,394,400,530,493,394,400,508,512,407,619,1,507
93836,492,491,391,398,531,491,391,398,507,510,404,621,1,507
93846,492,490,390,393,531,490,390,393,507,509,403,626,1,507
93856,493,491,389,388,530,491,389,388,508,510,402,631,1,507
93866,495,493,391,382,528,493,391,382,510,512,404,637,1,507
93876,497,494,392,378,526,494,392,378,512,512,405,641,1,507
93886,496,496,396,372,527,496,396,372,511,513,409,647,1,507
93896,493,496,397,372,530,496,397,372,508,513,410,647,1,507
93906,489,496,396,373,534,496,396,373,503,513,409,646,1,507
93916,488,495,395,375,535,495,395,375,502,512,408,644,1,507
93926,489,496,394,378,534,496,394,378,503,513,407,641,1,507
93936,493,496,394,380,530,496,394,380,508,513,407,639,1,507
93946,497,497,393,378,526,497,393,378,512,514,406,641,1,507
93956,500,497,392,378,523,497,392,378,513,514,405,641,1,507
93966,501,498,393,378,522,498,393,378,514,515,406,641,1,507
93976,499,497,393,378,524,497,393,378,512,514,406,641,1,507
93986,494,494,393,380,529,494,393,380,509,512,406,639,1,507
93996,490,493,394,383,533,493,394,383,504,512,407,636,1,507
94006,488,491,395,387,535,491,395,387,502,510,408,632,1,507
94016,488,492,395,392,535,492,395,392,502,511,408,627,1,507
94026,490,494,395,395,533,494,395,395,504,512,408,624,1,507
94036,493,495,396,397,530,495,396,397,508,512,409,622,1,507
94046,495,497,397,398,528,497,397,398,510,514,410,621,1,507
94056,497,497,397,396,526,497,397,396,512,514,410,623,1,507
94066,496,497,396,394,527,497,396,394,511,514,409,625,1,507
94076,493,494,395,393,530,494,395,393,508,512,408,626,1,507
94086,489,492,394,393,534,492,394,393,503,511,407,626,1,507
94096,486,490,393,394,537,490,393,394,500,509,406,625,1,507
94106,485,490,392,396,538,490,392,396,499,509,405,623,1,507
94116,486,491,391,399,537,491,391,399,500,510,404,620,1,507
94126,490,492,391,400,533,492,391,400,504,511,404,619,1,507
94136,492,494,392,400,531,494,392,400,507,512,405,619,1,507
