t_ms,rawX,rawY,rawZ,rawG,sixX,sixY,sixZ,sixG,calX,calY,calZ,calG,calByte,zeroRef
3995,529,497,384,500,494,497,384,500,527,499,399,524,0,512
3999,513,495,384,500,510,495,384,500,512,497,399,524,0,512
4009,513,495,384,500,510,495,384,500,512,497,399,524,0,512
4019,513,495,384,500,510,495,384,500,512,497,399,524,0,512
4029,513,496,383,500,510,496,383,500,512,498,399,524,0,512
4039,513,496,383,500,510,496,383,500,512,498,399,524,0,512
4049,513,496,384,500,510,496,384,500,512,498,399,524,0,512
4059,513,496,384,500,510,496,384,500,512,498,399,524,0,512
4069,513,494,384,500,510,494,384,500,512,497,399,524,0,512
4079,513,494,384,500,510,494,384,500,512,497,399,524,0,512
4089,512,495,383,500,511,495,383,500,512,497,399,524,0,512
4099,512,495,383,500,511,495,383,500,512,497,399,524,0,512
4109,512,495,384,500,511,495,384,500,512,497,399,524,0,512
4119,512,495,384,500,511,495,384,500,512,497,399,524,0,512
4129,513,496,383,500,510,496,383,500,512,498,399,524,0,512
4139,513,496,383,500,510,496,383,500,512,498,399,524,0,512
4149,513,495,383,500,510,495,383,500,512,497,399,524,0,512
4159,513,495,383,500,510,495,383,500,512,497,399,524,0,512
4169,513,496,383,500,510,496,383,500,512,498,399,524,0,512
4179,513,496,383,500,510,496,383,500,512,498,399,524,0,512
4189,514,495,383,500,509,495,383,500,513,497,399,524,0,512
4199,514,495,383,500,509,495,383,500,513,497,399,524,0,512
4209,513,495,383,500,510,495,383,500,512,497,399,524,0,512
4219,513,495,383,500,510,495,383,500,512,497,399,524,0,512
4229,513,496,384,500,510,496,384,500,512,498,399,524,0,512
4239,513,496,384,500,510,496,384,500,512,498,399,524,0,512
4249,513,496,384,500,510,496,384,500,512,498,399,524,0,512
4259,513,496,384,500,510,496,384,500,512,498,399,524,0,512
4269,513,495,383,500,510,495,383,500,512,497,399,524,0,512
4279,513,495,383,500,510,495,383,500,512,497,399,524,0,512
4289,514,495,383,500,509,495,383,500,513,497,399,524,0,512
4299,514,495,383,500,509,495,383,500,513,497,399,524,0,512
4309,514,495,384,500,509,495,384,500,513,497,399,524,0,512
4319,514,495,384,500,509,495,384,500,513,497,399,524,0,512
4329,513,496,383,500,510,496,383,500,512,498,399,524,0,512
4339,513,496,383,500,510,496,383,500,512,498,399,524,0,512
4349,512,496,384,500,511,496,384,500,512,498,399,524,0,512
4359,512,496,384,500,511,496,384,500,512,498,399,524,0,512
4369,513,495,383,500,510,495,383,500,512,497,399,524,0,512
4379,513,495,383,500,510,495,383,500,512,497,399,524,0,512
4389,513,495,383,500,510,495,383,500,512,497,399,524,0,512
4399,513,495,383,500,510,495,383,500,512,497,399,524,0,512
4409,514,494,383,500,509,494,383,500,513,497,399,524,0,512
4419,514,494,383,500,509,494,383,500,513,497,399,524,0,512
4429,513,496,384,500,510,496,384,500,512,498,399,524,0,512
4439,513,496,384,500,510,496,384,500,512,498,399,524,0,512
4449,514,496,383,500,509,496,383,500,513,498,399,524,0,512
4459,514,496,383,500,509,496,383,500,513,498,399,524,0,512
4469,513,495,383,500,510,495,383,500,512,497,399,524,0,512
4479,513,495,383,500,510,495,383,500,512,497,399,524,0,512
4489,513,495,383,500,510,495,383,500,512,497,399,524,0,512
4499,513,495,383,500,510,495,383,500,512,497,399,524,0,512
4509,514,495,384,500,509,495,384,500,513,497,399,524,0,512
4519,514,495,384,500,509,495,384,500,513,497,399,524,0,512
4529,514,495,383,500,509,495,383,500,513,497,399,524,0,512
4539,514,495,383,500,509,495,383,500,513,497,399,524,0,512
4549,514,495,383,500,509,495,383,500,513,497,399,524,0,512
4559,514,495,383,500,509,495,383,500,513,497,399,524,0,512
4569,512,496,383,500,511,496,383,500,512,498,399,524,0,512
4579,512,496,383,500,511,496,383,500,512,498,399,524,0,512
4589,513,495,383,500,510,495,383,500,512,497,399,524,0,512
4599,513,495,383,500,510,495,383,500,512,497,399,524,0,512
4609,514,495,383,500,509,495,383,500,513,497,399,524,0,512
4619,514,495,383,500,509,495,383,500,513,497,399,524,0,512
4629,513,494,383,500,510,494,383,500,512,497,399,524,0,512
4639,513,494,383,500,510,494,383,500,512,497,399,524,0,512
4649,513,495,383,500,510,495,383,500,512,497,399,524,0,512
4659,513,495,383,500,510,495,383,500,512,497,399,524,0,512
4669,513,495,383,500,510,495,383,500,512,497,399,524,0,512
4679,513,495,383,500,510,495,383,500,512,497,399,524,0,512
4689,513,495,383,500,510,495,383,500,512,497,399,524,0,512
4699,513,495,383,500,510,495,383,500,512,497,399,524,0,512
4709,513,495,383,500,510,495,383,500,512,497,399,524,0,512
4719,513,495,383,500,510,495,383,500,512,497,399,524,0,512
4729,513,495,383,500,510,495,383,500,512,497,399,524,0,512
4739,513,495,383,500,510,495,383,500,512,497,399,524,0,512
4749,513,496,383,500,510,496,383,500,512,498,399,524,0,512
4759,513,496,383,500,510,496,383,500,512,498,399,524,0,512
4769,513,495,383,500,510,495,383,500,512,497,399,524,0,512
4779,513,495,383,500,510,495,383,500,512,497,399,524,0,512
4789,513,496,383,500,510,496,383,500,512,498,399,524,0,512
4799,513,496,383,500,510,496,383,500,512,498,399,524,0,512
4809,513,495,383,500,510,495,383,500,512,497,399,524,0,512
4819,513,495,383,500,510,495,383,500,512,497,399,524,0,512
4829,513,495,383,500,510,495,383,500,512,497,399,524,0,512
4839,513,495,383,500,510,495,383,500,512,497,399,524,0,512
4849,513,495,383,500,510,495,383,500,512,497,399,524,0,512
4859,513,495,383,500,510,495,383,500,512,497,399,524,0,512
4869,513,495,383,500,510,495,383,500,512,497,399,524,0,512
4879,513,495,383,500,510,495,383,500,512,497,399,524,0,512
4889,513,495,383,500,510,495,383,500,512,497,399,524,0,512
4899,513,495,383,500,510,495,383,500,512,497,399,524,0,512
4909,513,496,383,500,510,496,383,500,512,498,399,524,0,512
4919,513,496,383,500,510,496,383,500,512,498,399,524,0,512
4929,513,495,384,500,510,495,384,500,512,497,399,524,0,512
4939,513,495,384,500,510,495,384,500,512,497,399,524,0,512
4949,513,495,383,500,510,495,383,500,512,497,399,524,0,512
4959,513,495,383,500,510,495,383,500,512,497,399,524,0,512
4969,513,495,383,500,510,495,383,500,512,497,399,524,0,512
4979,513,495,383,500,510,495,383,500,512,497,399,524,0,512
4989,512,495,383,500,511,495,383,500,512,497,399,524,0,512
4999,512,495,383,500,511,495,383,500,512,497,399,524,0,512
5009,513,495,383,500,510,495,383,500,512,497,399,524,0,512
5019,513,495,383,500,510,495,383,500,512,497,399,524,0,512
5029,514,496,383,500,509,496,383,500,513,498,399,524,0,512
5039,514,496,383,500,509,496,383,500,513,498,399,524,0,512
5049,514,495,383,500,509,495,383,500,513,497,399,524,0,512
5059,514,495,383,500,509,495,383,500,513,497,399,524,0,512
5069,513,496,383,500,510,496,383,500,512,498,399,524,0,512
5079,513,496,383,500,510,496,383,500,512,498,399,524,0,512
5089,513,495,384,500,510,495,384,500,512,497,399,524,0,512
5099,513,495,384,500,510,495,384,500,512,497,399,524,0,512
5109,513,495,383,500,510,495,383,500,512,497,399,524,0,512
5119,513,495,383,500,510,495,383,500,512,497,399,524,0,512
5129,514,496,383,500,509,496,383,500,513,498,399,524,0,512
5139,514,496,383,500,509,496,383,500,513,498,399,524,0,512
5149,513,495,383,500,510,495,383,500,512,497,399,524,0,512
5159,513,495,383,500,510,495,383,500,512,497,399,524,0,512
5169,513,495,382,500,510,495,382,500,512,497,398,524,0,512
5179,513,495,382,500,510,495,382,500,512,497,398,524,0,512
5189,513,496,383,500,510,496,383,500,512,498,399,524,0,512
5199,513,496,383,500,510,496,383,500,512,498,399,524,0,512
5209,514,496,384,500,509,496,384,500,513,498,399,524,0,512
5219,514,496,384,500,509,496,384,500,513,498,399,524,0,512
5229,514,495,384,500,509,495,384,500,513,497,399,524,0,512
5239,514,495,384,500,509,495,384,500,513,497,399,524,0,512
5249,513,496,383,500,510,496,383,500,512,498,399,524,0,512
5259,513,496,383,500,510,496,383,500,512,498,399,524,0,512
5269,513,495,383,500,510,495,383,500,512,497,399,524,0,512
5279,513,495,383,500,510,495,383,500,512,497,399,524,0,512
5289,514,495,383,500,509,495,383,500,513,497,399,524,0,512
5299,514,495,383,500,509,495,383,500,513,497,399,524,0,512
5309,514,495,384,500,509,495,384,500,513,497,399,524,0,512
5319,514,495,384,500,509,495,384,500,513,497,399,524,0,512
5329,513,495,383,500,510,495,383,500,512,497,399,524,0,512
5339,513,495,383,500,510,495,383,500,512,497,399,524,0,512
5349,513,495,383,500,510,495,383,500,512,497,399,524,0,512
5359,513,495,383,500,510,495,383,500,512,497,399,524,0,512
5369,513,495,383,500,510,495,383,500,512,497,399,524,0,512
5379,513,495,383,500,510,495,383,500,512,497,399,524,0,512
5389,513,495,383,500,510,495,383,500,512,497,399,524,0,512
5399,513,495,383,500,510,495,383,500,512,497,399,524,0,512
5409,513,496,383,500,510,496,383,500,512,498,399,524,0,512
5419,513,496,383,500,510,496,383,500,512,498,399,524,0,512
5429,513,495,383,500,510,495,383,500,512,497,399,524,0,512
5439,513,495,383,500,510,495,383,500,512,497,399,524,0,512
5449,513,495,384,500,510,495,384,500,512,497,399,524,0,512
5459,513,495,384,500,510,495,384,500,512,497,399,524,0,512
5469,513,496,383,500,510,496,383,500,512,498,399,524,0,512
5479,513,496,383,500,510,496,383,500,512,498,399,524,0,512
5489,513,495,383,500,510,495,383,500,512,497,399,524,0,512
5499,513,495,383,500,510,495,383,500,512,497,399,524,0,512
5509,513,496,383,500,510,496,383,500,512,498,399,524,0,512
5519,513,496,383,500,510,496,383,500,512,498,399,524,0,512
5529,514,495,383,500,509,495,383,500,513,497,399,524,0,512
5539,514,495,383,500,509,495,383,500,513,497,399,524,0,512
5549,513,495,384,500,510,495,384,500,512,497,399,524,0,512
5559,513,495,384,500,510,495,384,500,512,497,399,524,0,512
5569,514,496,383,500,509,496,383,500,513,498,399,524,0,512
5579,514,496,383,500,509,496,383,500,513,498,399,524,0,512
5589,513,496,383,500,510,496,383,500,512,498,399,524,0,512
5599,513,496,383,500,510,496,383,500,512,498,399,524,0,512
5609,514,495,383,500,509,495,383,500,513,497,399,524,0,512
5619,514,495,383,500,509,495,383,500,513,497,399,524,0,512
5629,514,495,383,500,509,495,383,500,513,497,399,524,0,512
5639,514,495,383,500,509,495,383,500,513,497,399,524,0,512
5649,513,495,384,500,510,495,384,500,512,497,399,524,0,512
5659,513,495,384,500,510,495,384,500,512,497,399,524,0,512
5669,513,495,383,500,510,495,383,500,512,497,399,524,0,512
5679,513,495,383,500,510,495,383,500,512,497,399,524,0,512
5689,513,495,383,500,510,495,383,500,512,497,399,524,0,512
5699,513,495,383,500,510,495,383,500,512,497,399,524,0,512
5709,513,496,383,500,510,496,383,500,512,498,399,524,0,512
5719,513,496,383,500,510,496,383,500,512,498,399,524,0,512
5729,514,495,383,500,509,495,383,500,513,497,399,524,0,512
5739,514,495,383,500,509,495,383,500,513,497,399,524,0,512
5749,513,495,383,500,510,495,383,500,512,497,399,524,0,512
5759,513,495,383,500,510,495,383,500,512,497,399,524,0,512
5769,514,496,383,500,509,496,383,500,513,498,399,524,0,512
5779,514,496,383,500,509,496,383,500,513,498,399,524,0,512
5789,514,495,384,500,509,495,384,500,513,497,399,524,0,512
5799,514,495,384,500,509,495,384,500,513,497,399,524,0,512
5809,513,495,383,500,510,495,383,500,512,497,399,524,0,512
5819,513,495,383,500,510,495,383,500,512,497,399,524,0,512
5829,513,495,383,500,510,495,383,500,512,497,399,524,0,512
5839,513,495,383,500,510,495,383,500,512,497,399,524,0,512
5849,513,496,383,500,510,496,383,500,512,498,399,524,0,512
5859,513,496,383,500,510,496,383,500,512,498,399,524,0,512
5869,512,495,383,500,511,495,383,500,512,497,399,524,0,512
5879,512,495,383,500,511,495,383,500,512,497,399,524,0,512
5889,513,495,383,500,510,495,383,500,512,497,399,524,0,512
5899,513,495,383,500,510,495,383,500,512,497,399,524,0,512
5909,513,495,383,500,510,495,383,500,512,497,399,524,0,512
5919,513,495,383,500,510,495,383,500,512,497,399,524,0,512
5929,513,496,384,500,510,496,384,500,512,498,399,524,0,512
5939,513,496,384,500,510,496,384,500,512,498,399,524,0,512
5949,513,496,383,500,510,496,383,500,512,498,399,524,0,512
5959,513,496,383,500,510,496,383,500,512,498,399,524,0,512
5969,513,495,383,500,510,495,383,500,512,497,399,524,0,512
5979,513,495,383,500,510,495,383,500,512,497,399,524,0,512
5989,512,496,384,500,511,496,384,500,512,498,399,524,0,512
5999,512,496,384,500,511,496,384,500,512,498,399,524,0,512
6009,513,495,383,500,510,495,383,500,512,497,399,524,0,512
6019,513,495,383,500,510,495,383,500,512,497,399,524,0,512
6029,514,495,383,500,509,495,383,500,513,497,399,524,0,512
6039,514,495,383,500,509,495,383,500,513,497,399,524,0,512
6049,513,495,383,500,510,495,383,500,512,497,399,524,0,512
6059,513,495,383,500,510,495,383,500,512,497,399,524,0,512
6069,513,495,383,500,510,495,383,500,512,497,399,524,0,512
6079,513,495,383,500,510,495,383,500,512,497,399,524,0,512
6089,514,495,383,500,509,495,383,500,513,497,399,524,0,512
6099,514,495,383,500,509,495,383,500,513,497,399,524,0,512
6109,514,495,383,500,509,495,383,500,513,497,399,524,0,512
6119,514,495,383,500,509,495,383,500,513,497,399,524,0,512
6129,513,495,384,500,510,495,384,500,512,497,399,524,0,512
6139,513,495,384,500,510,495,384,500,512,497,399,524,0,512
6149,512,494,383,500,511,494,383,500,512,497,399,524,0,512
6159,512,494,383,500,511,494,383,500,512,497,399,524,0,512
6169,514,495,383,500,509,495,383,500,513,497,399,524,0,512
6179,514,495,383,500,509,495,383,500,513,497,399,524,0,512
6189,513,496,384,500,510,496,384,500,512,498,399,524,0,512
6199,513,496,384,500,510,496,384,500,512,498,399,524,0,512
6209,513,495,383,500,510,495,383,500,512,497,399,524,0,512
6219,513,495,383,500,510,495,383,500,512,497,399,524,0,512
6229,513,495,383,500,510,495,383,500,512,497,399,524,0,512
6239,513,495,383,500,510,495,383,500,512,497,399,524,0,512
6249,513,495,384,500,510,495,384,500,512,497,399,524,0,512
6259,513,495,384,500,510,495,384,500,512,497,399,524,0,512
6269,513,495,383,500,510,495,383,500,512,497,399,524,0,512
6279,513,495,383,500,510,495,383,500,512,497,399,524,0,512
6289,513,495,384,500,510,495,384,500,512,497,399,524,0,512
6299,513,495,384,500,510,495,384,500,512,497,399,524,0,512
6309,513,495,384,500,510,495,384,500,512,497,399,524,0,512
6319,513,495,384,500,510,495,384,500,512,497,399,524,0,512
6329,513,495,383,500,510,495,383,500,512,497,399,524,0,512
6339,513,495,383,500,510,495,383,500,512,497,399,524,0,512
6349,513,495,383,500,510,495,383,500,512,497,399,524,0,512
6359,513,495,383,500,510,495,383,500,512,497,399,524,0,512
6369,513,495,383,500,510,495,383,500,512,497,399,524,0,512
6379,513,495,383,500,510,495,383,500,512,497,399,524,0,512
6389,513,495,383,500,510,495,383,500,512,497,399,524,0,512
6399,513,495,383,500,510,495,383,500,512,497,399,524,0,512
6409,513,495,383,500,510,495,383,500,512,497,399,524,0,512
6419,513,495,383,500,510,495,383,500,512,497,399,524,0,512
6429,513,496,383,500,510,496,383,500,512,498,399,524,0,512
6439,513,496,383,500,510,496,383,500,512,498,399,524,0,512
6449,513,496,383,500,510,496,383,500,512,498,399,524,0,512
6459,513,496,383,500,510,496,383,500,512,498,399,524,0,512
6469,513,495,383,500,510,495,383,500,512,497,399,524,0,512
6479,513,495,383,500,510,495,383,500,512,497,399,524,0,512
6489,514,495,383,500,509,495,383,500,513,497,399,524,0,512
6499,514,495,383,500,509,495,383,500,513,497,399,524,0,512
11042,512,495,383,500,511,495,383,500,512,497,399,524,0,512
11049,504,514,636,500,519,514,636,500,505,513,621,524,0,512
11059,504,514,636,500,519,514,636,500,505,513,621,524,0,512
11069,504,514,636,500,519,514,636,500,505,513,621,524,0,512
11079,504,513,636,500,519,513,636,500,505,512,621,524,0,512
11089,504,513,636,500,519,513,636,500,505,512,621,524,0,512
11099,505,515,637,500,518,515,637,500,506,514,622,524,0,512
11109,505,515,637,500,518,515,637,500,506,514,622,524,0,512
11119,505,514,637,500,518,514,637,500,506,513,622,524,0,512
11129,505,514,637,500,518,514,637,500,506,513,622,524,0,512
11139,505,513,637,500,518,513,637,500,506,512,622,524,0,512
11149,505,513,637,500,518,513,637,500,506,512,622,524,0,512
11159,504,511,636,500,519,511,636,500,505,512,621,524,0,512
11169,504,511,636,500,519,511,636,500,505,512,621,524,0,512
11179,505,511,636,500,518,511,636,500,506,512,621,524,0,512
11189,505,511,636,500,518,511,636,500,506,512,621,524,0,512
11199,504,513,636,500,519,513,636,500,505,512,621,524,0,512
11209,504,513,636,500,519,513,636,500,505,512,621,524,0,512
11219,504,515,636,500,519,515,636,500,505,514,621,524,0,512
11229,504,515,636,500,519,515,636,500,505,514,621,524,0,512
11239,504,515,636,500,519,515,636,500,505,514,621,524,0,512
11249,504,515,636,500,519,515,636,500,505,514,621,524,0,512
11259,504,512,637,500,519,512,637,500,505,512,622,524,0,512
11269,504,512,637,500,519,512,637,500,505,512,622,524,0,512
11279,504,512,636,500,519,512,636,500,505,512,621,524,0,512
11289,504,512,636,500,519,512,636,500,505,512,621,524,0,512
11299,504,513,636,500,519,513,636,500,505,512,621,524,0,512
11309,504,513,636,500,519,513,636,500,505,512,621,524,0,512
11319,505,514,637,500,518,514,637,500,506,513,622,524,0,512
11329,505,514,637,500,518,514,637,500,506,513,622,524,0,512
11339,505,514,636,500,518,514,636,500,506,513,621,524,0,512
11349,505,514,636,500,518,514,636,500,506,513,621,524,0,512
11359,504,513,637,500,519,513,637,500,505,512,622,524,0,512
11369,504,513,637,500,519,513,637,500,505,512,622,524,0,512
11379,505,512,637,500,518,512,637,500,506,512,622,524,0,512
11389,505,512,637,500,518,512,637,500,506,512,622,524,0,512
11399,504,513,636,500,519,513,636,500,505,512,621,524,0,512
11409,504,513,636,500,519,513,636,500,505,512,621,524,0,512
11419,503,513,636,500,520,513,636,500,505,512,621,524,0,512
11429,503,513,636,500,520,513,636,500,505,512,621,524,0,512
11439,504,514,636,500,519,514,636,500,505,513,621,524,0,512
11449,504,514,636,500,519,514,636,500,505,513,621,524,0,512
11459,504,514,637,500,519,514,637,500,505,513,622,524,0,512
11469,504,514,637,500,519,514,637,500,505,513,622,524,0,512
11479,504,514,636,500,519,514,636,500,505,513,621,524,0,512
11489,504,514,636,500,519,514,636,500,505,513,621,524,0,512
11499,504,512,637,500,519,512,637,500,505,512,622,524,0,512
11509,504,512,637,500,519,512,637,500,505,512,622,524,0,512
11519,505,511,637,500,518,511,637,500,506,512,622,524,0,512
11529,505,511,637,500,518,511,637,500,506,512,622,524,0,512
11539,504,511,636,500,519,511,636,500,505,512,621,524,0,512
11549,504,511,636,500,519,511,636,500,505,512,621,524,0,512
11559,504,513,636,500,519,513,636,500,505,512,621,524,0,512
11569,504,513,636,500,519,513,636,500,505,512,621,524,0,512
11579,504,514,636,500,519,514,636,500,505,513,621,524,0,512
11589,504,514,636,500,519,514,636,500,505,513,621,524,0,512
11599,504,513,636,500,519,513,636,500,505,512,621,524,0,512
11609,504,513,636,500,519,513,636,500,505,512,621,524,0,512
11619,504,513,636,500,519,513,636,500,505,512,621,524,0,512
11629,504,513,636,500,519,513,636,500,505,512,621,524,0,512
11639,503,512,636,500,520,512,636,500,505,512,621,524,0,512
11649,503,512,636,500,520,512,636,500,505,512,621,524,0,512
11659,504,513,636,500,519,513,636,500,505,512,621,524,0,512
11669,504,513,636,500,519,513,636,500,505,512,621,524,0,512
11679,505,513,637,500,518,513,637,500,506,512,622,524,0,512
11689,505,513,637,500,518,513,637,500,506,512,622,524,0,512
11699,505,513,636,500,518,513,636,500,506,512,621,524,0,512
11709,505,513,636,500,518,513,636,500,506,512,621,524,0,512
11719,504,512,637,500,519,512,637,500,505,512,622,524,0,512
11729,504,512,637,500,519,512,637,500,505,512,622,524,0,512
11739,505,512,636,500,518,512,636,500,506,512,621,524,0,512
11749,505,512,636,500,518,512,636,500,506,512,621,524,0,512
11759,504,513,636,500,519,513,636,500,505,512,621,524,0,512
11769,504,513,636,500,519,513,636,500,505,512,621,524,0,512
11779,503,514,636,500,520,514,636,500,505,513,621,524,0,512
11789,503,514,636,500,520,514,636,500,505,513,621,524,0,512
11799,504,514,636,500,519,514,636,500,505,513,621,524,0,512
11809,504,514,636,500,519,514,636,500,505,513,621,524,0,512
11819,504,514,636,500,519,514,636,500,505,513,621,524,0,512
11829,504,514,636,500,519,514,636,500,505,513,621,524,0,512
11839,504,513,636,500,519,513,636,500,505,512,621,524,0,512
11849,504,513,636,500,519,513,636,500,505,512,621,524,0,512
11859,504,511,636,500,519,511,636,500,505,512,621,524,0,512
11869,504,511,636,500,519,511,636,500,505,512,621,524,0,512
11879,504,512,636,500,519,512,636,500,505,512,621,524,0,512
11889,504,512,636,500,519,512,636,500,505,512,621,524,0,512
11899,504,513,635,500,519,513,635,500,505,512,620,524,0,512
11909,504,513,635,500,519,513,635,500,505,512,620,524,0,512
11919,505,512,637,500,518,512,637,500,506,512,622,524,0,512
11929,505,512,637,500,518,512,637,500,506,512,622,524,0,512
11939,505,512,637,500,518,512,637,500,506,512,622,524,0,512
11949,505,512,637,500,518,512,637,500,506,512,622,524,0,512
11959,504,512,636,500,519,512,636,500,505,512,621,524,0,512
11969,504,512,636,500,519,512,636,500,505,512,621,524,0,512
11979,504,511,637,500,519,511,637,500,505,512,622,524,0,512
11989,504,511,637,500,519,511,637,500,505,512,622,524,0,512
11999,504,513,636,500,519,513,636,500,505,512,621,524,0,512
12009,504,513,636,500,519,513,636,500,505,512,621,524,0,512
12019,504,513,636,500,519,513,636,500,505,512,621,524,0,512
12029,504,513,636,500,519,513,636,500,505,512,621,524,0,512
12039,504,513,636,500,519,513,636,500,505,512,621,524,0,512
12049,504,513,636,500,519,513,636,500,505,512,621,524,0,512
12059,504,512,636,500,519,512,636,500,505,512,621,524,0,512
12069,504,512,636,500,519,512,636,500,505,512,621,524,0,512
12079,504,511,636,500,519,511,636,500,505,512,621,524,0,512
12089,504,511,636,500,519,511,636,500,505,512,621,524,0,512
12099,504,511,636,500,519,511,636,500,505,512,621,524,0,512
12109,504,511,636,500,519,511,636,500,505,512,621,524,0,512
12119,505,511,637,500,518,511,637,500,506,512,622,524,0,512
12129,505,511,637,500,518,511,637,500,506,512,622,524,0,512
12139,505,512,636,500,518,512,636,500,506,512,621,524,0,512
12149,505,512,636,500,518,512,636,500,506,512,621,524,0,512
12159,505,514,636,500,518,514,636,500,506,513,621,524,0,512
12169,505,514,636,500,518,514,636,500,506,513,621,524,0,512
12179,504,514,636,500,519,514,636,500,505,513,621,524,0,512
12189,504,514,636,500,519,514,636,500,505,513,621,524,0,512
12199,503,514,636,500,520,514,636,500,505,513,621,524,0,512
12209,503,514,636,500,520,514,636,500,505,513,621,524,0,512
12219,504,512,636,500,519,512,636,500,505,512,621,524,0,512
12229,504,512,636,500,519,512,636,500,505,512,621,524,0,512
12239,505,510,636,500,518,510,636,500,506,511,621,524,0,512
12249,505,510,636,500,518,510,636,500,506,511,621,524,0,512
12259,505,511,636,500,518,511,636,500,506,512,621,524,0,512
12269,505,511,636,500,518,511,636,500,506,512,621,524,0,512
12279,506,512,636,500,517,512,636,500,507,512,621,524,0,512
12289,506,512,636,500,517,512,636,500,507,512,621,524,0,512
12299,504,514,636,500,519,514,636,500,505,513,621,524,0,512
12309,504,514,636,500,519,514,636,500,505,513,621,524,0,512
12319,504,514,636,500,519,514,636,500,505,513,621,524,0,512
12329,504,514,636,500,519,514,636,500,505,513,621,524,0,512
12339,504,514,636,500,519,514,636,500,505,513,621,524,0,512
12349,504,514,636,500,519,514,636,500,505,513,621,524,0,512
12359,504,512,636,500,519,512,636,500,505,512,621,524,0,512
12369,504,512,636,500,519,512,636,500,505,512,621,524,0,512
12379,504,512,636,500,519,512,636,500,505,512,621,524,0,512
12389,504,512,636,500,519,512,636,500,505,512,621,524,0,512
12399,505,512,637,500,518,512,637,500,506,512,622,524,0,512
12409,505,512,637,500,518,512,637,500,506,512,622,524,0,512
12419,504,512,636,500,519,512,636,500,505,512,621,524,0,512
12429,504,512,636,500,519,512,636,500,505,512,621,524,0,512
12439,504,513,636,500,519,513,636,500,505,512,621,524,0,512
12449,504,513,636,500,519,513,636,500,505,512,621,524,0,512
12459,504,513,637,500,519,513,637,500,505,512,622,524,0,512
12469,504,513,637,500,519,513,637,500,505,512,622,524,0,512
12479,504,512,637,500,519,512,637,500,505,512,622,524,0,512
12489,504,512,637,500,519,512,637,500,505,512,622,524,0,512
12499,505,512,636,500,518,512,636,500,506,512,621,524,0,512
12509,505,512,636,500,518,512,636,500,506,512,621,524,0,512
12519,505,513,636,500,518,513,636,500,506,512,621,524,0,512
12529,505,513,636,500,518,513,636,500,506,512,621,524,0,512
12539,504,513,636,500,519,513,636,500,505,512,621,524,0,512
12549,504,513,636,500,519,513,636,500,505,512,621,524,0,512
12559,503,513,637,500,520,513,637,500,505,512,622,524,0,512
12569,503,513,637,500,520,513,637,500,505,512,622,524,0,512
12579,504,514,636,500,519,514,636,500,505,513,621,524,0,512
12589,504,514,636,500,519,514,636,500,505,513,621,524,0,512
12599,505,512,636,500,518,512,636,500,506,512,621,524,0,512
12609,505,512,636,500,518,512,636,500,506,512,621,524,0,512
12619,505,512,636,500,518,512,636,500,506,512,621,524,0,512
12629,505,512,636,500,518,512,636,500,506,512,621,524,0,512
12639,505,512,636,500,518,512,636,500,506,512,621,524,0,512
12649,505,512,636,500,518,512,636,500,506,512,621,524,0,512
12659,504,513,637,500,519,513,637,500,505,512,622,524,0,512
12669,504,513,637,500,519,513,637,500,505,512,622,524,0,512
12679,504,513,636,500,519,513,636,500,505,512,621,524,0,512
12689,504,513,636,500,519,513,636,500,505,512,621,524,0,512
12699,504,513,637,500,519,513,637,500,505,512,622,524,0,512
12709,504,513,637,500,519,513,637,500,505,512,622,524,0,512
12719,505,510,636,500,518,510,636,500,506,511,621,524,0,512
12729,505,510,636,500,518,510,636,500,506,511,621,524,0,512
12739,506,512,636,500,517,512,636,500,507,512,621,524,0,512
12749,506,512,636,500,517,512,636,500,507,512,621,524,0,512
12759,504,512,636,500,519,512,636,500,505,512,621,524,0,512
12769,504,512,636,500,519,512,636,500,505,512,621,524,0,512
12779,504,512,636,500,519,512,636,500,505,512,621,524,0,512
12789,504,512,636,500,519,512,636,500,505,512,621,524,0,512
12799,504,513,636,500,519,513,636,500,505,512,621,524,0,512
12809,504,513,636,500,519,513,636,500,505,512,621,524,0,512
12819,505,512,637,500,518,512,637,500,506,512,622,524,0,512
12829,505,512,637,500,518,512,637,500,506,512,622,524,0,512
12839,503,511,636,500,520,511,636,500,505,512,621,524,0,512
12849,503,511,636,500,520,511,636,500,505,512,621,524,0,512
12859,504,513,636,500,519,513,636,500,505,512,621,524,0,512
12869,504,513,636,500,519,513,636,500,505,512,621,524,0,512
12879,503,513,636,500,520,513,636,500,505,512,621,524,0,512
12889,503,513,636,500,520,513,636,500,505,512,621,524,0,512
12899,504,512,636,500,519,512,636,500,505,512,621,524,0,512
12909,504,512,636,500,519,512,636,500,505,512,621,524,0,512
12919,504,512,636,500,519,512,636,500,505,512,621,524,0,512
12929,504,512,636,500,519,512,636,500,505,512,621,524,0,512
12939,504,512,636,500,519,512,636,500,505,512,621,524,0,512
12949,504,512,636,500,519,512,636,500,505,512,621,524,0,512
12959,504,512,636,500,519,512,636,500,505,512,621,524,0,512
12969,504,512,636,500,519,512,636,500,505,512,621,524,0,512
12979,504,511,636,500,519,511,636,500,505,512,621,524,0,512
12989,504,511,636,500,519,511,636,500,505,512,621,524,0,512
12999,505,513,637,500,518,513,637,500,506,512,622,524,0,512
13009,505,513,637,500,518,513,637,500,506,512,622,524,0,512
13019,503,513,637,500,520,513,637,500,505,512,622,524,0,512
13029,503,513,637,500,520,513,637,500,505,512,622,524,0,512
13039,503,512,637,500,520,512,637,500,505,512,622,524,0,512
13049,503,512,637,500,520,512,637,500,505,512,622,524,0,512
13059,504,511,636,500,519,511,636,500,505,512,621,524,0,512
13069,504,511,636,500,519,511,636,500,505,512,621,524,0,512
13079,504,512,637,500,519,512,637,500,505,512,622,524,0,512
13089,504,512,637,500,519,512,637,500,505,512,622,524,0,512
13099,504,512,636,500,519,512,636,500,505,512,621,524,0,512
13109,504,512,636,500,519,512,636,500,505,512,621,524,0,512
13119,505,512,636,500,518,512,636,500,506,512,621,524,0,512
13129,505,512,636,500,518,512,636,500,506,512,621,524,0,512
13139,504,512,636,500,519,512,636,500,505,512,621,524,0,512
13149,504,512,636,500,519,512,636,500,505,512,621,524,0,512
13159,504,513,636,500,519,513,636,500,505,512,621,524,0,512
13169,504,513,636,500,519,513,636,500,505,512,621,524,0,512
13179,503,512,636,500,520,512,636,500,505,512,621,524,0,512
13189,503,512,636,500,520,512,636,500,505,512,621,524,0,512
13199,504,511,636,500,519,511,636,500,505,512,621,524,0,512
13209,504,511,636,500,519,511,636,500,505,512,621,524,0,512
13219,503,512,636,500,520,512,636,500,505,512,621,524,0,512
13229,503,512,636,500,520,512,636,500,505,512,621,524,0,512
13239,504,512,636,500,519,512,636,500,505,512,621,524,0,512
13249,504,512,636,500,519,512,636,500,505,512,621,524,0,512
13259,504,512,636,500,519,512,636,500,505,512,621,524,0,512
13269,504,512,636,500,519,512,636,500,505,512,621,524,0,512
13279,504,511,637,500,519,511,637,500,505,512,622,524,0,512
13289,504,511,637,500,519,511,637,500,505,512,622,524,0,512
13299,504,511,637,500,519,511,637,500,505,512,622,524,0,512
13309,504,511,637,500,519,511,637,500,505,512,622,524,0,512
13319,503,512,636,500,520,512,636,500,505,512,621,524,0,512
13329,503,512,636,500,520,512,636,500,505,512,621,524,0,512
13339,505,513,637,500,518,513,637,500,506,512,622,524,0,512
13349,505,513,637,500,518,513,637,500,506,512,622,524,0,512
13359,504,513,637,500,519,513,637,500,505,512,622,524,0,512
13369,504,513,637,500,519,513,637,500,505,512,622,524,0,512
13379,504,512,636,500,519,512,636,500,505,512,621,524,0,512
13389,504,512,636,500,519,512,636,500,505,512,621,524,0,512
13399,503,512,637,500,520,512,637,500,505,512,622,524,0,512
13409,503,512,637,500,520,512,637,500,505,512,622,524,0,512
13419,505,513,636,500,518,513,636,500,506,512,621,524,0,512
13429,505,513,636,500,518,513,636,500,506,512,621,524,0,512
13439,504,512,636,500,519,512,636,500,505,512,621,524,0,512
13449,504,512,636,500,519,512,636,500,505,512,621,524,0,512
13459,505,511,636,500,518,511,636,500,506,512,621,524,0,512
13469,505,511,636,500,518,511,636,500,506,512,621,524,0,512
13479,504,511,636,500,519,511,636,500,505,512,621,524,0,512
13489,504,511,636,500,519,511,636,500,505,512,621,524,0,512
13499,504,513,636,500,519,513,636,500,505,512,621,524,0,512
13509,504,513,636,500,519,513,636,500,505,512,621,524,0,512
13519,503,513,636,500,520,513,636,500,505,512,621,524,0,512
13529,503,513,636,500,520,513,636,500,505,512,621,524,0,512
13539,504,512,637,500,519,512,637,500,505,512,622,524,0,512
13549,504,512,637,500,519,512,637,500,505,512,622,524,0,512
16507,504,511,637,500,519,511,637,500,505,512,622,524,0,512
16509,641,517,492,500,382,517,492,500,625,516,495,524,0,512
16520,641,517,492,500,382,517,492,500,625,516,495,524,0,512
16530,641,517,492,500,382,517,492,500,625,516,495,524,0,512
16539,641,518,494,500,382,518,494,500,625,517,497,524,0,512
16550,641,518,494,500,382,518,494,500,625,517,497,524,0,512
16560,640,518,493,500,383,518,493,500,625,517,496,524,0,512
16569,640,518,493,500,383,518,493,500,625,517,496,524,0,512
16579,640,520,490,500,383,520,490,500,625,519,493,524,0,512
16589,640,520,490,500,383,520,490,500,625,519,493,524,0,512
16599,639,521,489,500,384,521,489,500,624,519,492,524,0,512
16610,639,521,489,500,384,521,489,500,624,519,492,524,0,512
16620,640,523,495,500,383,523,495,500,625,521,497,524,0,512
16630,640,523,495,500,383,523,495,500,625,521,497,524,0,512
16640,641,523,502,500,382,523,502,500,625,521,504,524,0,512
16650,641,523,502,500,382,523,502,500,625,521,504,524,0,512
16660,641,525,501,500,382,525,501,500,625,523,503,524,0,512
16670,641,525,501,500,382,525,501,500,625,523,503,524,0,512
16680,639,524,495,500,384,524,495,500,624,522,497,524,0,512
16690,639,524,495,500,384,524,495,500,624,522,497,524,0,512
16700,640,523,491,500,383,523,491,500,625,521,494,524,0,512
16710,640,523,491,500,383,523,491,500,625,521,494,524,0,512
16720,641,521,494,500,382,521,494,500,625,519,497,524,0,512
16730,641,521,494,500,382,521,494,500,625,519,497,524,0,512
16739,640,521,496,500,383,521,496,500,625,519,498,524,0,512
16750,640,521,496,500,383,521,496,500,625,519,498,524,0,512
16760,640,523,497,500,383,523,497,500,625,521,499,524,0,512
16770,640,523,497,500,383,523,497,500,625,521,499,524,0,512
16780,640,523,495,500,383,523,495,500,625,521,497,524,0,512
16790,640,523,495,500,383,523,495,500,625,521,497,524,0,512
16800,641,521,496,500,382,521,496,500,625,519,498,524,0,512
16810,641,521,496,500,382,521,496,500,625,519,498,524,0,512
16820,641,523,496,500,382,523,496,500,625,521,498,524,0,512
16830,641,523,496,500,382,523,496,500,625,521,498,524,0,512
16840,640,522,494,500,383,522,494,500,625,520,497,524,0,512
16850,640,522,494,500,383,522,494,500,625,520,497,524,0,512
16860,641,520,493,500,382,520,493,500,625,519,496,524,0,512
16870,641,520,493,500,382,520,493,500,625,519,496,524,0,512
16879,641,521,494,500,382,521,494,500,625,519,497,524,0,512
16890,641,521,494,500,382,521,494,500,625,519,497,524,0,512
16900,640,524,496,500,383,524,496,500,625,522,498,524,0,512
16910,640,524,496,500,383,524,496,500,625,522,498,524,0,512
16920,640,526,499,500,383,526,499,500,625,524,501,524,0,512
16930,640,526,499,500,383,526,499,500,625,524,501,524,0,512
16940,641,521,497,500,382,521,497,500,625,519,499,524,0,512
16950,641,521,497,500,382,521,497,500,625,519,499,524,0,512
16960,641,517,493,500,382,517,493,500,625,516,496,524,0,512
16970,641,517,493,500,382,517,493,500,625,516,496,524,0,512
16980,640,520,491,500,383,520,491,500,625,519,494,524,0,512
16990,640,520,491,500,383,520,491,500,625,519,494,524,0,512
17000,640,520,492,500,383,520,492,500,625,519,495,524,0,512
17010,640,520,492,500,383,520,492,500,625,519,495,524,0,512
17020,641,520,495,500,382,520,495,500,625,519,497,524,0,512
17030,641,520,495,500,382,520,495,500,625,519,497,524,0,512
17039,642,520,498,500,381,520,498,500,626,519,500,524,0,512
17050,642,520,498,500,381,520,498,500,626,519,500,524,0,512
17060,641,520,497,500,382,520,497,500,625,519,499,524,0,512
17070,641,520,497,500,382,520,497,500,625,519,499,524,0,512
17080,641,518,494,500,382,518,494,500,625,517,497,524,0,512
17090,641,518,494,500,382,518,494,500,625,517,497,524,0,512
17100,641,519,493,500,382,519,493,500,625,518,496,524,0,512
17110,641,519,493,500,382,519,493,500,625,518,496,524,0,512
17120,640,520,493,500,383,520,493,500,625,519,496,524,0,512
17130,640,520,493,500,383,520,493,500,625,519,496,524,0,512
17140,640,519,494,500,383,519,494,500,625,518,497,524,0,512
17150,640,519,494,500,383,519,494,500,625,518,497,524,0,512
17160,641,519,495,500,382,519,495,500,625,518,497,524,0,512
17170,641,519,495,500,382,519,495,500,625,518,497,524,0,512
17180,641,521,496,500,382,521,496,500,625,519,498,524,0,512
17190,641,521,496,500,382,521,496,500,625,519,498,524,0,512
17200,641,521,496,500,382,521,496,500,625,519,498,524,0,512
17210,641,521,496,500,382,521,496,500,625,519,498,524,0,512
17220,641,518,494,500,382,518,494,500,625,517,497,524,0,512
17230,641,518,494,500,382,518,494,500,625,517,497,524,0,512
17240,640,519,493,500,383,519,493,500,625,518,496,524,0,512
17250,640,519,493,500,383,519,493,500,625,518,496,524,0,512
17260,640,520,494,500,383,520,494,500,625,519,497,524,0,512
17270,640,520,494,500,383,520,494,500,625,519,497,524,0,512
17280,641,518,496,500,382,518,496,500,625,517,498,524,0,512
17290,641,518,496,500,382,518,496,500,625,517,498,524,0,512
17300,641,520,496,500,382,520,496,500,625,519,498,524,0,512
17310,641,520,496,500,382,520,496,500,625,519,498,524,0,512
17320,641,520,495,500,382,520,495,500,625,519,497,524,0,512
17330,641,520,495,500,382,520,495,500,625,519,497,524,0,512
17340,641,521,496,500,382,521,496,500,625,519,498,524,0,512
17350,641,521,496,500,382,521,496,500,625,519,498,524,0,512
17360,641,522,495,500,382,522,495,500,625,520,497,524,0,512
17370,641,522,495,500,382,522,495,500,625,520,497,524,0,512
17380,640,521,496,500,383,521,496,500,625,519,498,524,0,512
17390,640,521,496,500,383,521,496,500,625,519,498,524,0,512
17400,641,518,495,500,382,518,495,500,625,517,497,524,0,512
17410,641,518,495,500,382,518,495,500,625,517,497,524,0,512
17420,641,517,495,500,382,517,495,500,625,516,497,524,0,512
17430,641,517,495,500,382,517,495,500,625,516,497,524,0,512
17440,642,518,496,500,381,518,496,500,626,517,498,524,0,512
17450,642,518,496,500,381,518,496,500,626,517,498,524,0,512
17460,640,518,494,500,383,518,494,500,625,517,497,524,0,512
17470,640,518,494,500,383,518,494,500,625,517,497,524,0,512
17480,640,517,494,500,383,517,494,500,625,516,497,524,0,512
17490,640,517,494,500,383,517,494,500,625,516,497,524,0,512
17500,641,517,494,500,382,517,494,500,625,516,497,524,0,512
17510,641,517,494,500,382,517,494,500,625,516,497,524,0,512
17520,641,519,495,500,382,519,495,500,625,518,497,524,0,512
17530,641,519,495,500,382,519,495,500,625,518,497,524,0,512
17540,640,520,496,500,383,520,496,500,625,519,498,524,0,512
17550,640,520,496,500,383,520,496,500,625,519,498,524,0,512
17560,641,520,498,500,382,520,498,500,625,519,500,524,0,512
17570,641,520,498,500,382,520,498,500,625,519,500,524,0,512
17580,641,520,499,500,382,520,499,500,625,519,501,524,0,512
17590,641,520,499,500,382,520,499,500,625,519,501,524,0,512
17600,640,520,497,500,383,520,497,500,625,519,499,524,0,512
17610,640,520,497,500,383,520,497,500,625,519,499,524,0,512
17620,640,520,496,500,383,520,496,500,625,519,498,524,0,512
17630,640,520,496,500,383,520,496,500,625,519,498,524,0,512
17640,641,518,495,500,382,518,495,500,625,517,497,524,0,512
17650,641,518,495,500,382,518,495,500,625,517,497,524,0,512
17660,641,519,496,500,382,519,496,500,625,518,498,524,0,512
17670,641,519,496,500,382,519,496,500,625,518,498,524,0,512
17680,641,520,499,500,382,520,499,500,625,519,501,524,0,512
17690,641,520,499,500,382,520,499,500,625,519,501,524,0,512
17700,641,517,500,500,382,517,500,500,625,516,502,524,0,512
17710,641,517,500,500,382,517,500,500,625,516,502,524,0,512
17720,641,518,498,500,382,518,498,500,625,517,500,524,0,512
17730,641,518,498,500,382,518,498,500,625,517,500,524,0,512
17740,640,520,495,500,383,520,495,500,625,519,497,524,0,512
17750,640,520,495,500,383,520,495,500,625,519,497,524,0,512
17760,640,520,497,500,383,520,497,500,625,519,499,524,0,512
17770,640,520,497,500,383,520,497,500,625,519,499,524,0,512
17780,641,519,499,500,382,519,499,500,625,518,501,524,0,512
17790,641,519,499,500,382,519,499,500,625,518,501,524,0,512
17800,642,516,500,500,381,516,500,500,626,515,502,524,0,512
17810,642,516,500,500,381,516,500,500,626,515,502,524,0,512
17820,641,516,495,500,382,516,495,500,625,515,497,524,0,512
17830,641,516,495,500,382,516,495,500,625,515,497,524,0,512
17840,639,519,495,500,384,519,495,500,624,518,497,524,0,512
17850,639,519,495,500,384,519,495,500,624,518,497,524,0,512
17860,640,518,498,500,383,518,498,500,625,517,500,524,0,512
17870,640,518,498,500,383,518,498,500,625,517,500,524,0,512
17880,642,519,499,500,381,519,499,500,626,518,501,524,0,512
17890,642,519,499,500,381,519,499,500,626,518,501,524,0,512
17900,641,519,498,500,382,519,498,500,625,518,500,524,0,512
17910,641,519,498,500,382,519,498,500,625,518,500,524,0,512
17920,641,518,498,500,382,518,498,500,625,517,500,524,0,512
17930,641,518,498,500,382,518,498,500,625,517,500,524,0,512
17940,641,518,498,500,382,518,498,500,625,517,500,524,0,512
17950,641,518,498,500,382,518,498,500,625,517,500,524,0,512
17960,641,519,498,500,382,519,498,500,625,518,500,524,0,512
17970,641,519,498,500,382,519,498,500,625,518,500,524,0,512
17980,641,519,496,500,382,519,496,500,625,518,498,524,0,512
17990,641,519,496,500,382,519,496,500,625,518,498,524,0,512
18000,641,518,496,500,382,518,496,500,625,517,498,524,0,512
18010,641,518,496,500,382,518,496,500,625,517,498,524,0,512
18020,641,519,498,500,382,519,498,500,625,518,500,524,0,512
18030,641,519,498,500,382,519,498,500,625,518,500,524,0,512
18040,641,519,500,500,382,519,500,500,625,518,502,524,0,512
18050,641,519,500,500,382,519,500,500,625,518,502,524,0,512
18060,641,518,499,500,382,518,499,500,625,517,501,524,0,512
18070,641,518,499,500,382,518,499,500,625,517,501,524,0,512
18080,641,518,497,500,382,518,497,500,625,517,499,524,0,512
18090,641,518,497,500,382,518,497,500,625,517,499,524,0,512
18100,640,520,498,500,383,520,498,500,625,519,500,524,0,512
18110,640,520,498,500,383,520,498,500,625,519,500,524,0,512
18120,641,518,499,500,382,518,499,500,625,517,501,524,0,512
18130,641,518,499,500,382,518,499,500,625,517,501,524,0,512
18140,642,519,500,500,381,519,500,500,626,518,502,524,0,512
18150,642,519,500,500,381,519,500,500,626,518,502,524,0,512
18160,641,519,498,500,382,519,498,500,625,518,500,524,0,512
18170,641,519,498,500,382,519,498,500,625,518,500,524,0,512
18180,641,521,496,500,382,521,496,500,625,519,498,524,0,512
18190,641,521,496,500,382,521,496,500,625,519,498,524,0,512
18200,640,521,499,500,383,521,499,500,625,519,501,524,0,512
18210,640,521,499,500,383,521,499,500,625,519,501,524,0,512
18220,642,519,500,500,381,519,500,500,626,518,502,524,0,512
18230,642,519,500,500,381,519,500,500,626,518,502,524,0,512
18240,641,520,499,500,382,520,499,500,625,519,501,524,0,512
18250,641,520,499,500,382,520,499,500,625,519,501,524,0,512
18260,641,520,499,500,382,520,499,500,625,519,501,524,0,512
18270,641,520,499,500,382,520,499,500,625,519,501,524,0,512
18280,641,519,497,500,382,519,497,500,625,518,499,524,0,512
18290,641,519,497,500,382,519,497,500,625,518,499,524,0,512
18300,641,519,498,500,382,519,498,500,625,518,500,524,0,512
18310,641,519,498,500,382,519,498,500,625,518,500,524,0,512
18320,641,519,498,500,382,519,498,500,625,518,500,524,0,512
18330,641,519,498,500,382,519,498,500,625,518,500,524,0,512
18340,640,519,498,500,383,519,498,500,625,518,500,524,0,512
18350,640,519,498,500,383,519,498,500,625,518,500,524,0,512
18360,641,518,498,500,382,518,498,500,625,517,500,524,0,512
18370,641,518,498,500,382,518,498,500,625,517,500,524,0,512
18380,642,517,498,500,381,517,498,500,626,516,500,524,0,512
18390,642,517,498,500,381,517,498,500,626,516,500,524,0,512
18400,642,519,498,500,381,519,498,500,626,518,500,524,0,512
18410,642,519,498,500,381,519,498,500,626,518,500,524,0,512
18420,640,522,499,500,383,522,499,500,625,520,501,524,0,512
18430,640,522,499,500,383,522,499,500,625,520,501,524,0,512
18440,640,521,500,500,383,521,500,500,625,519,502,524,0,512
18450,640,521,500,500,383,521,500,500,625,519,502,524,0,512
18460,641,517,497,500,382,517,497,500,625,516,499,524,0,512
18470,641,517,497,500,382,517,497,500,625,516,499,524,0,512
18480,641,518,497,500,382,518,497,500,625,517,499,524,0,512
18490,641,518,497,500,382,518,497,500,625,517,499,524,0,512
18500,641,520,500,500,382,520,500,500,625,519,502,524,0,512
18510,641,520,500,500,382,520,500,500,625,519,502,524,0,512
18520,642,521,501,500,381,521,501,500,626,519,503,524,0,512
18530,642,521,501,500,381,521,501,500,626,519,503,524,0,512
18540,640,519,497,500,383,519,497,500,625,518,499,524,0,512
18550,640,519,497,500,383,519,497,500,625,518,499,524,0,512
18560,641,517,496,500,382,517,496,500,625,516,498,524,0,512
18570,641,517,496,500,382,517,496,500,625,516,498,524,0,512
18580,640,518,497,500,383,518,497,500,625,517,499,524,0,512
18590,640,518,497,500,383,518,497,500,625,517,499,524,0,512
18600,642,521,499,500,381,521,499,500,626,519,501,524,0,512
18610,642,521,499,500,381,521,499,500,626,519,501,524,0,512
18620,641,522,501,500,382,522,501,500,625,520,503,524,0,512
18630,641,522,501,500,382,522,501,500,625,520,503,524,0,512
18640,641,520,499,500,382,520,499,500,625,519,501,524,0,512
18650,641,520,499,500,382,520,499,500,625,519,501,524,0,512
18660,641,517,498,500,382,517,498,500,625,516,500,524,0,512
18670,641,517,498,500,382,517,498,500,625,516,500,524,0,512
18680,642,518,498,500,381,518,498,500,626,517,500,524,0,512
18690,642,518,498,500,381,518,498,500,626,517,500,524,0,512
18700,640,520,498,500,383,520,498,500,625,519,500,524,0,512
18710,640,520,498,500,383,520,498,500,625,519,500,524,0,512
18720,641,519,499,500,382,519,499,500,625,518,501,524,0,512
18730,641,519,499,500,382,519,499,500,625,518,501,524,0,512
18740,641,518,500,500,382,518,500,500,625,517,502,524,0,512
18750,641,518,500,500,382,518,500,500,625,517,502,524,0,512
18760,642,517,497,500,381,517,497,500,626,516,499,524,0,512
18770,642,517,497,500,381,517,497,500,626,516,499,524,0,512
18780,641,518,497,500,382,518,497,500,625,517,499,524,0,512
18790,641,518,497,500,382,518,497,500,625,517,499,524,0,512
18800,641,519,497,500,382,519,497,500,625,518,499,524,0,512
18810,641,519,497,500,382,519,497,500,625,518,499,524,0,512
18820,641,518,500,500,382,518,500,500,625,517,502,524,0,512
18830,641,518,500,500,382,518,500,500,625,517,502,524,0,512
18840,642,518,499,500,381,518,499,500,626,517,501,524,0,512
18850,642,518,499,500,381,518,499,500,626,517,501,524,0,512
18860,641,518,499,500,382,518,499,500,625,517,501,524,0,512
18870,641,518,499,500,382,518,499,500,625,517,501,524,0,512
18880,641,519,497,500,382,519,497,500,625,518,499,524,0,512
18890,641,519,497,500,382,519,497,500,625,518,499,524,0,512
18900,641,519,498,500,382,519,498,500,625,518,500,524,0,512
18910,641,519,498,500,382,519,498,500,625,518,500,524,0,512
18920,641,519,499,500,382,519,499,500,625,518,501,524,0,512
18930,641,519,499,500,382,519,499,500,625,518,501,524,0,512
18940,642,517,498,500,381,517,498,500,626,516,500,524,0,512
18950,642,517,498,500,381,517,498,500,626,516,500,524,0,512
18960,641,516,497,500,382,516,497,500,625,515,499,524,0,512
18970,641,516,497,500,382,516,497,500,625,515,499,524,0,512
18980,640,519,498,500,383,519,498,500,625,518,500,524,0,512
18990,640,519,498,500,383,519,498,500,625,518,500,524,0,512
19000,641,520,499,500,382,520,499,500,625,519,501,524,0,512
19010,641,520,499,500,382,520,499,500,625,519,501,524,0,512
22169,641,519,500,500,382,519,500,500,625,518,502,524,0,512
22180,387,528,505,500,636,528,505,500,402,526,506,524,0,512
22190,387,528,505,500,636,528,505,500,402,526,506,524,0,512
22200,386,527,507,500,637,527,507,500,401,525,508,524,0,512
22210,386,527,507,500,637,527,507,500,401,525,508,524,0,512
22220,386,526,503,500,637,526,503,500,401,524,505,524,0,512
22230,386,526,503,500,637,526,503,500,401,524,505,524,0,512
22240,387,524,499,500,636,524,499,500,402,522,501,524,0,512
22250,387,524,499,500,636,524,499,500,402,522,501,524,0,512
22260,387,523,499,500,636,523,499,500,402,521,501,524,0,512
22270,387,523,499,500,636,523,499,500,402,521,501,524,0,512
22280,387,526,502,500,636,526,502,500,402,524,504,524,0,512
22290,387,526,502,500,636,526,502,500,402,524,504,524,0,512
22300,387,528,504,500,636,528,504,500,402,526,505,524,0,512
22310,387,528,504,500,636,528,504,500,402,526,505,524,0,512
22320,388,527,503,500,635,527,503,500,403,525,505,524,0,512
22330,388,527,503,500,635,527,503,500,403,525,505,524,0,512
22340,387,527,501,500,636,527,501,500,402,525,503,524,0,512
22350,387,527,501,500,636,527,501,500,402,525,503,524,0,512
22360,386,524,501,500,637,524,501,500,401,522,503,524,0,512
22370,386,524,501,500,637,524,501,500,401,522,503,524,0,512
22380,387,525,499,500,636,525,499,500,402,523,501,524,0,512
22390,387,525,499,500,636,525,499,500,402,523,501,524,0,512
22400,388,527,498,500,635,527,498,500,403,525,500,524,0,512
22410,388,527,498,500,635,527,498,500,403,525,500,524,0,512
22420,388,526,499,500,635,526,499,500,403,524,501,524,0,512
22430,388,526,499,500,635,526,499,500,403,524,501,524,0,512
22440,387,526,502,500,636,526,502,500,402,524,504,524,0,512
22450,387,526,502,500,636,526,502,500,402,524,504,524,0,512
22460,387,527,502,500,636,527,502,500,402,525,504,524,0,512
22470,387,527,502,500,636,527,502,500,402,525,504,524,0,512
22480,387,528,502,500,636,528,502,500,402,526,504,524,0,512
22490,387,528,502,500,636,528,502,500,402,526,504,524,0,512
22500,387,527,502,500,636,527,502,500,402,525,504,524,0,512
22510,387,527,502,500,636,527,502,500,402,525,504,524,0,512
22520,387,526,500,500,636,526,500,500,402,524,502,524,0,512
22530,387,526,500,500,636,526,500,500,402,524,502,524,0,512
22540,388,525,499,500,635,525,499,500,403,523,501,524,0,512
22550,388,525,499,500,635,525,499,500,403,523,501,524,0,512
22560,388,528,500,500,635,528,500,500,403,526,502,524,0,512
22570,388,528,500,500,635,528,500,500,403,526,502,524,0,512
22580,388,529,502,500,635,529,502,500,403,527,504,524,0,512
22590,388,529,502,500,635,529,502,500,403,527,504,524,0,512
22600,388,528,500,500,635,528,500,500,403,526,502,524,0,512
22610,388,528,500,500,635,528,500,500,403,526,502,524,0,512
22620,388,525,498,500,635,525,498,500,403,523,500,524,0,512
22630,388,525,498,500,635,525,498,500,403,523,500,524,0,512
22640,386,524,500,500,637,524,500,500,401,522,502,524,0,512
22650,386,524,500,500,637,524,500,500,401,522,502,524,0,512
22660,386,524,503,500,637,524,503,500,401,522,505,524,0,512
22670,386,524,503,500,637,524,503,500,401,522,505,524,0,512
22680,387,525,500,500,636,525,500,500,402,523,502,524,0,512
22690,387,525,500,500,636,525,500,500,402,523,502,524,0,512
22700,388,525,497,500,635,525,497,500,403,523,499,524,0,512
22710,388,525,497,500,635,525,497,500,403,523,499,524,0,512
22720,388,523,496,500,635,523,496,500,403,521,498,524,0,512
22730,388,523,496,500,635,523,496,500,403,521,498,524,0,512
22740,386,522,495,500,637,522,495,500,401,520,497,524,0,512
22750,386,522,495,500,637,522,495,500,401,520,497,524,0,512
22760,387,524,495,500,636,524,495,500,402,522,497,524,0,512
22770,387,524,495,500,636,524,495,500,402,522,497,524,0,512
22780,388,526,497,500,635,526,497,500,403,524,499,524,0,512
22790,388,526,497,500,635,526,497,500,403,524,499,524,0,512
22800,389,529,499,500,634,529,499,500,404,527,501,524,0,512
22810,389,529,499,500,634,529,499,500,404,527,501,524,0,512
22820,387,529,502,500,636,529,502,500,402,527,504,524,0,512
22830,387,529,502,500,636,529,502,500,402,527,504,524,0,512
22840,387,528,501,500,636,528,501,500,402,526,503,524,0,512
22850,387,528,501,500,636,528,501,500,402,526,503,524,0,512
22860,388,529,497,500,635,529,497,500,403,527,499,524,0,512
22870,388,529,497,500,635,529,497,500,403,527,499,524,0,512
22880,389,528,494,500,634,528,494,500,404,526,497,524,0,512
22890,389,528,494,500,634,528,494,500,404,526,497,524,0,512
22900,388,526,494,500,635,526,494,500,403,524,497,524,0,512
22910,388,526,494,500,635,526,494,500,403,524,497,524,0,512
22920,388,525,496,500,635,525,496,500,403,523,498,524,0,512
22930,388,525,496,500,635,525,496,500,403,523,498,524,0,512
22940,386,525,497,500,637,525,497,500,401,523,499,524,0,512
22950,386,525,497,500,637,525,497,500,401,523,499,524,0,512
22960,388,526,496,500,635,526,496,500,403,524,498,524,0,512
22970,388,526,496,500,635,526,496,500,403,524,498,524,0,512
22980,390,529,495,500,633,529,495,500,405,527,497,524,0,512
22990,390,529,495,500,633,529,495,500,405,527,497,524,0,512
23000,388,529,496,500,635,529,496,500,403,527,498,524,0,512
23010,388,529,496,500,635,529,496,500,403,527,498,524,0,512
23020,387,525,497,500,636,525,497,500,402,523,499,524,0,512
23030,387,525,497,500,636,525,497,500,402,523,499,524,0,512
23040,386,525,498,500,637,525,498,500,401,523,500,524,0,512
23050,386,525,498,500,637,525,498,500,401,523,500,524,0,512
23060,387,526,497,500,636,526,497,500,402,524,499,524,0,512
23070,387,526,497,500,636,526,497,500,402,524,499,524,0,512
23080,388,527,495,500,635,527,495,500,403,525,497,524,0,512
23090,388,527,495,500,635,527,495,500,403,525,497,524,0,512
23100,389,529,495,500,634,529,495,500,404,527,497,524,0,512
23110,389,529,495,500,634,529,495,500,404,527,497,524,0,512
23120,388,531,494,500,635,531,494,500,403,528,497,524,0,512
23130,388,531,494,500,635,531,494,500,403,528,497,524,0,512
23140,389,529,491,500,634,529,491,500,404,527,494,524,0,512
23150,389,529,491,500,634,529,491,500,404,527,494,524,0,512
23160,389,527,492,500,634,527,492,500,404,525,495,524,0,512
23170,389,527,492,500,634,527,492,500,404,525,495,524,0,512
23180,387,526,495,500,636,526,495,500,402,524,497,524,0,512
23190,387,526,495,500,636,526,495,500,402,524,497,524,0,512
23200,387,526,501,500,636,526,501,500,402,524,503,524,0,512
23210,387,526,501,500,636,526,501,500,402,524,503,524,0,512
23220,387,527,502,500,636,527,502,500,402,525,504,524,0,512
23230,387,527,502,500,636,527,502,500,402,525,504,524,0,512
23240,387,527,501,500,636,527,501,500,402,525,503,524,0,512
23250,387,527,501,500,636,527,501,500,402,525,503,524,0,512
23260,387,527,496,500,636,527,496,500,402,525,498,524,0,512
23270,387,527,496,500,636,527,496,500,402,525,498,524,0,512
23280,389,528,492,500,634,528,492,500,404,526,495,524,0,512
23290,389,528,492,500,634,528,492,500,404,526,495,524,0,512
23300,389,528,492,500,634,528,492,500,404,526,495,524,0,512
23310,389,528,492,500,634,528,492,500,404,526,495,524,0,512
23320,388,529,493,500,635,529,493,500,403,527,496,524,0,512
23330,388,529,493,500,635,529,493,500,403,527,496,524,0,512
23340,389,528,492,500,634,528,492,500,404,526,495,524,0,512
23350,389,528,492,500,634,528,492,500,404,526,495,524,0,512
23360,388,527,494,500,635,527,494,500,403,525,497,524,0,512
23370,388,527,494,500,635,527,494,500,403,525,497,524,0,512
23380,389,527,496,500,634,527,496,500,404,525,498,524,0,512
23390,389,527,496,500,634,527,496,500,404,525,498,524,0,512
23400,387,528,499,500,636,528,499,500,402,526,501,524,0,512
23410,387,528,499,500,636,528,499,500,402,526,501,524,0,512
23420,387,528,499,500,636,528,499,500,402,526,501,524,0,512
23430,387,528,499,500,636,528,499,500,402,526,501,524,0,512
23440,387,527,499,500,636,527,499,500,402,525,501,524,0,512
23450,387,527,499,500,636,527,499,500,402,525,501,524,0,512
23460,387,524,498,500,636,524,498,500,402,522,500,524,0,512
23470,387,524,498,500,636,524,498,500,402,522,500,524,0,512
23480,387,525,498,500,636,525,498,500,402,523,500,524,0,512
23490,387,525,498,500,636,525,498,500,402,523,500,524,0,512
23500,388,528,497,500,635,528,497,500,403,526,499,524,0,512
23510,388,528,497,500,635,528,497,500,403,526,499,524,0,512
23520,389,531,495,500,634,531,495,500,404,528,497,524,0,512
23530,389,531,495,500,634,531,495,500,404,528,497,524,0,512
23540,390,529,493,500,633,529,493,500,405,527,496,524,0,512
23550,390,529,493,500,633,529,493,500,405,527,496,524,0,512
23560,388,527,492,500,635,527,492,500,403,525,495,524,0,512
23570,388,527,492,500,635,527,492,500,403,525,495,524,0,512
23580,387,525,494,500,636,525,494,500,402,523,497,524,0,512
23590,387,525,494,500,636,525,494,500,402,523,497,524,0,512
23600,387,527,496,500,636,527,496,500,402,525,498,524,0,512
23610,387,527,496,500,636,527,496,500,402,525,498,524,0,512
23620,389,529,495,500,634,529,495,500,404,527,497,524,0,512
23630,389,529,495,500,634,529,495,500,404,527,497,524,0,512
23640,388,529,494,500,635,529,494,500,403,527,497,524,0,512
23650,388,529,494,500,635,529,494,500,403,527,497,524,0,512
23660,389,527,494,500,634,527,494,500,404,525,497,524,0,512
23670,389,527,494,500,634,527,494,500,404,525,497,524,0,512
23680,388,529,496,500,635,529,496,500,403,527,498,524,0,512
23690,388,529,496,500,635,529,496,500,403,527,498,524,0,512
23700,388,530,499,500,635,530,499,500,403,527,501,524,0,512
23710,388,530,499,500,635,530,499,500,403,527,501,524,0,512
23720,388,529,498,500,635,529,498,500,403,527,500,524,0,512
23730,388,529,498,500,635,529,498,500,403,527,500,524,0,512
23740,388,527,496,500,635,527,496,500,403,525,498,524,0,512
23750,388,527,496,500,635,527,496,500,403,525,498,524,0,512
23760,389,527,493,500,634,527,493,500,404,525,496,524,0,512
23770,389,527,493,500,634,527,493,500,404,525,496,524,0,512
23780,388,527,494,500,635,527,494,500,403,525,497,524,0,512
23790,388,527,494,500,635,527,494,500,403,525,497,524,0,512
23800,387,526,494,500,636,526,494,500,402,524,497,524,0,512
23810,387,526,494,500,636,526,494,500,402,524,497,524,0,512
23820,388,526,492,500,635,526,492,500,403,524,495,524,0,512
23830,388,526,492,500,635,526,492,500,403,524,495,524,0,512
23840,388,526,493,500,635,526,493,500,403,524,496,524,0,512
23850,388,526,493,500,635,526,493,500,403,524,496,524,0,512
23860,388,528,494,500,635,528,494,500,403,526,497,524,0,512
23870,388,528,494,500,635,528,494,500,403,526,497,524,0,512
23880,388,529,497,500,635,529,497,500,403,527,499,524,0,512
23890,388,529,497,500,635,529,497,500,403,527,499,524,0,512
23900,388,530,499,500,635,530,499,500,403,527,501,524,0,512
23910,388,530,499,500,635,530,499,500,403,527,501,524,0,512
23920,388,528,496,500,635,528,496,500,403,526,498,524,0,512
23930,388,528,496,500,635,528,496,500,403,526,498,524,0,512
23940,388,527,494,500,635,527,494,500,403,525,497,524,0,512
23950,388,527,494,500,635,527,494,500,403,525,497,524,0,512
23960,388,528,495,500,635,528,495,500,403,526,497,524,0,512
23970,388,528,495,500,635,528,495,500,403,526,497,524,0,512
23980,388,529,495,500,635,529,495,500,403,527,497,524,0,512
23990,388,529,495,500,635,529,495,500,403,527,497,524,0,512
24000,387,528,494,500,636,528,494,500,402,526,497,524,0,512
24010,387,528,494,500,636,528,494,500,402,526,497,524,0,512
24020,388,527,492,500,635,527,492,500,403,525,495,524,0,512
24030,388,527,492,500,635,527,492,500,403,525,495,524,0,512
24040,389,527,493,500,634,527,493,500,404,525,496,524,0,512
24050,389,527,493,500,634,527,493,500,404,525,496,524,0,512
24060,388,527,496,500,635,527,496,500,403,525,498,524,0,512
24070,388,527,496,500,635,527,496,500,403,525,498,524,0,512
24080,386,527,496,500,637,527,496,500,401,525,498,524,0,512
24090,386,527,496,500,637,527,496,500,401,525,498,524,0,512
24100,388,527,494,500,635,527,494,500,403,525,497,524,0,512
24110,388,527,494,500,635,527,494,500,403,525,497,524,0,512
24120,389,528,492,500,634,528,492,500,404,526,495,524,0,512
24130,389,528,492,500,634,528,492,500,404,526,495,524,0,512
24140,389,528,492,500,634,528,492,500,404,526,495,524,0,512
24150,389,528,492,500,634,528,492,500,404,526,495,524,0,512
24160,388,527,494,500,635,527,494,500,403,525,497,524,0,512
24170,388,527,494,500,635,527,494,500,403,525,497,524,0,512
24180,387,528,496,500,636,528,496,500,402,526,498,524,0,512
24190,387,528,496,500,636,528,496,500,402,526,498,524,0,512
24200,387,528,498,500,636,528,498,500,402,526,500,524,0,512
24210,387,528,498,500,636,528,498,500,402,526,500,524,0,512
24220,388,528,497,500,635,528,497,500,403,526,499,524,0,512
24230,388,528,497,500,635,528,497,500,403,526,499,524,0,512
24240,389,529,495,500,634,529,495,500,404,527,497,524,0,512
24250,389,529,495,500,634,529,495,500,404,527,497,524,0,512
24260,389,529,491,500,634,529,491,500,404,527,494,524,0,512
24270,389,529,491,500,634,529,491,500,404,527,494,524,0,512
24280,388,527,490,500,635,527,490,500,403,525,493,524,0,512
24290,388,527,490,500,635,527,490,500,403,525,493,524,0,512
24300,388,528,492,500,635,528,492,500,403,526,495,524,0,512
24310,388,528,492,500,635,528,492,500,403,526,495,524,0,512
24320,388,530,494,500,635,530,494,500,403,527,497,524,0,512
24330,388,530,494,500,635,530,494,500,403,527,497,524,0,512
24340,388,529,495,500,635,529,495,500,403,527,497,524,0,512
24350,388,529,495,500,635,529,495,500,403,527,497,524,0,512
24360,389,528,494,500,634,528,494,500,404,526,497,524,0,512
24370,389,528,494,500,634,528,494,500,404,526,497,524,0,512
24380,388,526,493,500,635,526,493,500,403,524,496,524,0,512
24390,388,526,493,500,635,526,493,500,403,524,496,524,0,512
24400,388,526,494,500,635,526,494,500,403,524,497,524,0,512
24410,388,526,494,500,635,526,494,500,403,524,497,524,0,512
24420,387,528,496,500,636,528,496,500,402,526,498,524,0,512
24430,387,528,496,500,636,528,496,500,402,526,498,524,0,512
24440,389,530,496,500,634,530,496,500,404,527,498,524,0,512
24450,389,530,496,500,634,530,496,500,404,527,498,524,0,512
24460,389,531,494,500,634,531,494,500,404,528,497,524,0,512
24470,389,531,494,500,634,531,494,500,404,528,497,524,0,512
24480,390,529,494,500,633,529,494,500,405,527,497,524,0,512
24490,390,529,494,500,633,529,494,500,405,527,497,524,0,512
24500,387,527,494,500,636,527,494,500,402,525,497,524,0,512
24510,387,527,494,500,636,527,494,500,402,525,497,524,0,512
24520,387,526,494,500,636,526,494,500,402,524,497,524,0,512
24530,387,526,494,500,636,526,494,500,402,524,497,524,0,512
24540,387,525,492,500,636,525,492,500,402,523,495,524,0,512
24550,387,525,492,500,636,525,492,500,402,523,495,524,0,512
24560,388,527,492,500,635,527,492,500,403,525,495,524,0,512
24570,388,527,492,500,635,527,492,500,403,525,495,524,0,512
24580,388,527,493,500,635,527,493,500,403,525,496,524,0,512
24590,388,527,493,500,635,527,493,500,403,525,496,524,0,512
24600,388,527,493,500,635,527,493,500,403,525,496,524,0,512
24610,388,527,493,500,635,527,493,500,403,525,496,524,0,512
24620,388,528,494,500,635,528,494,500,403,526,497,524,0,512
24630,388,528,494,500,635,528,494,500,403,526,497,524,0,512
24640,387,526,495,500,636,526,495,500,402,524,497,524,0,512
24650,387,526,495,500,636,526,495,500,402,524,497,524,0,512
24660,388,528,495,500,635,528,495,500,403,526,497,524,0,512
24670,388,528,495,500,635,528,495,500,403,526,497,524,0,512
28500,389,529,494,500,634,529,494,500,404,527,497,524,0,512
28510,525,387,496,500,498,387,496,500,523,402,498,524,0,512
28520,534,388,496,500,489,388,496,500,531,403,498,524,0,512
28530,534,388,496,500,489,388,496,500,531,403,498,524,0,512
28540,538,389,496,500,485,389,496,500,534,404,498,524,0,512
28550,538,389,496,500,485,389,496,500,534,404,498,524,0,512
28560,533,387,494,500,490,387,494,500,530,402,497,524,0,512
28570,533,387,494,500,490,387,494,500,530,402,497,524,0,512
28580,527,386,495,500,496,386,495,500,525,401,497,524,0,512
28590,527,386,495,500,496,386,495,500,525,401,497,524,0,512
28600,527,387,496,500,496,387,496,500,525,402,498,524,0,512
28610,527,387,496,500,496,387,496,500,525,402,498,524,0,512
28620,535,387,496,500,488,387,496,500,532,402,498,524,0,512
28630,535,387,496,500,488,387,496,500,532,402,498,524,0,512
28640,536,386,495,500,487,386,495,500,533,401,497,524,0,512
28650,536,386,495,500,487,386,495,500,533,401,497,524,0,512
28660,530,386,495,500,493,386,495,500,527,401,497,524,0,512
28670,530,386,495,500,493,386,495,500,527,401,497,524,0,512
28680,527,388,497,500,496,388,497,500,525,403,499,524,0,512
28690,527,388,497,500,496,388,497,500,525,403,499,524,0,512
28700,533,389,497,500,490,389,497,500,530,404,499,524,0,512
28710,533,389,497,500,490,389,497,500,530,404,499,524,0,512
28720,536,387,496,500,487,387,496,500,533,402,498,524,0,512
28730,536,387,496,500,487,387,496,500,533,402,498,524,0,512
28740,533,387,494,500,490,387,494,500,530,402,497,524,0,512
28750,533,387,494,500,490,387,494,500,530,402,497,524,0,512
28760,530,386,496,500,493,386,496,500,527,401,498,524,0,512
28770,530,386,496,500,493,386,496,500,527,401,498,524,0,512
28780,530,386,498,500,493,386,498,500,527,401,500,524,0,512
28790,530,386,498,500,493,386,498,500,527,401,500,524,0,512
28800,535,387,498,500,488,387,498,500,532,402,500,524,0,512
28810,535,387,498,500,488,387,498,500,532,402,500,524,0,512
28820,534,385,496,500,489,385,496,500,531,400,498,524,0,512
28830,534,385,496,500,489,385,496,500,531,400,498,524,0,512
28840,529,385,496,500,494,385,496,500,527,400,498,524,0,512
28850,529,385,496,500,494,385,496,500,527,400,498,524,0,512
28860,526,388,496,500,497,388,496,500,524,403,498,524,0,512
28870,526,388,496,500,497,388,496,500,524,403,498,524,0,512
28880,533,389,496,500,490,389,496,500,530,404,498,524,0,512
28890,533,389,496,500,490,389,496,500,530,404,498,524,0,512
28900,539,389,496,500,484,389,496,500,535,404,498,524,0,512
28910,539,389,496,500,484,389,496,500,535,404,498,524,0,512
28920,534,387,495,500,489,387,495,500,531,402,497,524,0,512
28930,534,387,495,500,489,387,495,500,531,402,497,524,0,512
28940,530,387,494,500,493,387,494,500,527,402,497,524,0,512
28950,530,387,494,500,493,387,494,500,527,402,497,524,0,512
28960,530,387,495,500,493,387,495,500,527,402,497,524,0,512
28970,530,387,495,500,493,387,495,500,527,402,497,524,0,512
28980,532,388,496,500,491,388,496,500,529,403,498,524,0,512
28990,532,388,496,500,491,388,496,500,529,403,498,524,0,512
29000,530,387,495,500,493,387,495,500,527,402,497,524,0,512
29010,530,387,495,500,493,387,495,500,527,402,497,524,0,512
29020,529,387,496,500,494,387,496,500,527,402,498,524,0,512
29030,529,387,496,500,494,387,496,500,527,402,498,524,0,512
29040,527,388,495,500,496,388,495,500,525,403,497,524,0,512
29050,527,388,495,500,496,388,495,500,525,403,497,524,0,512
29060,532,388,496,500,491,388,496,500,529,403,498,524,0,512
29070,532,388,496,500,491,388,496,500,529,403,498,524,0,512
29080,538,385,495,500,485,385,495,500,534,400,497,524,0,512
29090,538,385,495,500,485,385,495,500,534,400,497,524,0,512
29100,533,383,496,500,490,383,496,500,530,399,498,524,0,512
29110,533,383,496,500,490,383,496,500,530,399,498,524,0,512
29120,527,385,496,500,496,385,496,500,525,400,498,524,0,512
29130,527,385,496,500,496,385,496,500,525,400,498,524,0,512
29140,528,386,498,500,495,386,498,500,526,401,500,524,0,512
29150,528,386,498,500,495,386,498,500,526,401,500,524,0,512
29160,531,388,497,500,492,388,497,500,528,403,499,524,0,512
29170,531,388,497,500,492,388,497,500,528,403,499,524,0,512
29180,531,386,496,500,492,386,496,500,528,401,498,524,0,512
29190,531,386,496,500,492,386,496,500,528,401,498,524,0,512
29200,526,386,496,500,497,386,496,500,524,401,498,524,0,512
29210,526,386,496,500,497,386,496,500,524,401,498,524,0,512
29220,526,386,496,500,497,386,496,500,524,401,498,524,0,512
29230,526,386,496,500,497,386,496,500,524,401,498,524,0,512
29240,536,387,497,500,487,387,497,500,533,402,499,524,0,512
29250,536,387,497,500,487,387,497,500,533,402,499,524,0,512
29260,537,387,496,500,486,387,496,500,534,402,498,524,0,512
29270,537,387,496,500,486,387,496,500,534,402,498,524,0,512
29280,532,388,496,500,491,388,496,500,529,403,498,524,0,512
29290,532,388,496,500,491,388,496,500,529,403,498,524,0,512
29300,530,387,496,500,493,387,496,500,527,402,498,524,0,512
29310,530,387,496,500,493,387,496,500,527,402,498,524,0,512
29320,532,387,496,500,491,387,496,500,529,402,498,524,0,512
29330,532,387,496,500,491,387,496,500,529,402,498,524,0,512
29340,532,387,494,500,491,387,494,500,529,402,497,524,0,512
29350,532,387,494,500,491,387,494,500,529,402,497,524,0,512
29360,528,387,494,500,495,387,494,500,526,402,497,524,0,512
29370,528,387,494,500,495,387,494,500,526,402,497,524,0,512
29380,528,386,496,500,495,386,496,500,526,401,498,524,0,512
29390,528,386,496,500,495,386,496,500,526,401,498,524,0,512
29400,531,386,496,500,492,386,496,500,528,401,498,524,0,512
29410,531,386,496,500,492,386,496,500,528,401,498,524,0,512
29420,534,388,494,500,489,388,494,500,531,403,497,524,0,512
29430,534,388,494,500,489,388,494,500,531,403,497,524,0,512
29440,532,388,495,500,491,388,495,500,529,403,497,524,0,512
29450,532,388,495,500,491,388,495,500,529,403,497,524,0,512
29460,529,389,495,500,494,389,495,500,527,404,497,524,0,512
29470,529,389,495,500,494,389,495,500,527,404,497,524,0,512
29480,530,388,498,500,493,388,498,500,527,403,500,524,0,512
29490,530,388,498,500,493,388,498,500,527,403,500,524,0,512
29500,533,386,496,500,490,386,496,500,530,401,498,524,0,512
29510,533,386,496,500,490,386,496,500,530,401,498,524,0,512
29520,532,385,496,500,491,385,496,500,529,400,498,524,0,512
29530,532,385,496,500,491,385,496,500,529,400,498,524,0,512
29540,529,386,495,500,494,386,495,500,527,401,497,524,0,512
29550,529,386,495,500,494,386,495,500,527,401,497,524,0,512
29560,524,386,496,500,499,386,496,500,522,401,498,524,0,512
29570,524,386,496,500,499,386,496,500,522,401,498,524,0,512
29580,528,386,496,500,495,386,496,500,526,401,498,524,0,512
29590,528,386,496,500,495,386,496,500,526,401,498,524,0,512
29600,532,386,495,500,491,386,495,500,529,401,497,524,0,512
29610,532,386,495,500,491,386,495,500,529,401,497,524,0,512
29620,529,387,494,500,494,387,494,500,527,402,497,524,0,512
29630,529,387,494,500,494,387,494,500,527,402,497,524,0,512
29640,528,389,496,500,495,389,496,500,526,404,498,524,0,512
29650,528,389,496,500,495,389,496,500,526,404,498,524,0,512
29660,533,389,497,500,490,389,497,500,530,404,499,524,0,512
29670,533,389,497,500,490,389,497,500,530,404,499,524,0,512
29680,533,387,495,500,490,387,495,500,530,402,497,524,0,512
29690,533,387,495,500,490,387,495,500,530,402,497,524,0,512
29700,529,387,495,500,494,387,495,500,527,402,497,524,0,512
29710,529,387,495,500,494,387,495,500,527,402,497,524,0,512
29720,526,386,496,500,497,386,496,500,524,401,498,524,0,512
29730,526,386,496,500,497,386,496,500,524,401,498,524,0,512
29740,528,386,495,500,495,386,495,500,526,401,497,524,0,512
29750,528,386,495,500,495,386,495,500,526,401,497,524,0,512
29760,530,386,496,500,493,386,496,500,527,401,498,524,0,512
29770,530,386,496,500,493,386,496,500,527,401,498,524,0,512
29780,530,388,495,500,493,388,495,500,527,403,497,524,0,512
29790,530,388,495,500,493,388,495,500,527,403,497,524,0,512
29800,526,386,495,500,497,386,495,500,524,401,497,524,0,512
29810,526,386,495,500,497,386,495,500,524,401,497,524,0,512
29820,527,388,495,500,496,388,495,500,525,403,497,524,0,512
29830,527,388,495,500,496,388,495,500,525,403,497,524,0,512
29840,534,388,495,500,489,388,495,500,531,403,497,524,0,512
29850,534,388,495,500,489,388,495,500,531,403,497,524,0,512
29860,533,385,495,500,490,385,495,500,530,400,497,524,0,512
29870,533,385,495,500,490,385,495,500,530,400,497,524,0,512
29880,526,386,496,500,497,386,496,500,524,401,498,524,0,512
29890,526,386,496,500,497,386,496,500,524,401,498,524,0,512
29900,521,388,496,500,502,388,496,500,519,403,498,524,0,512
29910,521,388,496,500,502,388,496,500,519,403,498,524,0,512
29920,522,386,496,500,501,386,496,500,520,401,498,524,0,512
29930,522,386,496,500,501,386,496,500,520,401,498,524,0,512
29940,527,387,495,500,496,387,495,500,525,402,497,524,0,512
29950,527,387,495,500,496,387,495,500,525,402,497,524,0,512
29960,528,388,495,500,495,388,495,500,526,403,497,524,0,512
29970,528,388,495,500,495,388,495,500,526,403,497,524,0,512
29980,527,387,495,500,496,387,495,500,525,402,497,524,0,512
29990,527,387,495,500,496,387,495,500,525,402,497,524,0,512
30000,531,384,497,500,492,384,497,500,528,399,499,524,0,512
30010,531,384,497,500,492,384,497,500,528,399,499,524,0,512
30020,533,387,494,500,490,387,494,500,530,402,497,524,0,512
30030,533,387,494,500,490,387,494,500,530,402,497,524,0,512
30040,530,387,494,500,493,387,494,500,527,402,497,524,0,512
30050,530,387,494,500,493,387,494,500,527,402,497,524,0,512
30060,526,388,496,500,497,388,496,500,524,403,498,524,0,512
30070,526,388,496,500,497,388,496,500,524,403,498,524,0,512
30080,524,387,494,500,499,387,494,500,522,402,497,524,0,512
30090,524,387,494,500,499,387,494,500,522,402,497,524,0,512
30100,528,387,496,500,495,387,496,500,526,402,498,524,0,512
30110,528,387,496,500,495,387,496,500,526,402,498,524,0,512
30120,530,389,496,500,493,389,496,500,527,404,498,524,0,512
30130,530,389,496,500,493,389,496,500,527,404,498,524,0,512
30140,525,386,495,500,498,386,495,500,523,401,497,524,0,512
30150,525,386,495,500,498,386,495,500,523,401,497,524,0,512
30160,523,387,496,500,500,387,496,500,521,402,498,524,0,512
30170,523,387,496,500,500,387,496,500,521,402,498,524,0,512
30180,523,385,496,500,500,385,496,500,521,400,498,524,0,512
30190,523,385,496,500,500,385,496,500,521,400,498,524,0,512
30200,524,386,495,500,499,386,495,500,522,401,497,524,0,512
30210,524,386,495,500,499,386,495,500,522,401,497,524,0,512
30220,526,386,495,500,497,386,495,500,524,401,497,524,0,512
30230,526,386,495,500,497,386,495,500,524,401,497,524,0,512
30240,525,386,496,500,498,386,496,500,523,401,498,524,0,512
30250,525,386,496,500,498,386,496,500,523,401,498,524,0,512
30260,522,385,496,500,501,385,496,500,520,400,498,524,0,512
30270,522,385,496,500,501,385,496,500,520,400,498,524,0,512
30280,526,385,496,500,497,385,496,500,524,400,498,524,0,512
30290,526,385,496,500,497,385,496,500,524,400,498,524,0,512
30300,526,386,496,500,497,386,496,500,524,401,498,524,0,512
30310,526,386,496,500,497,386,496,500,524,401,498,524,0,512
30320,521,387,495,500,502,387,495,500,519,402,497,524,0,512
30330,521,387,495,500,502,387,495,500,519,402,497,524,0,512
30340,521,388,496,500,502,388,496,500,519,403,498,524,0,512
30350,521,388,496,500,502,388,496,500,519,403,498,524,0,512
30360,526,388,497,500,497,388,497,500,524,403,499,524,0,512
30370,526,388,497,500,497,388,497,500,524,403,499,524,0,512
30380,527,386,497,500,496,386,497,500,525,401,499,524,0,512
30390,527,386,497,500,496,386,497,500,525,401,499,524,0,512
30400,523,385,497,500,500,385,497,500,521,400,499,524,0,512
30410,523,385,497,500,500,385,497,500,521,400,499,524,0,512
30420,519,384,496,500,504,384,496,500,518,399,498,524,0,512
30430,519,384,496,500,504,384,496,500,518,399,498,524,0,512
30440,520,385,497,500,503,385,497,500,519,400,499,524,0,512
30450,520,385,497,500,503,385,497,500,519,400,499,524,0,512
30460,524,388,497,500,499,388,497,500,522,403,499,524,0,512
30470,524,388,497,500,499,388,497,500,522,403,499,524,0,512
30480,526,388,496,500,497,388,496,500,524,403,498,524,0,512
30490,526,388,496,500,497,388,496,500,524,403,498,524,0,512
30500,522,386,496,500,501,386,496,500,520,401,498,524,0,512
30510,522,386,496,500,501,386,496,500,520,401,498,524,0,512
30520,520,385,495,500,503,385,495,500,519,400,497,524,0,512
30530,520,385,495,500,503,385,495,500,519,400,497,524,0,512
30540,521,385,496,500,502,385,496,500,519,400,498,524,0,512
30550,521,385,496,500,502,385,496,500,519,400,498,524,0,512
30560,523,384,496,500,500,384,496,500,521,399,498,524,0,512
30570,523,384,496,500,500,384,496,500,521,399,498,524,0,512
30580,520,385,496,500,503,385,496,500,519,400,498,524,0,512
30590,520,385,496,500,503,385,496,500,519,400,498,524,0,512
30600,520,388,496,500,503,388,496,500,519,403,498,524,0,512
30610,520,388,496,500,503,388,496,500,519,403,498,524,0,512
30620,524,389,497,500,499,389,497,500,522,404,499,524,0,512
30630,524,389,497,500,499,389,497,500,522,404,499,524,0,512
30640,524,387,497,500,499,387,497,500,522,402,499,524,0,512
30650,524,387,497,500,499,387,497,500,522,402,499,524,0,512
30660,521,385,496,500,502,385,496,500,519,400,498,524,0,512
30670,521,385,496,500,502,385,496,500,519,400,498,524,0,512
30680,521,384,496,500,502,384,496,500,519,399,498,524,0,512
30690,521,384,496,500,502,384,496,500,519,399,498,524,0,512
30700,522,385,497,500,501,385,497,500,520,400,499,524,0,512
30710,522,385,497,500,501,385,497,500,520,400,499,524,0,512
30720,524,386,497,500,499,386,497,500,522,401,499,524,0,512
30730,524,386,497,500,499,386,497,500,522,401,499,524,0,512
30740,522,387,497,500,501,387,497,500,520,402,499,524,0,512
30750,522,387,497,500,501,387,497,500,520,402,499,524,0,512
30760,520,386,496,500,503,386,496,500,519,401,498,524,0,512
30770,520,386,496,500,503,386,496,500,519,401,498,524,0,512
30780,518,387,497,500,505,387,497,500,517,402,499,524,0,512
30790,518,387,497,500,505,387,497,500,517,402,499,524,0,512
30800,523,385,498,500,500,385,498,500,521,400,500,524,0,512
30810,523,385,498,500,500,385,498,500,521,400,500,524,0,512
30820,524,386,497,500,499,386,497,500,522,401,499,524,0,512
30830,524,386,497,500,499,386,497,500,522,401,499,524,0,512
30840,523,386,497,500,500,386,497,500,521,401,499,524,0,512
30850,523,386,497,500,500,386,497,500,521,401,499,524,0,512
30860,522,387,496,500,501,387,496,500,520,402,498,524,0,512
30870,522,387,496,500,501,387,496,500,520,402,498,524,0,512
30880,523,388,497,500,500,388,497,500,521,403,499,524,0,512
30890,523,388,497,500,500,388,497,500,521,403,499,524,0,512
30900,527,386,496,500,496,386,496,500,525,401,498,524,0,512
30910,527,386,496,500,496,386,496,500,525,401,498,524,0,512
30920,524,384,496,500,499,384,496,500,522,399,498,524,0,512
30930,524,384,496,500,499,384,496,500,522,399,498,524,0,512
30940,519,386,496,500,504,386,496,500,518,401,498,524,0,512
30950,519,386,496,500,504,386,496,500,518,401,498,524,0,512
30960,521,386,497,500,502,386,497,500,519,401,499,524,0,512
30970,521,386,497,500,502,386,497,500,519,401,499,524,0,512
30980,527,385,498,500,496,385,498,500,525,400,500,524,0,512
30990,527,385,498,500,496,385,498,500,525,400,500,524,0,512
31000,525,385,498,500,498,385,498,500,523,400,500,524,0,512
32955,525,385,498,500,498,385,498,500,523,400,500,524,0,512
32960,520,641,514,500,503,641,514,500,519,625,513,524,0,512
32970,520,641,514,500,503,641,514,500,519,625,513,524,0,512
32980,515,638,516,500,508,638,516,500,514,623,515,524,0,512
32990,515,638,516,500,508,638,516,500,514,623,515,524,0,512
33000,514,638,515,500,509,638,515,500,513,623,514,524,0,512
33010,514,638,515,500,509,638,515,500,513,623,514,524,0,512
33020,518,640,513,500,505,640,513,500,517,625,512,524,0,512
33030,518,640,513,500,505,640,513,500,517,625,512,524,0,512
33040,517,640,511,500,506,640,511,500,516,625,512,524,0,512
33050,517,640,511,500,506,640,511,500,516,625,512,524,0,512
33060,514,639,512,500,509,639,512,500,513,624,512,524,0,512
33070,514,639,512,500,509,639,512,500,513,624,512,524,0,512
33080,514,640,510,500,509,640,510,500,513,625,511,524,0,512
33090,514,640,510,500,509,640,510,500,513,625,511,524,0,512
33100,519,644,512,500,504,644,512,500,518,628,512,524,0,512
33110,519,644,512,500,504,644,512,500,518,628,512,524,0,512
33120,519,643,513,500,504,643,513,500,518,627,512,524,0,512
33130,519,643,513,500,504,643,513,500,518,627,512,524,0,512
33140,513,638,512,500,510,638,512,500,512,623,512,524,0,512
33150,513,638,512,500,510,638,512,500,512,623,512,524,0,512
33160,511,638,511,500,512,638,511,500,512,623,512,524,0,512
33170,511,638,511,500,512,638,511,500,512,623,512,524,0,512
33180,513,638,510,500,510,638,510,500,512,623,511,524,0,512
33190,513,638,510,500,510,638,510,500,512,623,511,524,0,512
33200,520,640,510,500,503,640,510,500,519,625,511,524,0,512
33210,520,640,510,500,503,640,510,500,519,625,511,524,0,512
33220,520,641,512,500,503,641,512,500,519,625,512,524,0,512
33230,520,641,512,500,503,641,512,500,519,625,512,524,0,512
33240,517,640,512,500,506,640,512,500,516,625,512,524,0,512
33250,517,640,512,500,506,640,512,500,516,625,512,524,0,512
33260,514,640,511,500,509,640,511,500,513,625,512,524,0,512
33270,514,640,511,500,509,640,511,500,513,625,512,524,0,512
33280,513,641,510,500,510,641,510,500,512,625,511,524,0,512
33290,513,641,510,500,510,641,510,500,512,625,511,524,0,512
33300,515,643,508,500,508,643,508,500,514,627,509,524,0,512
33310,515,643,508,500,508,643,508,500,514,627,509,524,0,512
33320,514,645,510,500,509,645,510,500,513,629,511,524,0,512
33330,514,645,510,500,509,645,510,500,513,629,511,524,0,512
33340,512,643,510,500,511,643,510,500,512,627,511,524,0,512
33350,512,643,510,500,511,643,510,500,512,627,511,524,0,512
33360,508,641,507,500,515,641,507,500,509,625,508,524,0,512
33370,508,641,507,500,515,641,507,500,509,625,508,524,0,512
33380,513,642,508,500,510,642,508,500,512,626,509,524,0,512
33390,513,642,508,500,510,642,508,500,512,626,509,524,0,512
33400,521,644,509,500,502,644,509,500,519,628,510,524,0,512
33410,521,644,509,500,502,644,509,500,519,628,510,524,0,512
33420,520,643,511,500,503,643,511,500,519,627,512,524,0,512
33430,520,643,511,500,503,643,511,500,519,627,512,524,0,512
33440,515,635,511,500,508,635,511,500,514,620,512,524,0,512
33450,515,635,511,500,508,635,511,500,514,620,512,524,0,512
33460,515,635,509,500,508,635,509,500,514,620,510,524,0,512
33470,515,635,509,500,508,635,509,500,514,620,510,524,0,512
33480,525,637,508,500,498,637,508,500,523,622,509,524,0,512
33490,525,637,508,500,498,637,508,500,523,622,509,524,0,512
33500,526,645,507,500,497,645,507,500,524,629,508,524,0,512
33510,526,645,507,500,497,645,507,500,524,629,508,524,0,512
33520,520,643,512,500,503,643,512,500,519,627,512,524,0,512
33530,520,643,512,500,503,643,512,500,519,627,512,524,0,512
33540,513,640,511,500,510,640,511,500,512,625,512,524,0,512
33550,513,640,511,500,510,640,511,500,512,625,512,524,0,512
33560,512,639,511,500,511,639,511,500,512,624,512,524,0,512
33570,512,639,511,500,511,639,511,500,512,624,512,524,0,512
33580,511,638,509,500,512,638,509,500,512,623,510,524,0,512
33590,511,638,509,500,512,638,509,500,512,623,510,524,0,512
33600,515,639,508,500,508,639,508,500,514,624,509,524,0,512
33610,515,639,508,500,508,639,508,500,514,624,509,524,0,512
33620,517,643,507,500,506,643,507,500,516,627,508,524,0,512
33630,517,643,507,500,506,643,507,500,516,627,508,524,0,512
33640,518,644,510,500,505,644,510,500,517,628,511,524,0,512
33650,518,644,510,500,505,644,510,500,517,628,511,524,0,512
33660,518,641,512,500,505,641,512,500,517,625,512,524,0,512
33670,518,641,512,500,505,641,512,500,517,625,512,524,0,512
33680,516,641,510,500,507,641,510,500,515,625,511,524,0,512
33690,516,641,510,500,507,641,510,500,515,625,511,524,0,512
33700,515,640,507,500,508,640,507,500,514,625,508,524,0,512
33710,515,640,507,500,508,640,507,500,514,625,508,524,0,512
33720,514,640,508,500,509,640,508,500,513,625,509,524,0,512
33730,514,640,508,500,509,640,508,500,513,625,509,524,0,512
33740,513,639,508,500,510,639,508,500,512,624,509,524,0,512
33750,513,639,508,500,510,639,508,500,512,624,509,524,0,512
33760,518,639,509,500,505,639,509,500,517,624,510,524,0,512
33770,518,639,509,500,505,639,509,500,517,624,510,524,0,512
33780,521,639,507,500,502,639,507,500,519,624,508,524,0,512
33790,521,639,507,500,502,639,507,500,519,624,508,524,0,512
33800,520,639,508,500,503,639,508,500,519,624,509,524,0,512
33810,520,639,508,500,503,639,508,500,519,624,509,524,0,512
33820,517,640,509,500,506,640,509,500,516,625,510,524,0,512
33830,517,640,509,500,506,640,509,500,516,625,510,524,0,512
33840,517,640,509,500,506,640,509,500,516,625,510,524,0,512
33850,517,640,509,500,506,640,509,500,516,625,510,524,0,512
33860,516,643,509,500,507,643,509,500,515,627,510,524,0,512
33870,516,643,509,500,507,643,509,500,515,627,510,524,0,512
33880,515,643,509,500,508,643,509,500,514,627,510,524,0,512
33890,515,643,509,500,508,643,509,500,514,627,510,524,0,512
33900,516,640,509,500,507,640,509,500,515,625,510,524,0,512
33910,516,640,509,500,507,640,509,500,515,625,510,524,0,512
33920,515,642,509,500,508,642,509,500,514,626,510,524,0,512
33930,515,642,509,500,508,642,509,500,514,626,510,524,0,512
33940,513,642,509,500,510,642,509,500,512,626,510,524,0,512
33950,513,642,509,500,510,642,509,500,512,626,510,524,0,512
33960,513,641,508,500,510,641,508,500,512,625,509,524,0,512
33970,513,641,508,500,510,641,508,500,512,625,509,524,0,512
33980,519,642,506,500,504,642,506,500,518,626,507,524,0,512
33990,519,642,506,500,504,642,506,500,518,626,507,524,0,512
34000,521,640,508,500,502,640,508,500,519,625,509,524,0,512
34010,521,640,508,500,502,640,508,500,519,625,509,524,0,512
34020,517,638,508,500,506,638,508,500,516,623,509,524,0,512
34030,517,638,508,500,506,638,508,500,516,623,509,524,0,512
34040,517,639,508,500,506,639,508,500,516,624,509,524,0,512
34050,517,639,508,500,506,639,508,500,516,624,509,524,0,512
34060,519,639,510,500,504,639,510,500,518,624,511,524,0,512
34070,519,639,510,500,504,639,510,500,518,624,511,524,0,512
34080,520,639,509,500,503,639,509,500,519,624,510,524,0,512
34090,520,639,509,500,503,639,509,500,519,624,510,524,0,512
34100,519,640,508,500,504,640,508,500,518,625,509,524,0,512
34110,519,640,508,500,504,640,508,500,518,625,509,524,0,512
34120,514,640,508,500,509,640,508,500,513,625,509,524,0,512
34130,514,640,508,500,509,640,508,500,513,625,509,524,0,512
34140,512,642,509,500,511,642,509,500,512,626,510,524,0,512
34150,512,642,509,500,511,642,509,500,512,626,510,524,0,512
34160,514,642,509,500,509,642,509,500,513,626,510,524,0,512
34170,514,642,509,500,509,642,509,500,513,626,510,524,0,512
34180,515,642,508,500,508,642,508,500,514,626,509,524,0,512
34190,515,642,508,500,508,642,508,500,514,626,509,524,0,512
34200,518,642,509,500,505,642,509,500,517,626,510,524,0,512
34210,518,642,509,500,505,642,509,500,517,626,510,524,0,512
34220,516,640,509,500,507,640,509,500,515,625,510,524,0,512
34230,516,640,509,500,507,640,509,500,515,625,510,524,0,512
34240,516,637,510,500,507,637,510,500,515,622,511,524,0,512
34250,516,637,510,500,507,637,510,500,515,622,511,524,0,512
34260,516,639,510,500,507,639,510,500,515,624,511,524,0,512
34270,516,639,510,500,507,639,510,500,515,624,511,524,0,512
34280,513,638,507,500,510,638,507,500,512,623,508,524,0,512
34290,513,638,507,500,510,638,507,500,512,623,508,524,0,512
34300,514,640,507,500,509,640,507,500,513,625,508,524,0,512
34310,514,640,507,500,509,640,507,500,513,625,508,524,0,512
34320,520,643,507,500,503,643,507,500,519,627,508,524,0,512
34330,520,643,507,500,503,643,507,500,519,627,508,524,0,512
34340,521,641,509,500,502,641,509,500,519,625,510,524,0,512
34350,521,641,509,500,502,641,509,500,519,625,510,524,0,512
34360,516,641,509,500,507,641,509,500,515,625,510,524,0,512
34370,516,641,509,500,507,641,509,500,515,625,510,524,0,512
34380,513,638,510,500,510,638,510,500,512,623,511,524,0,512
34390,513,638,510,500,510,638,510,500,512,623,511,524,0,512
34400,516,640,508,500,507,640,508,500,515,625,509,524,0,512
34410,516,640,508,500,507,640,508,500,515,625,509,524,0,512
34420,520,640,508,500,503,640,508,500,519,625,509,524,0,512
34430,520,640,508,500,503,640,508,500,519,625,509,524,0,512
34440,519,642,508,500,504,642,508,500,518,626,509,524,0,512
34450,519,642,508,500,504,642,508,500,518,626,509,524,0,512
34460,518,642,509,500,505,642,509,500,517,626,510,524,0,512
34470,518,642,509,500,505,642,509,500,517,626,510,524,0,512
34480,514,640,508,500,509,640,508,500,513,625,509,524,0,512
34490,514,640,508,500,509,640,508,500,513,625,509,524,0,512
34500,513,639,508,500,510,639,508,500,512,624,509,524,0,512
34510,513,639,508,500,510,639,508,500,512,624,509,524,0,512
34520,515,640,507,500,508,640,507,500,514,625,508,524,0,512
34530,515,640,507,500,508,640,507,500,514,625,508,524,0,512
34540,519,640,507,500,504,640,507,500,518,625,508,524,0,512
34550,519,640,507,500,504,640,507,500,518,625,508,524,0,512
34560,516,639,507,500,507,639,507,500,515,624,508,524,0,512
34570,516,639,507,500,507,639,507,500,515,624,508,524,0,512
34580,515,640,508,500,508,640,508,500,514,625,509,524,0,512
34590,515,640,508,500,508,640,508,500,514,625,509,524,0,512
34600,513,640,507,500,510,640,507,500,512,625,508,524,0,512
34610,513,640,507,500,510,640,507,500,512,625,508,524,0,512
34620,516,641,508,500,507,641,508,500,515,625,509,524,0,512
34630,516,641,508,500,507,641,508,500,515,625,509,524,0,512
34640,518,643,508,500,505,643,508,500,517,627,509,524,0,512
34650,518,643,508,500,505,643,508,500,517,627,509,524,0,512
34660,516,642,508,500,507,642,508,500,515,626,509,524,0,512
34670,516,642,508,500,507,642,508,500,515,626,509,524,0,512
34680,514,645,507,500,509,645,507,500,513,629,508,524,0,512
34690,514,645,507,500,509,645,507,500,513,629,508,524,0,512
34700,513,643,509,500,510,643,509,500,512,627,510,524,0,512
34710,513,643,509,500,510,643,509,500,512,627,510,524,0,512
34720,516,642,508,500,507,642,508,500,515,626,509,524,0,512
34730,516,642,508,500,507,642,508,500,515,626,509,524,0,512
34740,518,640,508,500,505,640,508,500,517,625,509,524,0,512
34750,518,640,508,500,505,640,508,500,517,625,509,524,0,512
34760,516,639,508,500,507,639,508,500,515,624,509,524,0,512
34770,516,639,508,500,507,639,508,500,515,624,509,524,0,512
34780,516,638,509,500,507,638,509,500,515,623,510,524,0,512
34790,516,638,509,500,507,638,509,500,515,623,510,524,0,512
34800,518,638,508,500,505,638,508,500,517,623,509,524,0,512
34810,518,638,508,500,505,638,508,500,517,623,509,524,0,512
34820,519,638,509,500,504,638,509,500,518,623,510,524,0,512
34830,519,638,509,500,504,638,509,500,518,623,510,524,0,512
34840,519,640,508,500,504,640,508,500,518,625,509,524,0,512
34850,519,640,508,500,504,640,508,500,518,625,509,524,0,512
34860,515,642,508,500,508,642,508,500,514,626,509,524,0,512
34870,515,642,508,500,508,642,508,500,514,626,509,524,0,512
34880,511,642,507,500,512,642,507,500,512,626,508,524,0,512
34890,511,642,507,500,512,642,507,500,512,626,508,524,0,512
34900,512,643,507,500,511,643,507,500,512,627,508,524,0,512
34910,512,643,507,500,511,643,507,500,512,627,508,524,0,512
34920,517,642,507,500,506,642,507,500,516,626,508,524,0,512
34930,517,642,507,500,506,642,507,500,516,626,508,524,0,512
34940,519,642,507,500,504,642,507,500,518,626,508,524,0,512
34950,519,642,507,500,504,642,507,500,518,626,508,524,0,512
34960,516,639,508,500,507,639,508,500,515,624,509,524,0,512
34970,516,639,508,500,507,639,508,500,515,624,509,524,0,512
34980,515,638,508,500,508,638,508,500,514,623,509,524,0,512
34990,515,638,508,500,508,638,508,500,514,623,509,524,0,512
35000,515,639,507,500,508,639,507,500,514,624,508,524,0,512
35010,515,639,507,500,508,639,507,500,514,624,508,524,0,512
35020,517,641,507,500,506,641,507,500,516,625,508,524,0,512
35030,517,641,507,500,506,641,507,500,516,625,508,524,0,512
35040,518,641,507,500,505,641,507,500,517,625,508,524,0,512
35050,518,641,507,500,505,641,507,500,517,625,508,524,0,512
35060,516,641,508,500,507,641,508,500,515,625,509,524,0,512
35070,516,641,508,500,507,641,508,500,515,625,509,524,0,512
35080,516,640,507,500,507,640,507,500,515,625,508,524,0,512
35090,516,640,507,500,507,640,507,500,515,625,508,524,0,512
35100,518,642,507,500,505,642,507,500,517,626,508,524,0,512
35110,518,642,507,500,505,642,507,500,517,626,508,524,0,512
35120,519,641,508,500,504,641,508,500,518,625,509,524,0,512
35130,519,641,508,500,504,641,508,500,518,625,509,524,0,512
35140,515,641,507,500,508,641,507,500,514,625,508,524,0,512
35150,515,641,507,500,508,641,507,500,514,625,508,524,0,512
35160,513,640,506,500,510,640,506,500,512,625,507,524,0,512
35170,513,640,506,500,510,640,506,500,512,625,507,524,0,512
35180,513,640,507,500,510,640,507,500,512,625,508,524,0,512
35190,513,640,507,500,510,640,507,500,512,625,508,524,0,512
35200,514,640,506,500,509,640,506,500,513,625,507,524,0,512
35210,514,640,506,500,509,640,506,500,513,625,507,524,0,512
35220,515,640,507,500,508,640,507,500,514,625,508,524,0,512
35230,515,640,507,500,508,640,507,500,514,625,508,524,0,512
35240,514,640,508,500,509,640,508,500,513,625,509,524,0,512
35250,514,640,508,500,509,640,508,500,513,625,509,524,0,512
35260,513,641,509,500,510,641,509,500,512,625,510,524,0,512
35270,513,641,509,500,510,641,509,500,512,625,510,524,0,512
35280,515,642,509,500,508,642,509,500,514,626,510,524,0,512
35290,515,642,509,500,508,642,509,500,514,626,510,524,0,512
35300,517,642,508,500,506,642,508,500,516,626,509,524,0,512
35310,517,642,508,500,506,642,508,500,516,626,509,524,0,512
35320,518,642,507,500,505,642,507,500,517,626,508,524,0,512
35330,518,642,507,500,505,642,507,500,517,626,508,524,0,512
35340,514,640,506,500,509,640,506,500,513,625,507,524,0,512
35350,514,640,506,500,509,640,506,500,513,625,507,524,0,512
35360,512,639,506,500,511,639,506,500,512,624,507,524,0,512
35370,512,639,506,500,511,639,506,500,512,624,507,524,0,512
35380,513,640,506,500,510,640,506,500,512,625,507,524,0,512
35390,513,640,506,500,510,640,506,500,512,625,507,524,0,512
35400,515,641,507,500,508,641,507,500,514,625,508,524,0,512
35410,515,641,507,500,508,641,507,500,514,625,508,524,0,512
35420,515,641,505,500,508,641,505,500,514,625,506,524,0,512
35430,515,641,505,500,508,641,505,500,514,625,506,524,0,512
35440,515,641,507,500,508,641,507,500,514,625,508,524,0,512
35450,515,641,507,500,508,641,507,500,514,625,508,524,0,512
35460,514,640,508,500,509,640,508,500,513,625,509,524,0,512
37472,514,640,508,500,509,640,508,500,513,625,509,512,0,512
37480,522,505,382,500,501,505,382,500,520,506,398,512,0,512
37490,522,505,382,500,501,505,382,500,520,506,398,512,0,512
37500,520,502,385,500,503,502,385,500,519,504,400,512,0,512
37510,520,502,385,500,503,502,385,500,519,504,400,512,0,512
37520,518,495,386,500,505,495,386,500,517,497,401,512,0,512
37530,518,495,386,500,505,495,386,500,517,497,401,512,0,512
37540,521,493,384,500,502,493,384,500,519,496,399,512,0,512
37550,521,493,384,500,502,493,384,500,519,496,399,512,0,512
37560,526,492,384,500,497,492,384,500,524,495,399,512,0,512
37570,526,492,384,500,497,492,384,500,524,495,399,512,0,512
37580,526,492,384,500,497,492,384,500,524,495,399,512,0,512
37590,526,492,384,500,497,492,384,500,524,495,399,512,0,512
37600,525,500,381,500,498,500,381,500,523,502,397,512,0,512
37610,525,500,381,500,498,500,381,500,523,502,397,512,0,512
37620,528,503,378,500,495,503,378,500,526,505,394,512,0,512
37630,528,503,378,500,495,503,378,500,526,505,394,512,0,512
37640,527,497,379,500,496,497,379,500,525,499,395,512,0,512
37650,527,497,379,500,496,497,379,500,525,499,395,512,0,512
37660,520,487,382,500,503,487,382,500,519,490,398,512,0,512
37670,520,487,382,500,503,487,382,500,519,490,398,512,0,512
37680,518,486,388,500,505,486,388,500,517,490,403,512,0,512
37690,518,486,388,500,505,486,388,500,517,490,403,512,0,512
37700,517,494,387,500,506,494,387,500,516,497,402,512,0,512
37710,517,494,387,500,506,494,387,500,516,497,402,512,0,512
37720,523,500,384,500,500,500,384,500,521,502,399,512,0,512
37730,523,500,384,500,500,500,384,500,521,502,399,512,0,512
37740,521,501,387,500,502,501,387,500,519,503,402,512,0,512
37750,521,501,387,500,502,501,387,500,519,503,402,512,0,512
37760,513,502,388,500,510,502,388,500,512,504,403,512,0,512
37770,513,502,388,500,510,502,388,500,512,504,403,512,0,512
37780,514,498,382,500,509,498,382,500,513,500,398,512,0,512
37790,514,498,382,500,509,498,382,500,513,500,398,524,0,512
37800,520,485,377,500,503,485,377,500,519,489,393,524,0,512
37810,520,485,377,500,503,485,377,500,519,489,393,524,0,512
37820,518,479,379,500,505,479,379,500,517,483,395,524,0,512
37830,518,479,379,500,505,479,379,500,517,483,395,524,0,512
37840,516,484,387,500,507,484,387,500,515,488,402,524,0,512
37850,516,484,387,500,507,484,387,500,515,488,402,524,0,512
37860,521,493,392,500,502,493,392,500,519,496,407,524,0,512
37870,521,493,392,500,502,493,392,500,519,496,407,524,0,512
37880,524,499,389,500,499,499,389,500,522,501,404,524,0,512
37890,524,499,389,500,499,499,389,500,522,501,404,524,0,512
37900,526,499,382,500,497,499,382,500,524,501,398,524,0,512
37910,526,499,382,500,497,499,382,500,524,501,398,524,0,512
37920,531,524,372,500,492,524,372,500,528,522,389,524,0,512
37930,531,524,372,500,492,524,372,500,528,522,389,524,0,512
37940,527,487,385,500,496,487,385,500,525,490,400,524,0,512
37950,527,487,385,500,496,487,385,500,525,490,400,524,0,512
37960,527,482,385,500,496,482,385,500,525,486,400,524,0,512
37970,527,482,385,500,496,482,385,500,525,486,400,524,0,512
37980,537,498,367,500,486,498,367,500,534,500,384,524,0,512
37990,537,498,367,500,486,498,367,500,534,500,384,524,0,512
38000,533,503,368,500,490,503,368,500,530,505,385,524,0,512
38010,533,503,368,500,490,503,368,500,530,505,385,524,0,512
38020,524,495,390,500,499,495,390,500,522,497,405,524,0,512
38030,524,495,390,500,499,495,390,500,522,497,405,524,0,512
38040,523,499,398,500,500,499,398,500,521,501,412,524,0,512
38050,523,499,398,500,500,499,398,500,521,501,412,524,0,512
38060,525,496,383,500,498,496,383,500,523,498,399,524,0,512
38070,525,496,383,500,498,496,383,500,523,498,399,524,0,512
38080,518,494,374,500,505,494,374,500,517,497,391,524,0,512
38090,518,494,374,500,505,494,374,500,517,497,391,524,0,512
38100,514,492,389,500,509,492,389,500,513,495,404,524,0,512
38110,514,492,389,500,509,492,389,500,513,495,404,524,0,512
38120,512,495,405,500,511,495,405,500,512,497,418,524,0,512
38130,512,495,405,500,511,495,405,500,512,497,418,524,0,512
38140,518,501,394,500,505,501,394,500,517,503,408,524,0,512
38150,518,501,394,500,505,501,394,500,517,503,408,524,0,512
38160,523,492,367,500,500,492,367,500,521,495,384,524,0,512
38170,523,492,367,500,500,492,367,500,521,495,384,524,0,512
38180,522,491,361,500,501,491,361,500,520,494,379,524,0,512
38190,522,491,361,500,501,491,361,500,520,494,379,524,0,512
38200,513,496,392,500,510,496,392,500,512,498,407,524,0,512
38210,513,496,392,500,510,496,392,500,512,498,407,524,0,512
38220,513,501,398,500,510,501,398,500,512,503,412,524,0,512
38230,513,501,398,500,510,501,398,500,512,503,412,524,0,512
38240,519,500,383,500,504,500,383,500,518,502,399,524,0,512
38250,519,500,383,500,504,500,383,500,518,502,399,524,0,512
38260,520,499,368,500,503,499,368,500,519,501,385,524,0,512
38270,520,499,368,500,503,499,368,500,519,501,385,524,0,512
38280,516,493,374,500,507,493,374,500,515,496,391,524,0,512
38290,516,493,374,500,507,493,374,500,515,496,391,524,0,512
38300,513,498,390,500,510,498,390,500,512,500,405,524,0,512
38310,513,498,390,500,510,498,390,500,512,500,405,524,0,512
38320,512,501,392,500,511,501,392,500,512,503,407,524,0,512
38330,512,501,392,500,511,501,392,500,512,503,407,524,0,512
38340,515,503,384,500,508,503,384,500,514,505,399,524,0,512
38350,515,503,384,500,508,503,384,500,514,505,399,524,0,512
38360,518,495,372,500,505,495,372,500,517,497,389,524,0,512
38370,518,495,372,500,505,495,372,500,517,497,389,524,0,512
38380,518,492,379,500,505,492,379,500,517,495,395,524,0,512
38390,518,492,379,500,505,492,379,500,517,495,395,524,0,512
38400,513,497,389,500,510,497,389,500,512,499,404,524,0,512
38410,513,497,389,500,510,497,389,500,512,499,404,524,0,512
38420,508,501,390,500,515,501,390,500,509,503,405,524,0,500
38430,508,501,390,500,515,501,390,500,509,503,405,512,0,500
38440,508,500,385,500,515,500,385,500,509,502,400,512,0,500
38450,508,500,385,500,515,500,385,500,509,502,400,512,0,500
38460,516,489,375,500,507,489,375,500,515,492,392,512,0,500
38470,516,489,375,500,507,489,375,500,515,492,392,512,0,500
38480,518,495,382,500,505,495,382,500,517,497,398,512,0,500
38490,518,495,382,500,505,495,382,500,517,497,398,512,0,500
38500,514,501,390,500,509,501,390,500,513,503,405,512,0,500
38510,514,501,390,500,509,501,390,500,513,503,405,512,0,500
38520,511,504,385,500,512,504,385,500,512,505,400,512,0,500
38530,511,504,385,500,512,504,385,500,512,505,400,512,0,500
38540,511,499,373,500,512,499,373,500,512,501,390,512,0,500
38550,511,499,373,500,512,499,373,500,512,501,390,512,0,500
38560,512,492,372,500,511,492,372,500,512,495,389,512,0,500
38570,512,492,372,500,511,492,372,500,512,495,389,512,0,500
38580,522,490,380,500,501,490,380,500,520,493,396,512,0,500
38590,522,490,380,500,501,490,380,500,520,493,396,512,0,500
38600,525,498,388,500,498,498,388,500,523,500,403,512,0,500
38610,525,498,388,500,498,498,388,500,523,500,403,512,0,500
38620,518,503,385,500,505,503,385,500,517,505,400,512,0,500
38630,518,503,385,500,505,503,385,500,517,505,400,512,0,500
38640,511,504,382,500,512,504,382,500,512,505,398,512,0,500
38650,511,504,382,500,512,504,382,500,512,505,398,512,0,500
38660,507,502,381,500,516,502,381,500,508,504,397,512,0,500
38670,507,502,381,500,516,502,381,500,508,504,397,512,0,500
38680,515,504,377,500,508,504,377,500,514,505,393,512,0,500
38690,515,504,377,500,508,504,377,500,514,505,393,512,0,500
38700,529,492,377,500,494,492,377,500,527,495,393,512,0,500
38710,529,492,377,500,494,492,377,500,527,495,393,512,0,500
38720,528,492,380,500,495,492,380,500,526,495,396,512,0,500
38730,528,492,380,500,495,492,380,500,526,495,396,512,0,500
38740,513,502,387,500,510,502,387,500,512,504,402,512,0,500
38750,513,502,387,500,510,502,387,500,512,504,402,512,0,500
38760,502,506,392,500,521,506,392,500,504,507,407,512,0,500
38770,502,506,392,500,521,506,392,500,504,507,407,512,0,500
38780,504,506,388,500,519,506,388,500,505,507,403,512,0,500
38790,504,506,388,500,519,506,388,500,505,507,403,512,0,500
38800,510,499,379,500,513,499,379,500,511,501,395,512,0,500
38810,510,499,379,500,513,499,379,500,511,501,395,512,0,500
38820,512,499,382,500,511,499,382,500,512,501,398,512,0,500
38830,512,499,382,500,511,499,382,500,512,501,398,512,0,500
38840,514,507,392,500,509,507,392,500,513,508,407,512,0,500
38850,514,507,392,500,509,507,392,500,513,508,407,512,0,500
38860,512,509,391,500,511,509,391,500,512,510,406,512,0,500
38870,512,509,391,500,511,509,391,500,512,510,406,512,0,500
38880,504,502,385,500,519,502,385,500,505,504,400,512,0,500
38890,504,502,385,500,519,502,385,500,505,504,400,512,0,500
38900,504,495,384,500,519,495,384,500,505,497,399,512,0,500
38910,504,495,384,500,519,495,384,500,505,497,399,512,0,500
38920,520,491,393,500,503,491,393,500,519,494,407,512,0,500
38930,520,491,393,500,503,491,393,500,519,494,407,512,0,500
38940,519,496,397,500,504,496,397,500,518,498,411,512,0,500
38950,519,496,397,500,504,496,397,500,518,498,411,512,0,500
38960,511,504,384,500,512,504,384,500,512,505,399,512,0,500
38970,511,504,384,500,512,504,384,500,512,505,399,512,0,500
38980,511,512,363,500,512,512,363,500,512,512,381,512,0,500
38990,511,512,363,500,512,512,363,500,512,512,381,512,0,500
39000,513,509,368,500,510,509,368,500,512,510,385,512,0,500
39010,513,509,368,500,510,509,368,500,512,510,385,512,0,500
39020,507,489,386,500,516,489,386,500,508,492,401,512,0,500
39030,507,489,386,500,516,489,386,500,508,492,401,512,0,500
39040,500,497,394,500,523,497,394,500,502,499,408,512,0,500
39050,500,497,394,500,523,497,394,500,502,499,408,512,0,500
39060,496,505,385,500,527,505,385,500,498,506,400,512,0,500
39070,496,505,385,500,527,505,385,500,498,506,400,512,0,500
39080,505,505,376,500,518,505,376,500,506,506,392,512,0,500
39090,505,505,376,500,518,505,376,500,506,506,392,512,0,500
39100,509,500,377,500,514,500,377,500,510,502,393,512,0,500
39110,509,500,377,500,514,500,377,500,510,502,393,512,0,500
39120,511,491,382,500,512,491,382,500,512,494,398,512,0,500
39130,511,491,382,500,512,491,382,500,512,494,398,512,0,500
39140,504,497,385,500,519,497,385,500,505,499,400,512,0,500
39150,504,497,385,500,519,497,385,500,505,499,400,512,0,500
39160,503,505,382,500,520,505,382,500,505,506,398,512,0,500
39170,503,505,382,500,520,505,382,500,505,506,398,512,0,500
39180,510,502,375,500,513,502,375,500,511,504,392,512,0,500
39190,510,502,375,500,513,502,375,500,511,504,392,512,0,500
39200,514,501,374,500,509,501,374,500,513,503,391,512,0,500
39210,514,501,374,500,509,501,374,500,513,503,391,512,0,500
39220,508,499,384,500,515,499,384,500,509,501,399,512,0,500
39230,508,499,384,500,515,499,384,500,509,501,399,512,0,500
39240,499,498,385,500,524,498,385,500,501,500,400,512,0,500
39250,499,498,385,500,524,498,385,500,501,500,400,512,0,500
39260,508,503,376,500,515,503,376,500,509,505,392,512,0,500
39270,508,503,376,500,515,503,376,500,509,505,392,512,0,500
39280,516,510,380,500,507,510,380,500,515,511,396,512,0,500
39290,516,510,380,500,507,510,380,500,515,511,396,512,0,500
39300,521,510,383,500,502,510,383,500,519,511,399,512,0,500
39310,521,510,383,500,502,510,383,500,519,511,399,512,0,500
39320,517,502,384,500,506,502,384,500,516,504,399,512,0,500
39330,517,502,384,500,506,502,384,500,516,504,399,512,0,500
39340,512,502,382,500,511,502,382,500,512,504,398,512,0,500
39350,512,502,382,500,511,502,382,500,512,504,398,512,0,500
39360,507,502,385,500,516,502,385,500,508,504,400,512,0,500
39370,507,502,385,500,516,502,385,500,508,504,400,512,0,500
39380,502,506,385,500,521,506,385,500,504,507,400,512,0,500
39390,502,506,385,500,521,506,385,500,504,507,400,512,0,500
39400,502,506,383,500,521,506,383,500,504,507,399,512,0,500
39410,502,506,383,500,521,506,383,500,504,507,399,512,0,500
39420,501,511,375,500,522,511,375,500,503,512,392,512,0,500
39430,501,511,375,500,522,511,375,500,503,512,392,512,0,500
39440,503,510,377,500,520,510,377,500,505,511,393,512,0,500
39450,503,510,377,500,520,510,377,500,505,511,393,512,0,500
39460,505,499,385,500,518,499,385,500,506,501,400,512,0,500
39470,505,499,385,500,518,499,385,500,506,501,400,512,0,500
39480,503,498,385,500,520,498,385,500,505,500,400,512,0,500
39490,503,498,385,500,520,498,385,500,505,500,400,512,0,500
39500,505,502,380,500,518,502,380,500,506,504,396,512,0,500
39510,505,502,380,500,518,502,380,500,506,504,396,512,0,500
39520,513,509,381,500,510,509,381,500,512,510,397,512,0,500
39530,513,509,381,500,510,509,381,500,512,510,397,512,0,500
39540,516,493,380,500,507,493,380,500,515,496,396,512,0,500
39550,516,493,380,500,507,493,380,500,515,496,396,512,0,500
39560,518,495,379,500,505,495,379,500,517,497,395,512,0,500
39570,518,495,379,500,505,495,379,500,517,497,395,512,0,500
39580,509,495,380,500,514,495,380,500,510,497,396,512,0,500
39590,509,495,380,500,514,495,380,500,510,497,396,512,0,500
39600,506,497,385,500,517,497,385,500,507,499,400,512,0,500
39610,506,497,385,500,517,497,385,500,507,499,400,512,0,500
39620,513,501,382,500,510,501,382,500,512,503,398,512,0,500
39630,513,501,382,500,510,501,382,500,512,503,398,512,0,500
39640,512,507,380,500,511,507,380,500,512,508,396,512,0,500
39650,512,507,380,500,511,507,380,500,512,508,396,512,0,500
39660,510,507,380,500,513,507,380,500,511,508,396,512,0,500
39670,510,507,380,500,513,507,380,500,511,508,396,512,0,500
39680,508,502,380,500,515,502,380,500,509,504,396,512,0,500
39690,508,502,380,500,515,502,380,500,509,504,396,512,0,500
39700,511,493,389,500,512,493,389,500,512,496,404,512,0,500
39710,511,493,389,500,512,493,389,500,512,496,404,512,0,500
39720,513,497,382,500,510,497,382,500,512,499,398,512,0,500
39730,513,497,382,500,510,497,382,500,512,499,398,512,0,500
39740,513,501,379,500,510,501,379,500,512,503,395,512,0,500
39750,513,501,379,500,510,501,379,500,512,503,395,512,0,500
39760,513,504,379,500,510,504,379,500,512,505,395,512,0,500
39770,513,504,379,500,510,504,379,500,512,505,395,512,0,500
39780,513,511,378,500,510,511,378,500,512,512,394,512,0,500
39790,513,511,378,500,510,511,378,500,512,512,394,512,0,500
39800,508,505,386,500,515,505,386,500,509,506,401,512,0,500
39810,508,505,386,500,515,505,386,500,509,506,401,512,0,500
39820,506,505,390,500,517,505,390,500,507,506,405,512,0,500
39830,506,505,390,500,517,505,390,500,507,506,405,512,0,500
39840,511,505,384,500,512,505,384,500,512,506,399,512,0,500
39850,511,505,384,500,512,505,384,500,512,506,399,512,0,500
39860,513,505,379,500,510,505,379,500,512,506,395,512,0,500
39870,513,505,379,500,510,505,379,500,512,506,395,512,0,500
39880,514,503,370,500,509,503,370,500,513,505,387,512,0,500
39890,514,503,370,500,509,503,370,500,513,505,387,512,0,500
39900,510,502,377,500,513,502,377,500,511,504,393,512,0,500
39910,510,502,377,500,513,502,377,500,511,504,393,512,0,500
39920,509,505,385,500,514,505,385,500,510,506,400,512,0,500
39930,509,505,385,500,514,505,385,500,510,506,400,512,0,500
39940,510,501,389,500,513,501,389,500,511,503,404,512,0,500
39950,510,501,389,500,513,501,389,500,511,503,404,512,0,500
39960,509,504,389,500,514,504,389,500,510,505,404,512,0,500
39970,509,504,389,500,514,504,389,500,510,505,404,512,0,500
39980,509,509,384,500,514,509,384,500,510,510,399,512,0,500
39990,509,509,384,500,514,509,384,500,510,510,399,512,0,500
40000,508,502,380,500,515,502,380,500,509,504,396,512,0,500
40010,508,502,380,500,515,502,380,500,509,504,396,512,0,500
40020,513,502,382,500,510,502,382,500,512,504,398,512,0,500
40030,513,502,382,500,510,502,382,500,512,504,398,512,0,500
40040,518,502,380,500,505,502,380,500,517,504,396,512,0,500
40050,518,502,380,500,505,502,380,500,517,504,396,512,0,500
40060,517,507,383,500,506,507,383,500,516,508,399,512,0,500
40070,517,507,383,500,506,507,383,500,516,508,399,512,0,500
40080,514,503,387,500,509,503,387,500,513,505,402,512,0,500
40090,514,503,387,500,509,503,387,500,513,505,402,512,0,500
40100,516,501,384,500,507,501,384,500,515,503,399,512,0,500
40110,516,501,384,500,507,501,384,500,515,503,399,512,0,500
40120,517,500,377,500,506,500,377,500,516,502,393,512,0,500
40130,517,500,377,500,506,500,377,500,516,502,393,512,0,500
40140,517,501,377,500,506,501,377,500,516,503,393,512,0,500
40150,517,501,377,500,506,501,377,500,516,503,393,512,0,500
40160,515,505,384,500,508,505,384,500,514,506,399,512,0,500
40170,515,505,384,500,508,505,384,500,514,506,399,512,0,500
40180,515,507,386,500,508,507,386,500,514,508,401,512,0,500
40190,515,507,386,500,508,507,386,500,514,508,401,512,0,500
40200,515,503,381,500,508,503,381,500,514,505,397,512,0,500
40210,515,503,381,500,508,503,381,500,514,505,397,512,0,500
40220,513,503,374,500,510,503,374,500,512,505,391,512,0,500
40230,513,503,374,500,510,503,374,500,512,505,391,512,0,500
40240,511,507,379,500,512,507,379,500,512,508,395,512,0,500
40250,511,507,379,500,512,507,379,500,512,508,395,512,0,500
40260,511,510,383,500,512,510,383,500,512,511,399,512,0,500
40270,511,510,383,500,512,510,383,500,512,511,399,512,0,500
40280,514,508,384,500,509,508,384,500,513,509,399,512,0,500
40290,514,508,384,500,509,508,384,500,513,509,399,512,0,500
40300,512,503,384,500,511,503,384,500,512,505,399,512,0,500
40310,512,503,384,500,511,503,384,500,512,505,399,512,0,500
40320,510,508,387,500,513,508,387,500,511,509,402,512,0,500
40330,510,508,387,500,513,508,387,500,511,509,402,512,0,500
40340,514,508,391,500,509,508,391,500,513,509,406,512,0,500
40350,514,508,391,500,509,508,391,500,513,509,406,512,0,500
40360,516,504,376,500,507,504,376,500,515,505,392,512,0,500
40370,516,504,376,500,507,504,376,500,515,505,392,512,0,500
40380,520,505,375,500,503,505,375,500,519,506,392,512,0,500
40390,520,505,375,500,503,505,375,500,519,506,392,512,0,500
40400,518,500,386,500,505,500,386,500,517,502,401,512,0,500
40410,518,500,386,500,505,500,386,500,517,502,401,512,0,500
40420,513,502,391,500,510,502,391,500,512,504,406,512,0,500
40430,513,502,391,500,510,502,391,500,512,504,406,512,0,500
40440,508,499,389,500,515,499,389,500,509,501,404,512,0,500
40450,508,499,389,500,515,499,389,500,509,501,404,512,0,500
40460,505,501,382,500,518,501,382,500,506,503,398,512,0,500
40470,505,501,382,500,518,501,382,500,506,503,398,512,0,500
40480,514,498,372,500,509,498,372,500,513,500,389,512,0,500
40490,514,498,372,500,509,498,372,500,513,500,389,512,0,500
40500,517,504,369,500,506,504,369,500,516,505,386,512,0,500
40510,517,504,369,500,506,504,369,500,516,505,386,512,0,500
40520,512,511,382,500,511,511,382,500,512,512,398,512,0,500
40530,512,511,382,500,511,511,382,500,512,512,398,512,0,500
40540,508,510,392,500,515,510,392,500,509,511,407,512,0,500
40550,508,510,392,500,515,510,392,500,509,511,407,512,0,500
40560,507,508,388,500,516,508,388,500,508,509,403,512,0,500
40570,507,508,388,500,516,508,388,500,508,509,403,512,0,500
40580,508,507,377,500,515,507,377,500,509,508,393,512,0,500
40590,508,507,377,500,515,507,377,500,509,508,393,512,0,500
40600,509,506,375,500,514,506,375,500,510,507,392,512,0,500
40610,509,506,375,500,514,506,375,500,510,507,392,512,0,500
40620,508,506,379,500,515,506,379,500,509,507,395,512,0,500
40630,508,506,379,500,515,506,379,500,509,507,395,512,0,500
40640,507,510,381,500,516,510,381,500,508,511,397,512,0,500
40650,507,510,381,500,516,510,381,500,508,511,397,512,0,500
40660,509,506,381,500,514,506,381,500,510,507,397,512,0,500
40670,509,506,381,500,514,506,381,500,510,507,397,512,0,500
40680,515,500,384,500,508,500,384,500,514,502,399,512,0,500
40690,515,500,384,500,508,500,384,500,514,502,399,512,0,500
40700,516,501,388,500,507,501,388,500,515,503,403,512,0,500
40710,516,501,388,500,507,501,388,500,515,503,403,512,0,500
40720,515,497,383,500,508,497,383,500,514,499,399,512,0,500
40730,515,497,383,500,508,497,383,500,514,499,399,512,0,500
40740,518,497,376,500,505,497,376,500,517,499,392,512,0,500
40750,518,497,376,500,505,497,376,500,517,499,392,512,0,500
40760,522,486,378,500,501,486,378,500,520,490,394,512,0,500
40770,522,486,378,500,501,486,378,500,520,490,394,512,0,500
40780,519,488,385,500,504,488,385,500,518,491,400,512,0,500
40790,519,488,385,500,504,488,385,500,518,491,400,512,0,500
40800,511,494,390,500,512,494,390,500,512,497,405,512,0,500
40810,511,494,390,500,512,494,390,500,512,497,405,512,0,500
40820,514,494,385,500,509,494,385,500,513,497,400,512,0,500
40830,514,494,385,500,509,494,385,500,513,497,400,512,0,500
40840,518,490,381,500,505,490,381,500,517,493,397,512,0,500
40850,518,490,381,500,505,490,381,500,517,493,397,512,0,500
40860,525,488,379,500,498,488,379,500,523,491,395,512,0,500
40870,525,488,379,500,498,488,379,500,523,491,395,512,0,500
40880,520,494,381,500,503,494,381,500,519,497,397,512,0,500
40890,520,494,381,500,503,494,381,500,519,497,397,512,0,500
40900,517,495,379,500,506,495,379,500,516,497,395,512,0,500
40910,517,495,379,500,506,495,379,500,516,497,395,512,0,500
40920,518,490,386,500,505,490,386,500,517,493,401,512,0,500
40930,518,490,386,500,505,490,386,500,517,493,401,512,0,500
40940,520,491,396,500,503,491,396,500,519,494,410,512,0,500
40950,520,491,396,500,503,491,396,500,519,494,410,512,0,500
40960,523,491,393,500,500,491,393,500,521,494,407,512,0,500
40970,523,491,393,500,500,491,393,500,521,494,407,512,0,500
40980,522,494,378,500,501,494,378,500,520,497,394,512,0,500
40990,522,494,378,500,501,494,378,500,520,497,394,512,0,500
41000,516,496,373,500,507,496,373,500,515,498,390,512,0,500
41010,516,496,373,500,507,496,373,500,515,498,390,512,0,500
41020,512,499,386,500,511,499,386,500,512,501,401,512,0,500
41030,512,499,386,500,511,499,386,500,512,501,401,512,0,500
41040,521,494,394,500,502,494,394,500,519,497,408,512,0,500
41050,521,494,394,500,502,494,394,500,519,497,408,512,0,500
41060,532,485,386,500,491,485,386,500,529,489,401,512,0,500
41070,532,485,386,500,491,485,386,500,529,489,401,512,0,500
41080,529,492,377,500,494,492,377,500,527,495,393,512,0,500
41090,529,492,377,500,494,492,377,500,527,495,393,512,0,500
41100,524,504,377,500,499,504,377,500,522,505,393,512,0,500
41110,524,504,377,500,499,504,377,500,522,505,393,512,0,500
41120,523,508,386,500,500,508,386,500,521,509,401,512,0,500
41130,523,508,386,500,500,508,386,500,521,509,401,512,0,500
41140,514,498,388,500,509,498,388,500,513,500,403,512,0,500
41150,514,498,388,500,509,498,388,500,513,500,403,512,0,500
41160,513,497,386,500,510,497,386,500,512,499,401,512,0,500
41170,513,497,386,500,510,497,386,500,512,499,401,512,0,500
41180,519,502,387,500,504,502,387,500,518,504,402,512,0,500
41190,519,502,387,500,504,502,387,500,518,504,402,512,0,500
41200,524,503,384,500,499,503,384,500,522,505,399,512,0,500
41210,524,503,384,500,499,503,384,500,522,505,399,512,0,500
41220,521,495,377,500,502,495,377,500,519,497,393,512,0,500
41230,521,495,377,500,502,495,377,500,519,497,393,512,0,500
41240,517,497,385,500,506,497,385,500,516,499,400,512,0,500
41250,517,497,385,500,506,497,385,500,516,499,400,512,0,500
41260,520,498,392,500,503,498,392,500,519,500,407,512,0,500
41270,520,498,392,500,503,498,392,500,519,500,407,512,0,500
41280,528,499,390,500,495,499,390,500,526,501,405,512,0,500
41290,528,499,390,500,495,499,390,500,526,501,405,512,0,500
41300,529,504,380,500,494,504,380,500,527,505,396,512,0,500
41310,529,504,380,500,494,504,380,500,527,505,396,512,0,500
41320,528,499,371,500,495,499,371,500,526,501,388,512,0,500
41330,528,499,371,500,495,499,371,500,526,501,388,512,0,500
41340,520,499,381,500,503,499,381,500,519,501,397,512,0,500
41350,520,499,381,500,503,499,381,500,519,501,397,512,0,500
41360,522,500,395,500,501,500,395,500,520,502,409,512,0,500
41370,522,500,395,500,501,500,395,500,520,502,409,512,0,500
41380,524,500,394,500,499,500,394,500,522,502,408,512,0,500
41390,524,500,394,500,499,500,394,500,522,502,408,512,0,500
41400,525,500,378,500,498,500,378,500,523,502,394,512,0,500
41410,525,500,378,500,498,500,378,500,523,502,394,512,0,500
41420,517,501,378,500,506,501,378,500,516,503,394,512,0,500
41430,517,501,378,500,506,501,378,500,516,503,394,512,0,500
41440,517,502,388,500,506,502,388,500,516,504,403,512,0,500
41450,517,502,388,500,506,502,388,500,516,504,403,512,0,500
41460,522,502,392,500,501,502,392,500,520,504,407,512,0,500
41470,522,502,392,500,501,502,392,500,520,504,407,512,0,500
41480,525,503,386,500,498,503,386,500,523,505,401,512,0,500
41490,525,503,386,500,498,503,386,500,523,505,401,512,0,500
41500,523,501,373,500,500,501,373,500,521,503,390,512,0,500
41510,523,501,373,500,500,501,373,500,521,503,390,512,0,500
41520,522,501,375,500,501,501,375,500,520,503,392,512,0,500
41530,522,501,375,500,501,501,375,500,520,503,392,512,0,500
41540,522,503,383,500,501,503,383,500,520,505,399,512,0,500
41550,522,503,383,500,501,503,383,500,520,505,399,512,0,500
41560,526,503,381,500,497,503,381,500,524,505,397,512,0,500
41570,526,503,381,500,497,503,381,500,524,505,397,512,0,500
41580,524,503,375,500,499,503,375,500,522,505,392,512,0,500
41590,524,503,375,500,499,503,375,500,522,505,392,512,0,500
41600,522,501,377,500,501,501,377,500,520,503,393,512,0,500
41610,522,501,377,500,501,501,377,500,520,503,393,512,0,500
41620,524,501,383,500,499,501,383,500,522,503,399,512,0,500
41630,524,501,383,500,499,501,383,500,522,503,399,512,0,500
41640,526,500,384,500,497,500,384,500,524,502,399,512,0,500
41650,526,500,384,500,497,500,384,500,524,502,399,512,0,500
41660,524,501,380,500,499,501,380,500,522,503,396,512,0,500
41670,524,501,380,500,499,501,380,500,522,503,396,512,0,500
41680,519,503,379,500,504,503,379,500,518,505,395,512,0,500
41690,519,503,379,500,504,503,379,500,518,505,395,512,0,500
41700,521,504,385,500,502,504,385,500,519,505,400,512,0,500
41710,521,504,385,500,502,504,385,500,519,505,400,512,0,500
41720,524,501,388,500,499,501,388,500,522,503,403,512,0,500
41730,524,501,388,500,499,501,388,500,522,503,403,512,0,500
41740,525,501,384,500,498,501,384,500,523,503,399,512,0,500
41750,525,501,384,500,498,501,384,500,523,503,399,512,0,500
41760,523,502,382,500,500,502,382,500,521,504,398,512,0,500
41770,523,502,382,500,500,502,382,500,521,504,398,512,0,500
41780,523,503,384,500,500,503,384,500,521,505,399,512,0,500
41790,523,503,384,500,500,503,384,500,521,505,399,512,0,500
41800,524,504,386,500,499,504,386,500,522,505,401,512,0,500
41810,524,504,386,500,499,504,386,500,522,505,401,512,0,500
41820,525,500,381,500,498,500,381,500,523,502,397,512,0,500
41830,525,500,381,500,498,500,381,500,523,502,397,512,0,500
41840,524,498,378,500,499,498,378,500,522,500,394,512,0,500
41850,524,498,378,500,499,498,378,500,522,500,394,512,0,500
41860,526,500,383,500,497,500,383,500,524,502,399,512,0,500
41870,526,500,383,500,497,500,383,500,524,502,399,512,0,500
41880,525,502,386,500,498,502,386,500,523,504,401,512,0,500
41890,525,502,386,500,498,502,386,500,523,504,401,512,0,500
41900,525,502,383,500,498,502,383,500,523,504,399,512,0,500
41910,525,502,383,500,498,502,383,500,523,504,399,512,0,500
41920,526,502,381,500,497,502,381,500,524,504,397,512,0,500
41930,526,502,381,500,497,502,381,500,524,504,397,512,0,500
41940,527,500,381,500,496,500,381,500,525,502,397,512,0,500
41950,527,500,381,500,496,500,381,500,525,502,397,512,0,500
41960,526,501,384,500,497,501,384,500,524,503,399,512,0,500
41970,526,501,384,500,497,501,384,500,524,503,399,512,0,500
41980,526,501,385,500,497,501,385,500,524,503,400,512,0,500
41990,526,501,385,500,497,501,385,500,524,503,400,512,0,500
42000,527,500,384,500,496,500,384,500,525,502,399,512,0,500
42010,527,500,384,500,496,500,384,500,525,502,399,512,0,500
42020,528,500,383,500,495,500,383,500,526,502,399,512,0,500
42030,528,500,383,500,495,500,383,500,526,502,399,512,0,500
42040,527,501,385,500,496,501,385,500,525,503,400,512,0,500
42050,527,501,385,500,496,501,385,500,525,503,400,512,0,500
42060,527,502,386,500,496,502,386,500,525,504,401,512,0,500
42070,527,502,386,500,496,502,386,500,525,504,401,512,0,500
42080,526,501,387,500,497,501,387,500,524,503,402,512,0,500
42090,526,501,387,500,497,501,387,500,524,503,402,512,0,500
42100,526,499,381,500,497,499,381,500,524,501,397,512,0,500
42110,526,499,381,500,497,499,381,500,524,501,397,512,0,500
42120,528,499,379,500,495,499,379,500,526,501,395,512,0,500
42130,528,499,379,500,495,499,379,500,526,501,395,512,0,500
42140,528,501,384,500,495,501,384,500,526,503,399,512,0,500
42150,528,501,384,500,495,501,384,500,526,503,399,512,0,500
42160,526,502,385,500,497,502,385,500,524,504,400,512,0,500
42170,526,502,385,500,497,502,385,500,524,504,400,512,0,500
42180,525,503,386,500,498,503,386,500,523,505,401,512,0,500
42190,525,503,386,500,498,503,386,500,523,505,401,512,0,500
42200,526,500,385,500,497,500,385,500,524,502,400,512,0,500
42210,526,500,385,500,497,500,385,500,524,502,400,512,0,500
42220,526,500,382,500,497,500,382,500,524,502,398,512,0,500
42230,526,500,382,500,497,500,382,500,524,502,398,512,0,500
42240,527,501,384,500,496,501,384,500,525,503,399,512,0,500
42250,527,501,384,500,496,501,384,500,525,503,399,512,0,500
42260,528,500,384,500,495,500,384,500,526,502,399,512,0,500
42270,528,500,384,500,495,500,384,500,526,502,399,512,0,500
42280,527,499,382,500,496,499,382,500,525,501,398,512,0,500
42290,527,499,382,500,496,499,382,500,525,501,398,512,0,500
42300,527,498,379,500,496,498,379,500,525,500,395,512,0,500
42310,527,498,379,500,496,498,379,500,525,500,395,512,0,500
42320,527,499,382,500,496,499,382,500,525,501,398,512,0,500
42330,527,499,382,500,496,499,382,500,525,501,398,512,0,500
42340,527,499,387,500,496,499,387,500,525,501,402,512,0,500
42350,527,499,387,500,496,499,387,500,525,501,402,512,0,500
42360,528,501,385,500,495,501,385,500,526,503,400,512,0,500
42370,528,501,385,500,495,501,385,500,526,503,400,512,0,500
42380,527,501,384,500,496,501,384,500,525,503,399,512,0,500
42390,527,501,384,500,496,501,384,500,525,503,399,512,0,500
42400,528,497,378,500,495,497,378,500,526,499,394,512,0,500
42410,528,497,378,500,495,497,378,500,526,499,394,512,0,500
42420,528,499,382,500,495,499,382,500,526,501,398,512,0,500
42430,528,499,382,500,495,499,382,500,526,501,398,512,0,500
42440,527,500,387,500,496,500,387,500,525,502,402,512,0,500
42450,527,500,387,500,496,500,387,500,525,502,402,512,0,500
42460,528,501,385,500,495,501,385,500,526,503,400,512,0,500
42470,528,501,385,500,495,501,385,500,526,503,400,512,0,500
